cluster_id,cluster_probability,title,group,voted_up,playtime_at_review_hours,detected_language,analysis_text
0,0.06544097130329016,In Stars And Time,core,True,25.883333333333333,en,"must try,must try,must try,must try,must try,must try,must try,must try,must try,must try,must try,must try,must try,must try,must try,must try,must try,"
0,0.06544097130329016,Ikenfell,core,True,9.4,en,"[h1] Ikenfell [/h1] ⭐️⭐️⭐️⭐️ === ( 🎯 Difficulty ) === ☐ No Difficulty ☐ Easy ☑ Standard ☐ Big Learning Curve ☑ Hard (The optional bosses are pretty difficult) ☐ Impossible === ( 👪 Audience ) === ☑ Everyone ☐ Kids ☐ Teens ☐ Adults ☐ Mature === ( 👀 Graphics ) === ☐ What Is This? ☐ Bad ☑ Acceptable ☐ Good ☐ Great ☐ Stylistic ☐ Beautiful ☐ Masterpiece === ( Sound/Music ) === ☐ Bad ☐ Nothing Special ☑ Okay ☐ Great ☐ Beautiful ☐ I´m Gonna Cry === ( 🌏 Story ) === ☐ This Game Has No Story ☐ Nothing Special ☑ It´s Alright ☐ Well Written ☐ Epic Story ☐ Thinking About It, When I Sleep === ( Grinding ) === ☐ Nothing To Grind ☑ Isn't Necessary To Progress ☐ Average Grind Level ☐ A Lot Of Grinding ☐ You‘ll Need A Second Life For Grinding === ( 💎 Price ) === ☐ Free ☐ Underpriced ☑ Perfect Price ☐ Could Be Cheaper ☐ Overpriced === ( ☣ Requirments ) === ☑ A Toaster Could Run This ☐ Low ☐ Average ☐ Above Average ☐ High End ☐ NASA Computer === ( ⏰ Game time/length ) === ☐ Really short ( 0 - 4 hours) ☐ Short ( 4 - 12 hours) ☑ Average ( 12 - 24 hours) ☐ Long ( 24+ hours) ☐ Multiplayer/Neverending === ( 🐞 Bugs ) === ☐ Game itself is a bug ☐ Lot of bugs ☐ Few Bugs ☑ Nothing === ( Controller Support ) === ☑ Yes ☐ no === ( Enjoyment ) === ☐ I´d Rather Watch Grass Grow ☐ Hard To Enjoy ☑ Repetitive ☐ It's Okay ☑ Fun To Be Had For Sure ☐ The Kind Of Fun You Will Remember ☐ Life Changing === ( Replayability ) === ☑ One-Time Experience ☐ Only For Achievements ☐ If You Wait A Few Months/Years ☐ Definitely ☐ Infinitely Replayable/Multiplayer === ( Worth Playing ) === ☐ No ☐ Wait For A Sale ☑ Yes ☐ I Can´t Recommend It Enough TOP FUN THINGS TO DO: ⭐️ Petting kitties! ⭐️ Battling creative enemies. THE UNIQUES: 💎 Battles are tactical. 💎 A magical school. 💎 Just..... being gay! PLAYER GAMING REQUIREMENTS: 💼 RPG. 💼 Fantasy. 💼 LGBTQ+ PROS: + It's optional to auto win any battle. + Inactive party members also get exp. + Challenging boss fights. + In-depth attack moves. + Petting a cat will save your game! *prrrrr* CONS: - Unable to see Enemies hp without selecting it. - No restart battle option. - Long boss battle fights. VERDICT: We've stumbled onto a hidden gem guys! It has everything an turn-based game should have, minus the cons I threw in, which can easily be overlooked from how in-depth the attack moves each character has, some battle scenes are pretty darn long, having a checkpoint helps but even with the help of that, can still feel long. With that said, if you're still struggling with these bosses and just want to be done with the battle, there is a choice to auto win, which is deemed as cheating but if you want to enjoy the story then I see no shame in using this option. The characters are all likeable and fit in so well with the plot, this can be a make or break moment but with the creative battle scenes to back up the characters, I can't find a single negative point with any of the main characters. I do need to point out that there's sensitive scenes which some players do not wish to see, it's nothing NSFW but if you're against LGBTQ+ I wouldn't recommend playing this. If you've got the spare cash, I'd pick this game up without a second thought, it's the perfect turn-based game and very easy to pick up where you've left off. I'm surprised Ikenfell hasn't received more recognition but some games get over shadowed by other games. Total Score = 78/100. GAMEPLAY: The tactical combat system involves players battling on an isometric grid, but also includes timing-based elements akin to the Paper Mario series. In the story, the player initially controls Maritte Hildegaard, a non-magical teenage girl who journeys to the titular magical school Ikenfell, in an attempt to investigate the disappearance of her witch sister Safina. While trying to enter the school, she suddenly gains magical powers, concurring with mysterious changes in magic that some link to the mysterious Dark Fold. SIMILAR GAME LIKE THIS? / REVIEWER PREVIOUS EXPERIENCE: Undertale, Cassette Beasts ■■■■■■■□□□ 7 / 10 I feel a little gay right now. RECOMMEDED SPECS It'll run on anything."
0,0.06544097130329016,Long Gone Days,core,True,16.483333333333334,en,"A pretty cool way to rate a game that I found: ---{ Graphics }--- ☐You forget what reality is [X]Beautiful ☐Good ☐Decent ☐Bad ☐Don‘t look too long at it ☐MS-DOS ---{ Gameplay }--- ☐Very good ☐Good [X]It's just gameplay ☐Mehh ☐Watch paint dry instead ☐Just don't ---{ Audio }--- ☐Eargasm ☐Very good [X]Good ☐Not too bad ☐Bad ☐I'm now deaf ---{ Audience }--- ☐Kids [X]Teens [X]Adults ☐Grandma ---{ PC Requirements }--- ☐Check if you can run paint ☐Potato [X]Decent ☐Fast ☐Rich boi ☐Ask NASA if they have a spare computer ---{ Difficulty }--- ☐Just press 'W' [X]Easy ☐Easy to learn / Hard to master ☐Significant brain usage ☐Difficult ☐Dark Souls ---{ Grind }--- ☐Nothing to grind ☐Only if u care about leaderboards/ranks [X]Isn't necessary to progress ☐Average grind level ☐Too much grind ☐You'll need a second life for grinding ---{ Story }--- ☐No Story ☐Some lore ☐Average ☐Good [X]Lovely ☐It'll replace your life ---{ Game Time }--- ☐Long enough for a cup of coffee ☐Short [X]Average [X]Long ☐To infinity and beyond ---{ Price }--- ☐It's free! ☐Worth the price [X]If it's on sale ☐If u have some spare money left ☐Not recommended ☐You could also just burn your money ---{ Bugs }--- ☐Never heard of [X]Minor bugs ☐Can get annoying ☐ARK: Survival Evolved ☐The game itself is a big terrarium for bugs ---{ ? / 10 }--- ☐ 1 ☐ 2 ☐ 3 ☐ 4 ☐ 5 ☐ 6 [X] 7(.5) ☐ 8 ☐ 9 ☐ 10 Other feedback: Game is lovely, the difficulty curve might be cruel sometimes and too easy at others, Quests can be frustrating since you have to load save file if you continued to the next area by accident, Story is amazing, would recommend.. as said probably on a discount"
0,0.06544097130329016,OneShot,positioning,True,8.033333333333333,en,---{ Graphics }--- ☐ You forget what reality is ☐ Beautiful ☑ Good ☐ Decent ☐ Bad ☐ Don't look too long at it ☐ MS-DOS ---{ Gameplay }--- ☐ Very good ☑ Good ☐ It's just gameplay ☐ Mehh ☐ Watch paint dry instead ☐ Just don't ---{ Audio }--- ☐ Eargasm ☑ Very good ☐ Good ☐ Not too bad ☐ Bad ☐ I'm now deaf ---{ Audience }--- ☑ Kids ☑ Teens ☑ Adults ☑ Grandma ---{ PC Requirements }--- ☐ Check if you can run paint ☑ Potato ☐ Decent ☐ Fast ☐ Rich boi ☐ Ask NASA if they have a spare computer ---{ Difficulty }--- ☐ Just press 'W' ☑ Easy ☐ Easy to learn / Hard to master ☐ Significant brain usage ☐ Difficult ☐ Dark Souls ---{ Grind }--- ☑ Nothing to grind ☐ Only if u care about leaderboards/ranks ☐ Isn't necessary to progress ☐ Average grind level ☐ Too much grind ☐ You'll need a second life for grinding ---{ Story }--- ☐ No Story ☐ Some lore ☐ Average ☐ Good ☑ Lovely ☐ It'll replace your life ---{ Game Time }--- ☐ Long enough for a cup of coffee ☐ Short ☑ Average ☐ Long ☐ To infinity and beyond ---{ Price }--- ☐ It's free! ☑ Worth the price ☐ If it's on sale ☐ If u have some spare money left ☐ Not recommended ☐ You could also just burn your money ---{ Bugs }--- ☑ Never heard of ☐ Minor bugs ☐ Can get annoying ☐ ARK: Survival Evolved ☐ The game itself is a big terrarium for bugs ---{ ? / 10 }--- ☐ 1 ☐ 2 ☐ 3 ☐ 4 ☐ 5 ☐ 6 ☐ 7 ☑ 8 ☐ 9 ☐ 10
0,0.06544097130329016,Finding Paradise,positioning,True,3.966666666666667,en,"Short review: (++) wonderful story (+) memorable characters (+) the last song is incredibly emotional (-) you can only experience this story once (-) made me depressed Long review: ---{ Graphics }--- ☐ You forget what reality is ☐ Beautiful ☑ Good ☐ Decent ☐ Bad ☐ Don‘t look too long at it ☐ MS-DOS ---{ Gameplay }--- ☐ Very good ☐ Good ☑ It's just gameplay ☐ Mehh ☐ Watch paint dry instead ☐ Just don't ---{ Audio }--- ☐ Eargasm ☑ Very good ☐ Good ☐ Not too bad ☐ Bad ☐ I'm now deaf ---{ Audience }--- ☐ Kids ☑ Teens ☑ Adults ☑ Grandma ---{ PC Requirements }--- ☐ Check if you can run paint ☑ Potato ☐ Decent ☐ Fast ☐ Rich boi ☐ Ask NASA if they have a spare computer ---{ Game Size }--- ☐ Floppy Disk ☑ Old Fashioned ☐ Workable ☐ Big ☐ Will eat 10% of your 1TB hard drive ☐ You will want an entire hard drive to hold it ☐ You will need to invest in a black hole to hold all the data ---{ Difficulty }--- ☑ Just press 'W' ☐ Easy ☐ Easy to learn / Hard to master ☐ Significant brain usage ☐ Difficult ☐ Dark Souls ---{ Grind }--- ☑ Nothing to grind ☐ Only if u care about leaderboards/ranks ☐ Isn't necessary to progress ☐ Average grind level ☐ Too much grind ☐ You'll need a second life for grinding ---{ Story }--- ☐ No Story ☐ Some lore ☐ Average ☐ Good ☐ Lovely ☑ It'll replace your life ---{ Game Time }--- ☐ Long enough for a cup of coffee ☑ Short ☐ Average ☐ Long ☐ To infinity and beyond ---{ Price }--- ☐ It's free! ☑ Worth the price ☐ If it's on sale ☐ If u have some spare money left ☐ Not recommended ☐ You could also just burn your money ---{ Bugs }--- ☑ Never heard of ☐ Minor bugs ☐ Can get annoying ☐ ARK: Survival Evolved ☐ The game itself is a big terrarium for bugs ---{ ? / 10 }--- ☐ 1 ☐ 2 ☐ 3 ☐ 4 ☐ 5 ☐ 6 ☐ 7 ☐ 8 ☑ 9 ☐ 10 Additional Notes: This game may have the best and most emotional story I have ever experienced. It harbors unique and memorable characters each with their own distinct personalities, including the side characters. The last song that is played is incredibly emotional and makes you feel like you have had an emotional heart attack. The only negative is that I can never experience the story again (+ I am bit sad now)."
0,0.06544097130329016,Impostor Factory,positioning,True,3.283333333333333,en,---{Graphics}--- ☐ Masterpiece ☐ Beautiful ☑ Good ☐ Decent ☐ Will do ☐ Bad ☐ Awful ☐ Paint.exe ---{Gameplay}--- ☐ Try not to get addicted ☐ Very good ☑ Good ☐ Nothing special ☐ Ehh ☐ Bad ☐ Just don't ---{Audio}--- ☐ Eargasm ☐ Very good ☐ Good ☑ Decent ☐ Not too bad ☐ Bad ☐ Ear rape ---{Audience}--- ☐ Kids ☑ Teens ☑ Adults ☐ Everyone ---{PC Requirements}--- ☐ Check if you can run paint ☐ Potato ☑ Minimum ☐ Decent ☐ Fast ☐ Rich boi ☐ Ask NASA if they have a spare computer ---{Difficulity}--- ☑ Just press a bunch of buttons ☐ Easy ☐ Significant brain usage ☐ Easy to learn / Hard to master ☐ Not so easy ☐ Difficult ☐ Dark Souls ---{Grind}--- ☑ Nothing ☐ Only if u care about leaderboards/ranks ☐ Isn't necessary to progress ☐ A bit grindy sometimes ☐ Average grind level ☐ Too much grind ☐ Insanity ---{Story}--- ☐ Doesn't have any ☐ Something isn't nothing I guess ☐ Not great ☐ Average ☐ Good ☑ Lovely ☐ Will make u cry or smile alot ---{Game length}--- ☐ Really Short. ( 0 - 3 hours) ☑ Short. ( 2 - 8 hours) ☐ Medium. ( 8 - 16 hours) ☐ Long. ( 16+ hours) ☐ Endless. ---{Price}--- ☐ Just buy it ☐ Worth the price ☑ Wait for sale ☐ Maybe if u have some spare money left ☐ Not recommended ☐ Don't throw money into a trash can ---{Bugs}--- ☑ Never had any ☐ Minor bugs ☐ Few bugs ☐ Can get annoying ☐ Ruining the game ☐ The game itself is a big terrarium for bugs ---{Others}--- Multiplayer: ☐ Singleplayer: ☑ Final Score: 8/10
0,0.06544097130329016,Vampire Survivors,contrast,False,41.3,en,---{ Graphics }--- ☐ You forget what reality is ☐ Beautiful ☐ Good ☐ Decent ☐ Bad ☑ Don‘t look too long at it ☐ MS-DOS ---{ Gameplay }--- ☐ Flows like Water ☐ Good ☐ It's just gameplay ☑ Mehh ☐ Watch paint dry instead ☐ Just don't ---{ Audio }--- ☐ Eargasm ☐ Very good ☐ Good ☐ Not too bad ☑ Bad ☐ I'm now deaf ---{ Audience }--- ☐ Kids ☑ Teens ☑ Adults ☑ Grandma ---{ PC Requirements }--- ☐ Check if you can run paint ☐ Potato ☑ Decent ☐ Fast ☐ Rich boi ☐ Ask NASA if they have a spare computer ---{ Game Size }--- ☐ Floppy Disk ☑ Old Fashioned ☐ Managable ☐ Big ---{ Difficulty }--- ☐ Just press 'W' ☐ Easy ☑ Easy to learn / Hard to master ☐ Significant brain usage ☐ Difficult ---{ Grind }--- ☐ Nothing to grind ☐ Only if u care about leaderboards/ranks ☐ Isn't necessary to progress ☐ Average grind level ☑ This is your Job now ---{ Story }--- ☐ No Story ☐ Some lore ☑ Average ☐ Good ☐ Lovely ☐ It'll replace your life ---{ Game Time }--- ☐ Long enough for a cup of coffee ☐ Short ☑ Average ☐ Long ☐ You can basicly start a new Life ---{ Price }--- ☐ It's free! ☐ Worth the price ☑ If it's on sale ☐ If u have some spare money left ☐ Not recommended ☐ You could also just burn your money ---{ Bugs }--- ☑ Never heard of ☐ Minor bugs ☐ Can get annoying ☐ The game itself is a big terrarium for bugs ---{ ? / 10 }--- ☐ 1 ☐ 2 ☐ 3 ☐ 4 ☑ 5 ☐ 6 ☐ 7 ☐ 8 ☐ 9 ☐ 10
0,0.06544097130329016,Into the Breach,contrast,True,96.96666666666667,en,---{Graphics}--- ☐ You forget what reality is ☐ Beautiful ☑ Good ☐ Decent ☐ Bad ☐ Don‘t look too long at it ☐ Paint.exe ---{Gameplay}--- ☑ Very good ☐ Good ☐ It‘s just gameplay ☐ Mehh ☐ Starring at walls is better ☐ Just don‘t ---{Audio}--- ☐ Eargasm ☐ Very good ☐ Good ☑ Not too bad ☐ Bad ☐ Earrape ---{Audience}--- ☐ Kids ☐ Teens ☑ Adults ☑ Human ☑ Lizards (with a brain) ---{PC Requirements}--- ☑ Check if you can run paint ☐ Potato ☐ Decent ☐ Fast ☐ Rich boiiiiii ☐ Ask NASA if they have a spare computer ---{Difficulity}--- ☐ Just press ‚A‘ ☐ Easy ☐ Significant brain usage ☑ Easy to learn / Hard to master ☐ Difficult ☐ Dark Souls ---{Grind}--- ☐ Nothing to grind ☐ Only if u care about leaderboards/ranks ☐ Isnt necessary to progress ☐ Average grind level ☑ Too much grind ☐ You‘ll need a second live for grinding ---{Story}--- ☑ Story? ☐ Text or Audio floating around ☐ Average ☐ Good ☐ Lovely ☐ It‘ll replace your life ---{Game Time}--- ☐ Long enough for a cup of coffee ☐ Short ☐ Average ☑ Long ☐ To infinity and beyond ---{Price}--- ☐ It’s free! ☑ Worth the price ☐ If u have some spare money left ☐ Not recommended ☐ You could also just burn your money ---{Bugs}--- ☑ Never heard of ☐ Minor bugs ☐ Can get annoying ☐ ARK: Survival Evolved ☐ The game itself is a big terrarium for bugs
0,0.06544097130329016,Into the Breach,contrast,True,16.3,en,"[b] Overall Rating :[/b] ★ 9/10 ★ [b]🎮 [u]Gameplay[/u] 🎮[/b] ✅ [b]A pure joy to play; hours fly by[/b] ☐ Very engaging and well-paced ☐ Decent ☐ Functional but lacks a hook ☐ Boring or tedious to finish [b]🛠️ [u]Mechanics[/u] 🛠️[/b] ✅ [b]Innovative and polished[/b] ☐ Tight and intuitive ☐ Standard; works well ☐ A bit clunky or over-complicated ☐ Broken or frustratingly designed [b]⚖️ [u]Difficulty[/u] ⚖️[/b] ☐ Very Easy ☐ Easy ☐ Balanced ✅ [b]Challenging[/b] ☐ Very Hard ☐ Brutal [b]🎨 [u]Visuals & Art Style[/u] 🎨 [/b] ☐ A visual masterpiece; stunning ✅ [b]Distinct and beautiful art direction[/b] ☐ Solid graphics; consistent style ☐ Average ☐ Poorly optimized or uninspired [b]📖 [u]Story & Writing[/u] 📖[/b] ☐ Unforgettable; emotional impact ☐ Deep lore and great characters ✅ [b]Serviceable; keeps you interested[/b] ☐ Minimal / Background only ☐ Lacks depth or a compelling hook [b]🎵 [u]Music & SFX[/u] 🎵[/b] ☐ Outstanding soundtrack; a must-listen ✅ [b]High quality; fits the atmosphere perfectly[/b] ☐ Good, but doesn't stand out ☐ Forgettable or repetitive ☐ Annoying or low-quality audio [b]☕ [u]Coziness[/u] ☕[/b] ☐ Maximum comfy (Perfect ""chill"" game) ☐ Relaxing and low-stress ✅ [b]Balanced; some tense moments ☐ Not a cozy game by design ☐ Stressful / Anxiety-inducing [b]⏳ [u]Lenght & Replayability[/u] ⏳ ☐ Endless hours of content ✅ [b]Great length with high replay value[/b] ☐ Good for a single, solid playthrough ☐ A bit short for the experience ☐ Finished too quickly / No reason to return [b]⚙️ [u]Performance & Bugs[/u] ⚙️[/b] ✅ [b]Flawless; no issues at all[/b] ☐ Very stable; minor hiccups only ☐ Optimization could be better ☐ Buggy; occasionally breaks immersion ☐ Game-breaking issues / Constant crashes [b]💰 [u]Worth the Price?[/u] 💰[/b] ✅ [b]Buy it now (Full Price)[/b] ☐ Definitely worth it on a small sale ☐ Wait for a deep discount ☐ Only if you really like the genre ☐ Don't buy (Refund territory)"
0,0.06544097130329016,Katana ZERO,contrast,True,9.316666666666666,en,---{ Graphics }--- ☐ You forget what reality is ☑ Beautiful ☐ Good ☐ Decent ☐ Bad ☐ Don‘t look too long at it ☐ MS-DOS ---{ Gameplay }--- ☑ Very good ☐ Good ☐ It's just gameplay ☐ Mehh ☐ Watch paint dry instead ☐ Just don't ---{ Audio }--- ☑ Eargasm ☐ Very good ☐ Good ☐ Not too bad ☐ Bad ☐ I'm now deaf ---{ Audience }--- ☐ Kids ☑ Teens ☑ Adults ☐ Grandma ---{ PC Requirements }--- ☐ Check if you can run paint ☑ Potato ☐ Decent ☐ Fast ☐ Rich boi ☐ Ask NASA if they have a spare computer ---{ Game Size }--- ☑ Floppy Disk ☐ Old Fashioned ☐ Workable ☐ Big ☐ Will eat 15% of your 1TB hard drive ☐ You will want an entire hard drive to hold it ☐ You will need to invest in a black hole to hold all the data ---{ Difficulty }--- ☐ Just press 'W' ☐ Easy ☐ Easy to learn / Hard to master ☑ Significant brain usage ☐ Difficult ☐ Dark Souls ---{ Grind }--- ☑ Nothing to grind ☐ Only if u care about leaderboards/ranks ☐ Isn't necessary to progress ☐ Average grind level ☐ Too much grind ☐ You'll need a second life for grinding ---{ Story }--- ☐ No Story ☐ Some lore ☐ Average ☐ Good ☐ Lovely ☑ It'll replace your life ---{ Game Time }--- ☐ Long enough for a cup of coffee ☑ Short ☐ Average ☐ Long ☐ To infinity and beyond ---{ Price }--- ☐ It's free! ☑ Worth the price ☐ If it's on sale ☐ If u have some spare money left ☐ Not recommended ☐ You could also just burn your money ---{ Bugs }--- ☑ Never heard of ☐ Minor bugs ☐ Can get annoying ☐ ARK: Survival Evolved ☐ The game itself is a big terrarium for bugs ---{ ? / 10 }--- ☐ 1 ☐ 2 ☐ 3 ☐ 4 ☐ 5 ☐ 6 ☐ 7 ☐ 8 ☐ 9 ☑ 10
1,1.0,ELDEN RING,benchmark,True,122.98333333333333,en,i am malenia blade of miquella and i have never known defeat i am malenia blade of miquella and i have never known defeat i am malenia blade of miquella and i have never known defeat
1,1.0,Katana ZERO,contrast,True,4.566666666666666,en,"Short, fun, and really hard at times- Katana Zero is a fun arcade like action game that I'm glad I took a chance on. Its narrative is also really good too. Luckily, there's going to be more of this game when its free DLC ""eventually"" comes out.... any day now."
1,1.0,Katana ZERO,contrast,True,1.65,en,if there are zero katanas why does he have one?
1,0.8476351845738346,Katana ZERO,contrast,False,4.566666666666666,en,"I have to admit that I bought this game solely because of the positive reviews, which was a mistake I learned afterward. In my opinion, Katana Zero is nothing more than a basic platformer with an simple and generic gameplay. It isn’t even difficult enough to offer a real challenge. If you have ever played a 2D combat platformer before (even if it was just an old Flash game) you won't find anything new here. As for the story, although it features one interesting plot twist for a video game, the writing feels like it was done by a 12-year-old who watched too many R-rated movies. I won't tell any spoilers but what can I say is that it mixes random elements together into a narrative that becomes overly complicated just for the sake of it, before ultimately falling back on cheap, unoriginal clichés just to escape its own messy plot. Yeah, nice try, but that is not good storytelling. The soundtrack is also completely forgettable for me personally, except perhaps for the one track during the ending. But even this track fails to support either the characters' emotions or what is actually happening during the gameplay. All in all, Katana Zero has nothing truly special that makes it stand out from other 2D platformers. If you are fine with that, you might have some fun and perhaps even be impressed by the single plot twist I mentioned. However, anyone else who, like me, was looking for something truly great will be disappointed. I cannot recommend it."
1,0.08336859236943034,Katana ZERO,contrast,False,1.7666666666666666,en,"Everything good that Hotline Miami does, this game does too, but worse (gameplay wise)"
1,0.08336859236943034,Katana ZERO,contrast,False,3.283333333333333,en,"This game straight up sucks and its style is straight up plagiarized from Hotline Miami which is a better game in every single way. Again, this game is garbage. The writing sucks, the combat sucks, and the level design sucks. The game is mechanically very easy and manufactures ""difficulty"" through trial and error one hit kill nonsense. It is almost more like a puzzle game than an action game. Additionally, the stealth sections are some of the worst designed gameplay I've ever experienced, on par with 15 minute long Flash games from the early 2000s. Overall, it's just awful, awful gameplay. Also, the music is exceedingly mediocre and everyone who praises it is just exposing themselves as rubes who only listen to generic pop music. Go listen to some real Electronica and then come back to this slop to realize just how derivative and simple it is. The game is 3 hours long with half of that being painfully paced, dreadfully pretentious, low quality slop writing that seems like it was written by a middle schooler and retails for $15. That would be a massive ripoff even if the game was good. The way the story sections are paced make it obvious that the dev knew the game was far too short and did what ever he could to pad out the run time. This game should be priced at $3 MSRP. With several million in sales and a whopping 98% ""Overwhelmingly Positive"" rating on Steam, this game is in the running for most overrated game of all time. Rating - 2/10"
2,1.0,Small Saga,core,True,12.5,en,"You buy it to play as a little rat and end up invading laboratories and facing off against weasels. The RPG elements are engaging without becoming grindy or pointless, the characters have dialogue that brightens up your journey together, and the main character has interiority that feels rewarding to unpack as more of the story progresses. And the art is a delight! Big props to the development team; I hope to see a small saga 2 one day."
2,1.0,Small Saga,core,True,7.083333333333333,en,"Fair warning: achievements are listed, but not implemented in the game. If you care about those, be warned. That being said, I truly think you should play this game. It has a well written story, supported by the gameplay in clever ways. I never struggled, Small Saga is not a hard game, but it doesn't need to be. Cool story, cool mechanics, what else can I say?"
2,1.0,Small Saga,core,False,9.05,en,"Small Saga was pretty mediocre. There are some pretty cute moments where I enjoyed the characters and how they reacted to the events unfolding. However, the overall story operates at so much of a breakneck pace that it makes character development incredibly jarring; characters will flip motivation on a dime just to railroad the main plot. In the span of ~6 hours, you [spoiler] help a child run away from home, start a prison break which leads to overthrowing an authoritarian town and installing a new leader, start a revolution against the monarchy, overthrow a slaver, and help a person reconcile their past[/spoiler]. The game honestly tries to do too much too fast, which makes transitioning between main story beats turbulent. This results in characters not realistically offering pushback on others or having instantaneous changes of heart. Simultaneously, new ideas and information on people’s past are constantly introduced, but never meaningfully utilized or elaborated on. Many of the main story conflicts are resolved off screen and are only barely mentioned being resolved in a few sentences. A few characters are particularly loathsome with cringy dialogue in the form of forced memes. There are also several references to memes that were topical at the time. Constant attempts at humor are made but they mostly fall flat. The story takes up the vast majority of the game with some light amount of boss combat near the climax of each plot point. The combat is extremely vapid to the point it feels like a fantasy story masquerading as an RPG. There aren’t any meaningful decisions to make in terms of building character skills or gear. In fact, the game has several skills that increase damage to different types of enemies that either appear in only 2 combats or only in one chapter. I never felt in danger during combat and it boiled down to spamming damage abilities with no thought. It is very dissonant to be a meek rodent trying to rise up against larger creatures while combat is never dangerous. The final boss of the game was doing attacks that did 2 damage to me. There is a lack of polish that hampers the storytelling experience. Many important story moments had no music or ambient sound that made reading the dialogue emotionally hollow. Nearly every cutscene in the game used fades to black to hide actions being performed, items being placed, etc. There are also many incredibly long walkways between story areas that don’t serve any purpose to gameplay or storytelling. They don’t build atmosphere and just pad playtime as you meander through empty halls in dead silence. Overall, I found Small Saga to be entertaining enough to want to see the game through. The game was gifted to me and I think if I had spent the $15 myself, I would be more disappointed. For that reason, I can’t really recommend this game to others for its price. The plot is too hasty and needs to take more time so that many of the introduced threads are not hand waved away."
3,1.0,Baldur's Gate 3,benchmark,True,752.4666666666667,en,"had sex with a vampire, a bear, a squid and two devils 10/10 would do it again"
3,1.0,Baldur's Gate 3,benchmark,True,248.66666666666666,en,Hot Vampire Daddy with underlying daddy issues what more could you want really
3,1.0,Vampire Survivors,contrast,False,0.08333333333333333,en,"Preface- I have played this game when I was hanging out with a friend using their account. Vampire survivors has two games you're playing. Your ""run"" or what looks like the gameplay actually just serves as a medium for the actual game which is progression. I tried playing the game for fun, the phycological trap didn't affect me and the current ""run"" aspect of the game is the most boring thing someone can subject themselves to. I wish this had mining crypto in the background or served some greater purpose, at least that would have some artistic merit to it. The many clones it inspired has done irreparable damage to the indie development scene. This is a genuine 0/10 experience designed to be as addicting as possible. AVOID."
3,1.0,Vampire Survivors,contrast,True,85.23333333333333,en,"Months of pure dopamine. Vampire Survivors is one of those games that somehow manages to be incredibly simple and ridiculously engaging at the same time. It’s fun, challenging, chaotic, and gives you that huge dopamine hit when everything comes together. Sometimes I played it while waiting for the bus. Sometimes I just had a 15-minute session when I needed a break. Other times I could disappear into it for hours, hunting for new weapons, upgrades, evolutions, and everything else the game throws at you. And the chaos on screen is genuinely beautiful. Watching the screen turn into an absolute storm of enemies, projectiles, effects, and damage numbers while your build keeps getting stronger never really gets old. I spent months with this game, and when that final achievement finally popped, I was honestly sad. I wasn't ready for it to be over. Now I'm just waiting for more content and another DLC, because I absolutely want an excuse to jump back in. And the fact that this incredible game came from one developer is honestly magical. What started as such a simple concept became one of the most satisfying games I've played. Highly recommended. I just wish I could experience that first playthrough again."
3,0.23901702131032565,To the Moon,positioning,True,4.366666666666666,en,"Pickled Olives, Platypuses, Aliens and Mind controlling slugs"
3,1.0,Vampire Survivors,contrast,False,34.38333333333333,en,"Vampire survivors is something I'll never go back to. It's got the hallmarks of a great roguelite, but oh my god... Just like Ball x Pit, this game has decisons. But such a small amount that they almost don't matter. The gameplay outside of decisions is fed you to you on a spoon. Dodge enemies, upgrade weapons, finish run, upgrade stats. But these don't make the game good, they make the gameplay feel pointless. But I think that's what alot of people... want...? They want a mindless game. You don't have to try super hard. You don't have to think about decisions if you don't want. You just make a build good enough that the rest of the run is a waiting simulator. But then why am I playing? Not to overcome some great challenge. Not to construct some masterpiece of a run. Not to create beautiful memories. Just something to do in the blank spaces of life. Its a dopamine farm At least it's cheaper than smoking."
3,1.0,Vampire Survivors,contrast,False,9.05,en,"I really wish I enjoyed [i]Vampire Survivors[/i]. My friends do, other games media people I follow do, and even the Steam community seems to be largely in consensus (truly a rare sight indeed) that it's a grand ol' time. But personally, its runs just involve too much time investment for too little payoff; watching hordes of enemies get mowed down amidst a sea of colourful damage numbers only held my interest for so long before I craved something more engaging to do. I know I'm an outlier here, and it's cheap enough that you don't have much to lose by giving it a shot; statistically speaking, it'll probably be your thing. Unfortunately, it decidedly isn't mine. Full review [url=https://olivigarden.ca/2026/08/03/vampire-survivors-review/]here[/url]"
4,1.0,OneShot,positioning,True,5.616666666666666,en,if a single person ever calls Niko a cat I will commit a war crime
4,1.0,OneShot,positioning,True,6.783333333333333,en,I never understood why everyone had Niko as their profile picture... Now I do
4,0.25539122159113953,Impostor Factory,positioning,True,3.2333333333333334,en,He really does not miss.
4,0.1312665439729541,In Stars And Time,core,True,28.166666666666668,en,"This game is special, in ways i can't describe. In the beginning i was thinking ""wow, this is the wokest game in world, i love it."" and if that doesn't appeal to you, that's on you. And it's still that, but my god is it so much more. This game is on par with oneshot for games that will never leave my soul, i feel guilty that i got it on sale."
4,0.1312665439729541,In Stars And Time,core,True,41.1,en,One of my favorite games up there with Oneshot.
4,0.1312665439729541,To the Moon,positioning,True,4.883333333333334,en,"To those who loved OneShot, this is another story-driven game. Of course, this game is much more tame compared to the puzzle aspect of OneShot. As the description suggests, you follow two scientists fulfilling a man's wish to go to the moon. You go through his old memories, and ones he's blocked off mysteriously. The game is composed of three acts, and each one develops the old man's past more and more. You'll be left with many questions, and not enough answers by the end of your playthrough. While I haven't played the other two games in the trilogy, this is a must-play for those who want to indulge in the indie scene. It had me crying at the end of the game, if it goes to show anything for it. I cannot describe it in words how I grew attached to the characters so easily. To the Moon, my friends."
4,0.7040008292397237,OneShot,positioning,False,3.6166666666666667,en,"[h2]A great puzzle game, but not a good story[/h2] [h3]I overall wouldn't recommend this game because I don't think it ties together as a ""story,"" based on these reasons:[/h3] - Most of the characters that are introduced are thrown in for puzzle progression rather than for any real world-building or companionship. Every character other than Niko does not have a fully-developed personality. By the end, they all sort of blend together, and I'm more concerned with solving the puzzle I'm working on than talking to the characters or interacting with the world, since the game doesn't really give me a reason to. - This game is far too short for my liking compared to other games in this genre. I completed it in just a few hours, even though I was taking my time with the puzzles and interacting with everything I could. There's just not a whole lot of content. As for the positives: - The puzzles were amazing. [spoiler]Especially the fourth-wall-breaking puzzles.[/spoiler] I would recommend this game if you're into puzzles and puzzles alone. Finding the solutions is VERY engaging. - I was invested in the world. It seemed like a living, breathing world. In the end, [spoiler]I chose Niko because I felt like there was literally no reason for me to choose the world that didn't make me try to care about it. Niko was the only character who was fully fleshed out.[/spoiler] - The music is pretty decent. It fit the vibe of every region, and no track felt out of place. [b]Given these points, I would recommend games like Undertale or OMORI to someone looking for a game with this kind of theme. If you're looking for a good puzzle game, though, this is definitely for you. The game succeeds as a puzzle game, but fails to deliver the compelling narrative and character development that I was looking for- and that I was constantly told about.[/b] SPOILERS: P.S. I completed the [spoiler]Solstice and normal endings[/spoiler], and I'm still left feeling unfulfilled."
4,0.7040008292397237,OneShot,positioning,False,12.05,en,"Let me be clear I don't think that this is a bad game. If there was a neutral option I would have picked it, I just have a little bit more negative than positive. First the positives. I like the character designs. Everyone really sticks out and the different kinds of creatures make the world feel unique. I think that the concept of not only having to solve puzzles that have a point and click adventure style, but also having to do things on your computer is a nice concept and it had a few puzzles that I thought were really cool and had a lot of fun playing with. Niko is a very cute and fun protagonist and I definitely grew to really like him over the time i spent playing the game. My problems though are as follows. I think that the character writing is overall weak other than Niko. We don't get enough time with each characters or have conversations enough about them to really get an idea of who they are, and it's really disappointing. you always feel like the characters are just in the world that you are passing through and you only ever interact with them because you need them to solve a puzzle. It's a dang shame, because I really like the designs of each of the characters, I just wish there was more substance there. I wish that there were more dialogue options when interacting with Niko to give you more of a relationship with him. As I said previously, I really like him as a character, but I wanted more things to talk to him about and maybe have him remember things you told him before and have reactions to things in the world based on that. You have a few moments like that around the end, but you don't get to really interact with him in depth more than the main plot demands, and even then you only get two options that don't cover a lot of ground. The Solstice route, which could have been upping the anti by a lot in some really interesting ways as well as fleshing out the characters more, ended up being the weakest part of the game. The puzzles were either things you have already seen or were things that were done in a way more impressive manner in earlier playthroughs, leading to an underwhelming feeling when doing them. The characters get a little bit more dialogue but end up just treading over the same ground that they already did in the fist route rather than adding to the characters in any meaningful ways. some of which don't even get names until the end of the game. Some of the new characters are okay, but ultimately they just take away time we could be connecting further with the already established characters just to add more characters that we spend even less time with. The overall tension in the story felt force and predictable, and the ending felt cheap like it made everything that happened before meaningless. it was very disappointing. Overall it is not a bad game and has real potential and cool game mechanics, it just feels like it always falls short of the mark and leaves me wanting more."
5,1.0,ELDEN RING,benchmark,True,489.98333333333335,en,"I ♥♥♥♥♥♥♥ love elden ring, Best game of my life and ever."
5,1.0,ELDEN RING,benchmark,True,166.08333333333334,en,"Praise the moon! Praise the message! ENG / CZ The Elden Ring, a game where you can have as much fun as you absolutely want. A game with so many options of build, from bullying enemies with baseball bat, to archmage where you bully them with one spell. A game so perfect that you can kill 200 hours and yet have so much fun, if it's too easy for you go play the new game +7 and prepare for your anus to be demolished more than many porn actresses. This game of course comes with beatiful graphics and absolutely magnificent sounds and soundtrack itself, if it's not enough, you can play The Shadow of Erdtree dlc where you get bullied for many and many hours. This is Elden Ring, a game where your role is the victim. Elden ring, hra kde se budeš bavit jak jen moc budeš chtít. Hra s tolika možnými Buildy, od šikanování protivníků s basebolkou po arcimága který bude oponenty týrat s jedním kouzlem. Hra tak perfektní kde můžeš zabít 200 hodin svého času a i tak tě to bude bavit dál, a jestli je to pro tebe jednoduché, zapni si new game +7 a připrav svůj konečník na větší demolici než většina porno hereček. Tato hra samozřejmě přichází s nádhernou grafikou a naprosto úžasnými zvuky či hudbou samotnou, jestli ti to nestačí, můžeš si stále zahrát The Shadow of Erdtree dlc, kde budeš šikanován na mnoha a mnoha dalších hodin. Toto je Elden Ring, hra ve které tvá role je být oběť. Try fingers, but hole. Praise the message!"
5,1.0,ELDEN RING,benchmark,False,2010.55,en,"A short review of Elden Ring (Shadow of the Erdtree DLC included) Pros: - Simple controls and good playability. - Music and sounds are generally great. - Quite enjoyable single player campaign. - Graphics are good in most areas. Some are rather ugly or even disgusting, but this might be expected from a horror RPG. Cons: - Outdated combat system copied from earlier games without much revision. Every major flaw that existed in game mechanics over 17 years ago are still present in Elden Ring. - Game consists mostly of combat with very little other RPG elements. This might not be a bad thing if the combat system was better. - Worst co-op game of all time. Very little options and PVP cannot be disabled. - No real reason to play this more than once. The world is always the same, and you can do everything that's worth doing with just one character."
5,1.0,ELDEN RING,benchmark,False,75.08333333333333,en,"I have played Elden Ring for 73 Hours over the last, 3 years or so. I really like the game, but it simply isn't for me. I have restarted the game on a new character three times now, and am constantly failing at the games leveling system. I play through, wreck havoc on bosses, and more, but eventually, I hit the mid-late game area's and I'm ♥♥♥♥♥♥. Not because the enemies are tough, which they are, but because I'm kinda under leveled. Throughout the game, you are given hundreds of really, really ♥♥♥♥♥♥♥ cool weaponry. And during this entire process, it feels like you are expected to pick one, and stick with it for the entire game. That isn't really how I like to play RPG's. I love my Claymore sure, but I want to try out other weapons on bosses, different builds, constantly. And this game makes it very hard to do that. I always end up with incredibly evenly spread out stats, because I wanted to try out a certain weapon effectively, and it blisters my supposed build. Bosses begin to take upwards of 20-30 minutes to kill. It, becomes a slog. So I put down the game that year. And I pick it up 8 months later to continue this cycle. Every time I play again, it feels fresh, my build, though ♥♥♥♥♥♥, feels somewhat fresh again. And then it dulls, and I drop it again. At this point, I'm just going to mod it. I love this game, but its progression isn't for me."
5,1.0,ELDEN RING,benchmark,False,184.58333333333334,en,"Elden Ring on PC does not natively support PlayStation button prompts, what a joke of a game"
6,1.0,In Stars And Time,core,True,49.766666666666666,en,Peak game Don't spoil yourself Just play it
6,1.0,In Stars And Time,core,True,37.05,en,highkey peak the ending could have been done better I wish there was a bit more lore but pretty peak game I love the charecters and the art style and the progression
6,1.0,Small Saga,core,True,9.833333333333334,en,Ts so PEAK 🙏 Please please PLEASE play this masterpiece of a game.
6,1.0,Small Saga,core,True,6.833333333333333,en,"Absolute peak. It's a short experience, no grinding necessary; amazing story, amazing music, amazing graphics. I wish I knew about this game sooner."
6,1.0,OneShot,positioning,True,8.716666666666667,en,this game was indubitably peak
6,1.0,OneShot,positioning,True,9.966666666666667,en,"game so peak, the final decision had me pondering for hours"
6,1.0,To the Moon,positioning,True,7.333333333333333,en,this is complete and utter PEAK no cap on god bro
6,1.0,Katana ZERO,contrast,True,3.966666666666667,en,"So incredibly peak. The story and gameplay is interlinked beautifly and the game is incredibly polished. Every moment when playing is super engaging from the story and dialouge, to the combat and aesthetic. Near perfeect game"
6,1.0,Into the Breach,contrast,True,18.35,en,It's like playing chess against Magnus Carlsen while down a queen and every move is a check. Peak Game
6,1.0,Katana ZERO,contrast,True,5.966666666666667,en,this game makes me want to rip my nails out but its peak
6,1.0,Balatro,contrast,True,192.53333333333333,en,Enough time has passed. It's peak
6,1.0,ELDEN RING,benchmark,True,7.366666666666666,en,"PEAKKKKKKKK, check out the lore. makes the game so much cooler and better. Peak bosses, lore and fights. Get seemless coop and play with friends for maximum funnn."
7,1.0,Ikenfell,core,True,15.016666666666667,en,"I found Ikenfell through its soundtrack, and the game went on sale shortly after. I'm glad that I pushed myself to buy the game. As someone who can get into turn-based tactics, I found the combat relaxing. and the scope of Ikenfell's plot was kept within reason to emphasize the care that they put into developing the characters throughout the story. :3 Ikenfell is exactly what I appreciate seeing when I'm lucky enough to come across it, and I would recommend this to someone else also looking for something a little laid back."
7,1.0,Ikenfell,core,True,22.816666666666666,en,"Ikenfell is a sweet little RPG I do like the game; the music is good, the story is nice. The gameplay left a bit to be desired, though. I found later-game activity to be rather frustrating and I ended up turning on easy mode; the two main grievances I have are routinely getting screwed over by the enemy party having too many turns in a row, and some actions, such as placing traps, not counting as a turn at all unless you do it. The last few sections of the game were so frustrating to me that they ended up souring the game in general a bit. I can't hold it against it too much, though: I'm not great at RPGs, and I don't like them much. Unfortunately many of the really good indie games seem to be RPGs. I'm not over the moon about this game but it's pretty good and probably worth your time, especially if you like this sort of game."
7,1.0,Ikenfell,core,False,0.25,en,"Ikenfell is one of literally thousands of 2D JRPG ripoffs infesting Steam, although at least this one was ""genuinely"" made instead of being asset flipped from the godawful RPG Maker construction kit. That doesn't mean, by a long shot, that this lazy, badly done console port is the kind of game any self respecting PC gamer would touch with a 10' pole. From a technical perspective, the game doesn't meet basic minimum requirements that most PC gamers expect as standard. A choice was made to use obsolete, decades old retro pixel ""art"" as a substitute for contemporary PC graphics. It's unclear if this is due to lack of budget or talent, regardless, the overall visual quality of the game is extremely low as a result. There's no options to change the resolution for the game or customise the graphics settings. There's no way for gamers to ensure this is running at the native resolution of their displays... there's no guarantee this game will look right on any PC as a result of this hamfisted design decision. There's no way for gamers to try improve the low quality graphics. PC gamers will be insulted by the presence of console peasant children's toy controller prompts, despite this being on PC. Developers should try to be aware which platform they're developing for. Because this is a console game, it carries a number of deliberate design deficiencies. Compromises were made to cater to the inferior console gaming appliances that the game was designed for. These are unfortunate compromises and limitations that PC gamers shouldn't be forced to accept, but it's evident that PC was a second thought for the console-centric developers. The game is deficient as a result of these choices, and would have been so much better without the handicaps that designing games for consoles forces upon a game. Once more, console peasants have made gaming worse for everyone. These technical defects push this game below acceptable standards for any modern PC game. Ikenfell has a truly insulting price of $20 USD, for which you could easily get any number of older AAA games (with 3D graphics instead of pixelcrap!), let alone the sheer number of free games available on Steam. Given the defects and quality issues with the game, coupled with the unrealistic price, and the questionable ethical nature of the developer and/or their associates (as outlined above), this is impossible to recommend."
7,0.8842135223045978,Ikenfell,core,False,22.366666666666667,en,"Ikenfell is by far the queerest game I have ever played. I do appreciate the representation, but it can be a bit much. Not that it's a detriment, but as the story progressed it got a bit silly. However, the writing was decent, mostly, and it didn't come across as pandering... just a bit hamfisted at times. The gameplay itself was solid. The battle system was inspired by megaman battle network... but it does get repetitive. Around the halfway point of the game you get the best character. And it just makes all battles battles of attrition over difficult. The hidden bosses just really show it too. Not difficult, just gets tedious. But, that brings to mind a different strength of the game... accessibility options. One of which I had no problem enabling... ""Instant win battles"" for these long annoying fights. So overall, I'd say it's a pass and instead you can read any of your favorite gay star wars fanfiction."
7,0.8644998928262246,Ikenfell,core,False,7.2,en,"Ikenfell has potential but squanders a lot of it through a lot of small issues that end up building into one massive frustration. The core gameplay of this game is similar to the Mario and Luigi RPG games from the Nintendo GBA and DS days. Its a turn based RPG that requires you to learn the impact point of moves so you can hit the action button at the right time to either muliply the damage you give or reduce damage taken. The system works competently enough in this game and isn't all that hard to get to grasp with. Even then there are accessibility options in the game that allow the player to automate these if they struggle with their reactions. In my opinion accessibility options are always worthy of praise. However battles feel like they take an age. Not that they are difficult or challenging but they all start to feel like they drag after a while. Maybe the designers were trying to go for the same sort of experience you get in the Persona games where even an encounter with even the simplest of enemies could expand into explosive clashes but it kind of just falls flat here. Unlike Persona this game lacks the masterful presentation those games have which make those long battles interesting to play and engaging to take part in. The snails pace of the battle also starts to bleed into other areas of the game after a while. The story is glacial at revealing further plot twists and developments. With no sub plots or side activities that support the main story I honestly started to physically feel the passing of time. Either the main plot needed more to happen, move at a much faster pace or be supplemented by other side stories to keep itself interesting. The final straw for myself came when I had to find several keys to enter a location. To do so you have to wander a small but very bland map in what I can only describe as a pixel hunt. Nothing is more infuriating than when I start to feel I am wasting time without fun in a video game. With that said I don't recommend Ikenfell but I do hope the developers do carry on with their work. I feel there is a good game almost ready to be made here and just falters in too many areas for it to be truly enjoyed. I'd like to imagine with some time they will be able to make more cohesive and engaging stories and gameplay."
8,1.0,Baldur's Gate 3,benchmark,True,73.4,en,"amazing game, the best souls-like I ever played"
8,1.0,Baldur's Gate 3,benchmark,True,136.46666666666667,en,This game nourishes my soul in way I wouldn't thought is possible.
8,1.0,ELDEN RING,benchmark,False,352.55,en,This ♥♥♥♥♥♥♥♥ company is a far cry from the one who made Dark Souls 3.
8,1.0,ELDEN RING,benchmark,True,400.6666666666667,en,You either like it or have played it too much and forget why you like it in the first place. Not to say it doesn't have issues but this is easily one of the best souls-likes in history.
8,1.0,ELDEN RING,benchmark,False,0.11666666666666667,en,"Worse than DS3, DS2, Sekiro Better than DS1 Never played Bloodborne or Demon's Souls (stupid game name btw)"
9,1.0,Small Saga,core,True,7.316666666666666,en,10 out of 100 i hope we git more DLC. or SS2
9,1.0,ELDEN RING,benchmark,True,191.58333333333334,en,My favourite singleplayer experience of all time if the DLC is included
9,1.0,ELDEN RING,benchmark,True,22.366666666666667,en,good but do NOT play the neighreign dlc
9,1.0,Vampire Survivors,contrast,True,114.51666666666667,en,Im still waiting (and buying dlc's) for poncle to finish updating so i can get all achievements for the 4th time
9,1.0,Vampire Survivors,contrast,True,115.25,en,"This game has no right to be this much fun! Get all the DLCs, you won't regret it."
9,1.0,Katana ZERO,contrast,True,13.766666666666667,en,It's been 7 years and still waiting for DLC...
9,1.0,Katana ZERO,contrast,True,24.25,en,one day the dlc will come out :D
9,1.0,Into the Breach,contrast,True,14.733333333333333,en,Great tactic Game! Please make DLC I am ready to buy!
9,1.0,Into the Breach,contrast,True,134.13333333333333,en,"Great ♥♥♥♥♥♥♥ game . The DLC is so much more difficult , but I am getting there ."
9,0.1566581377711171,Baldur's Gate 3,benchmark,True,16.916666666666668,en,You don't need specifics at this point. Its one of the goats.
9,0.15063789895079924,Ikenfell,core,True,19.316666666666666,en,kinda maybe sorta GOATED wit' the sauce.
9,0.14922139153131508,In Stars And Time,core,True,15.066666666666666,en,"Probably in my top 1% of things I like,"
9,0.16238709779951402,Vampire Survivors,contrast,False,10.433333333333334,en,"I dunno, I feel like there's too much Italy and not enough Castlevania, which is a very underrappresented country."
10,1.0,Meg's Monster,core,True,4.566666666666666,en,"beautiful pixel art, diabetes touching story, couldn’t put it down 👌👌👌"
10,1.0,Meg's Monster,core,True,3.9,en,"Beautiful heartwarming story, great pixel graphics and BGM, reminds me those simple gaming time."
10,1.0,In Stars And Time,core,True,74.28333333333333,en,"Great game, great story, good pixel art, i did fill a few frames of pixel art felt a bit off but a majority of it was very good."
10,1.0,In Stars And Time,core,True,91.21666666666667,en,"At the fist this game was not that fun for me until the act 2 and sometimes it was gettin' on ma nerves but JIZZ - now look at my play time . Literally I played this game 3 TIMES. seriously this is one of the best pixel art game with Contains all the emotions of Character well ""I Don't wanna say more because for spoil"
10,1.0,Small Saga,core,True,14.816666666666666,en,"Amazing pixel art, outstanding soundtrack, and a captivating story makes this turn-based rpg simply a joy to play. The game really gives strong vibes of many of the cRPGs of the 80s and early 90s. I think anyone that enjoys turn-based RPGs, pixel art, and the nostalgia of retro games will enjoy this game. I honestly hope they make a sequel one day to continue the adventures of Verm and his friends."
10,1.0,Small Saga,core,True,7.15,en,"Great Storytelling, simple gameplay, great pixelart. Overall, a great chill rpg to play on a weekend."
10,1.0,Ikenfell,core,True,32.38333333333333,en,"Adorable pixel art and animations. Great feeling captured in just a few pixels. Very LGBT+ friendly, with cute romance story bits between the save-the-world story and turn-based combat. Combat gets a bit samey-by the end, but changing your team helps provide interest. Plays great on Steam Deck."
10,1.0,Ikenfell,core,True,7.183333333333334,en,"pixel rpg. combat mechanics are unique, though not groundbreaking. good and wholesome story but a bit cliche. art is decent, especially the ending scenes. a lot of gay romance."
10,1.0,To the Moon,positioning,True,4.116666666666666,en,The best pixel art game I've ever played. Amazing story and emotional music enough to make me cry a little. 10/10 experience considering its simplicity and small budget.
10,1.0,Long Gone Days,core,True,0.5333333333333333,en,"How to describe this game？ Long Gone Days is a visual novel,shooting Pixel game. I like the story that conveys a Dystopia story The illustration is exquisite, and I like pixel art. It's a little difficult to control this character, maybe. (I have trouble in moving my character)"
10,1.0,Long Gone Days,core,True,12.916666666666666,en,"Long in the making, but enjoyable balance of immersive story, strong characters, and gorgeous pixel art."
10,1.0,Katana ZERO,contrast,True,4.316666666666666,en,4/5 Recommend. Great pixel art.
10,1.0,Ikenfell,core,False,0.26666666666666666,en,"What is it with the square inch pixel art in these games? Is everyone playing on 14"" EGA screens or something? I have a 4K 34"", I imagine I'm not the only one. At least make the text smaller and easier to read."
10,1.0,Long Gone Days,core,False,0.15,en,Cringe writing by an elementary school edgelord. Ugly top-down pixel art movement in contrast with a completely differently styled battles with no depth or strategy. The game requires manual saving without warning you when you live. I'm not reliving those 8 minutes again. No wonder this is part of a cheap bundle.
10,0.8757625640496939,Ikenfell,core,False,0.23333333333333334,en,"Please just make the main art that I keep seeing everything into pixel art. It's setting my expectations too high and doesn't give the fighting vibes of the game. The art isn't even Bad, I don't why you felt the need to deceive us and I believe you can be better. I felt the need to constantly run away from battles as they weren't enjoyable and I don't see the need in waiting till they might get fun."
11,1.0,Finding Paradise,positioning,True,4.683333333333334,en,"Great follow-up to To the Moon and another reminder that I really love these playable novel type games. What makes this one so fun is the mix of mystery and banter. I was always curious about what was really going on, what we were about to learn, and where the story was heading next. That kept me hooked the whole way through. At the same time, Dr. Watts and Dr. Rosalene make everything entertaining scene by scene, and Watts especially was a huge part of the fun for me with all his sarcasm, jokes, and random references. The low-friction interaction helps too, because the game stays focused on what it does best. The music and atmosphere were excellent! Now I’m really looking forward to Impostor Factory. I feel so lucky getting to play these all at once given these games originally came out years apart!"
11,1.0,Impostor Factory,positioning,True,5.2,en,"[b]Impostor Factory[/b] serves as the missing link that finally brings the SigCorp saga together. While initially presented as a standalone murder mystery, it slowly reveals itself as a deeply connected narrative that ties [i]To the Moon[/i], [i]Finding Paradise[/i], and the minisodes into a single, coherent whole. What begins as an intriguing game gradually transforms into one of Kan Gao's most confident and emotionally resonant stories. Narratively, Impostor Factory feels like a return to form. The main theme is just as approachable as [i]Finding Paradise[/i] while having the same finesse in storytelling as [i]To the Moon[/i], taking the best of both worlds. The central twist was genuinely unpredictable to me, yet completely logical in hindsight, which is a very difficult balance to strike. The game also manages to expand [spoiler]Neil[/spoiler] as a character: questions that lingered across previous entries are addressed, adding layers of depth that recontextualize his behavior throughout the series. Overall, Impostor Factory feels like the perfect conclusion to a theoretical trilogy. It respects the legacy of the previous games while standing on its own, delivering one of the strongest narrative experiences in the series. [h1]The Good[/h1] + Perfectly ties together [i]To the Moon[/i], [i]Finding Paradise[/i], and the minisodes + Adds significant depth to [spoiler]Neil[/spoiler] and answers long-standing questions about him + Feels like a natural and satisfying conclusion to the trilogy + Storytelling is top tier, easily the strongest aspect of the game + Soundtrack and ambience are once again flawless + Plot twist manages to be the central piece that ties everything together while still being surprising + Baited by Kan Gao by thinking this was just a ""murder mystery thriller featuring multiple casualties"", unrelated to the past games + Still using the greatest game engine of all time, RPG Maker, to its full potential + We can finally run!! [h1]The Bad[/h1] - None. Well played. (first game I review where I have zero complaints, quite an achievement!) [i]Is it wrong if all I really wanted to be is just another lavender?[/i] [h2]10 / 10 - IGN[/h2]"
11,1.0,Impostor Factory,positioning,True,3.7666666666666666,en,"Impostor Factory is significantly different to the first two To the Moon games, and it suffers for it. Unfortunately, I would consider this one to be the weakest of the series. To be clear, it is not a bad game, and it fits as an integral piece of the whole, but the level of captivation the other games manage in me is not quite achieved. I believe this is due to the change in protagonist, as Neil and Eva have next to no presence in the bulk of the story. They were what made the other games pop, with their funny, charming dialogue contrasting with the emotional weight of the others' stories, a sort of 'chiaroscuro' effect, if you will, that was incredible. As a part of the series, this is a must-play, but on its own, it has much to be desired. 6/10"
11,1.0,Vampire Survivors,contrast,True,15.416666666666666,en,The Factory must gr.....oh wait. This game just takes you out of time and space.
11,0.7843949904808827,Finding Paradise,positioning,True,4.6,en,"This is the second game in a trilogy that starts with To The Moon and ends with Impostor Factory. In my opinion, they should absolutely be played in order, so go play the first one if you haven't before even looking at this one. There's a lot of setup for the third game in this one, yet it still manages to tell a complete and satisfying story. This game also tells a much grander narrative than its predecessor, with higher quality writing. Definitely recommend it if you enjoyed the first one."
11,0.5913724320417169,To the Moon,positioning,True,8.416666666666666,en,"Over a decade later since I've seen this game for the first time and this is still one of my most favorite games of all time. Very emotional, very addicting, amazing and beautiful soundtrack, I think about this whole series constantly. If there are ever more games in the series, I WILL BE THERE!! In fact I've even played Impostor Factory twice. Love Love Love this game! Perfect for people who like emotional and story-driven games. Thank you, Freebird and Kan for creating this blessing of a series! <33333"
11,0.4142053885455233,Ikenfell,core,True,12.766666666666667,en,"[code][url=https://store.steampowered.com/curator/33025671-Missi-the-Achievement-Huntress/] Please see my curator page for more games that are well worth your time[/url][/code] [b]Approximate amount of time to 100%:[/b] ~10h with victory mode one, without it I would guess it is around 20h [b]Estimated achievement difficulty:[/b] 2/10 with Victory mode on, 6/10 without victory mode [b]Minimum number of playthroughs needed:[/b] 1 [b]Has it been in a bundle:[/b] Yes [b]Is there a good guide available:[/b] Yes, I used the following 3: [url=https://steamcommunity.com/app/854940/discussions/0/2967267880885433654/] Gem locations [/url], [url=https://steamcommunity.com/sharedfiles/filedetails/?id=2419607878] Hidden achievements guide [/url], [url=https://www.xboxachievements.com/game/ikenfell/achievement/208609-defeated-the-specters.html] Gwenora's locations [/url] [b]How many people have completed this game at the time I'm writing this review:[/b] 4 on Astats [b]Multiplayer achievements:[/b] No [b]Missable achievements:[/b] No [b]Grinding Achievements:[/b] No [b]DLC-Only achievements:[/b] No [b]Speedrun achievements:[/b] No [b]Time-gated achievements:[/b] No [b]RNG-achievements:[/b] No [b]Does difficulty affect achievements:[/b] No [b]Unobtainable/glitched achievements:[/b] No What a superb game! I really loved this puzzle RPG game. The storytelling starts off a bit cringy but gets better very soon into the game. You play as Maritta who is searching for her sister that didn't come home for the summer from Ikenfall, her magic school. Here you'll enter a world that is very unknown for Maritta, but the characters you meet will also feel on edge because there is something weird going on in the magic world. I love how every party member has their own story and characteristics, which plays a big part in the story. They are not generic party members at all. Another thing I love about this game is the accessibility of the battle system. The game has a turn-based tactics battle system with timing elements. You have the option to turn off the timing elements in the options menu in case you don't like that. You also have the option to turn on ""victory mode"" that way you get the option to win the battle as soon as it is the turn of one of your characters. I played with this mode on, which makes the game a whole lot easier, but I did it because I wasn't a fan of the battle system. There was nothing wrong with it but I just didn't like it and this way I had the option to play through this fantastic game without being annoyed with the battle system. The game has some great music. Some can be found on Spotify. During one cutscene there was playing an amazing song and I used ""Shazam"" on my phone to check which song it is and I was so happy to find the song on Spotify. ""Yearn To Bloom - Aeldra's theme"". Have been playing it while writing this review, I just love it, The game has no missable achievements, after finishing the last boss you can go back to your save just before the last boss. I would even suggest waiting with the final boss and first complete the sidequests. The ending is wonderful but long, and going through it a second time for a minor change at the ending might not be worth it. There are a lot of gems you have to find in the game, those are hidden. There is a great guide here on steam (linked above) which you can use while playing through the game. I did it afterward and only needed an hour to mop them up, which wasn't so bad, and that way you can play carefree through the game. It took me around 10h to complete the game with victory mode on."
11,1.0,Impostor Factory,positioning,False,3.1,en,"After two emotionally moving masterclasses in video game storytelling from this developer — ""To the Moon"" and ""Finding Paradise"" — I really wanted to love this third installment, but I think they may have bit off somewhat more than they could chew here. Impostor Factory wants to be this much darker, more cerebral plot, with mysterious murders and time loops, and then it dovetails into a much more linear version of the sort of story we've come to expect from Freebird Games, chronicling one person's life from start to finish, and then it tries to tie everything together with a very meta plot twist. But this means the tone of the story is all over the place. Sort of an aside, but there's also a plot thread that really gets under my skin, and it hampered my enjoyment of this game. [spoiler]There is a point where the timeline diverges in response to an important family-planning decision. In the ""bad"" timeline, the mother's life is prioritized over her child's, the child lives a very short and tortured life, and this leads to the family splitting apart forever after he dies. In the ""good"" timeline, the child's life is prioritized over his mother's, and he grows up to do great things and the family stays together, but his mother must now live out the rest of her days battling a terminal illness that would've been cured otherwise. It smacks of those arguments that anti-abortion activists use: ""no matter what you might be going through, or how much your own life might be put at risk from pregnancy, you should absolutely give birth because your child might theoretically become the next Einstein.""[/spoiler] I really did not like this undertone to the story, for reasons I hope are obvious. Both of this developer's previous titles made me cry, or at least tear up a bit. Here, I mostly felt confused and annoyed by the end."
11,1.0,Impostor Factory,positioning,False,4.883333333333334,en,"I really enjoyed To The Moon and Finding Paradise. They could be a bit overly sentimental but ultimately the emotional themes resonated with me and I came away from them thinking they had something valuable to say. Sadly, the 3rd game in the series, Impostor Factory, falls flat on its face in this regard. This was my experience of the narrative of Impostor Factory: Act 1 - The game seems like it's doing something completely different from the first 2 games in the series. It's creepy and exciting and I was curious as to where it was going. Act 2 - The novel, creepy, exciting bits fall away and the game now proceeds with a boring, drawn-out rehash of many of the same exact themes and narrative beats of the first 2 games in the series. Act 3 - The game now throws some twists at you to reconcile Acts 1 and 2, fully cementing the fact that you have no real reason to care about anything that's happening. It attempts to manufacture some last minute stakes that ring utterly hollow. It is a truly misjudged narrative that feels gimmicky, boring, and annoying to progress through. Add to this the fact that the already limited gameplay of the series has been stripped down even further and I see little reason to recommend this game."
11,1.0,Impostor Factory,positioning,False,4.716666666666667,en,"I loved all the previous games. But this one was a miss for me. Impostor Factory leaves absolutely nothing to the imagination. Game controls every little aspect of the narrative. And it's just... not fun. [spoiler]At the end I really hoped I'd at least be given the opportunity to think what ""the perfect life"" would look like for these characters, but nope. Game shows you e v e r y t h i n g, so you finish it and never think about what happened ever again. You don't need to think or wonder, it's all there. Closer to the middle I was so exhausted and bored out of my mind, I hoped the ""data"" wasn't representing of how much is left of the history to see. But yeah, it was. I was hoping for something to go wrong in the machine, but, again, nope. It starts as an interesting murder mystery with clones or time travel, I got hooked. But ends up as a boring and unimaginably long life story.[/spoiler]"
12,1.0,To the Moon,positioning,True,14.95,en,"To The Moon ~ tbh i played the original just for easy perfect game (achievements) and that was years ago i even forgot the story but it was great thats what i remember and then it got remastered version so i just found myself play it again i just finished it and i can say its looks simple but for me it was really worth it story so emotional nice characters , nice music , etc... i guess i will buy all freebird games because of ""To The Moon"" <3"
12,1.0,To the Moon,positioning,True,4.583333333333333,en,"This game is a masterpiece. It took me about 4 hours to complete. It is very short game although it is amazingly fun. If you like like heavy-ish emotional story game. This game is filled with puzzle and while the gameplay is fun, the story is what makes this game an easy 10/10. This is my third favorite game of all time. It has incredible story telling and it is so nice to see how everything connects together. I highly recommend this game as it an amazing experience and will leave you wishing to play more freebird games."
12,1.0,Finding Paradise,positioning,True,6.05,en,"another masterpiece from freebird games, also the ost was amazing"
12,1.0,Finding Paradise,positioning,True,5.95,en,"1. This game = Super Brillent Story telling + heartwarming. 2. This game takes less than 6 hours to complete. 3. Every movement of this game is worth your time playing it. 4. For me this game was easily 10/10. (Must Play game ) 5. 100% Recommended and all the other games from ""Freebird Games"" developer."
12,1.0,Impostor Factory,positioning,True,5.983333333333333,en,"....wait a sec, please.... *yourjaguarlover dabs his puffy eyes* ahem. I played the Freebird games in the wrong order. Or did I? In any case, I have now completed the series. It is a series I have a deep, deep love for and here's what I think (no spoilers, it would be a travesty to do so) Not for the first time, I (wrongly) assumed this would be an ancillary part of the series, a spin-off, a side-quest. In fact, it's the beginning, and the end and the middle and all of it. For *reasons* I am actually super glad I played this AFTER The Beach Episode because the way all the final pieces of this story clicked together truly blew my mind and left me so satisfied and ethereally happy, in the way that only understood tragedy can provide. If you aren't aware this, like all games in the series are basically visual novels with very minor interaction - but those interactions are crucial, critical to how the game delivers its timing, its drama and its heartfelt, sorrowful truth. I can't stand visual novels but Kan Gao delivers something I have never seen before or elsewhere, by making you not just a viewer but somehow an essential third party to it even though you do not appear in it. And in this instalment, more-so than ever, you are in these characters hearts and souls and stories - irrevocably linked somehow so you feel every single emotion and unfolded plot development (assuming you have at least played To The Moon and ideally some others) If you played games in this series, you'll know there will be sorrow, bittersweet tears and swooping joyous releases of emotion - this instalment delivers those in spades but also true horror, grief and awful awful tragedy as you feel part of decisions you wish you could take back. It's all a part of the journey that makes you feel so whole by the finale. I wax lyrical about these games, I know, and I also occasionally talk about video games story relevancy to art and literature. This series, right from the beginning of To The Moon is the ace card in that argument. I'd go as far as to say it's a genre in itself - a videogame only by rote of you using a screen and a keyboard to experience it, a movie that could never be made, a story so sprawling and intricate that could never be just written down in words. What seems like another RPG Maker, low visual fidelity follow-the-story is actually something that transcends other media for me in terms of experience. Even those pixel graphics contain so much nuance and detail, the sound - always just perfect and beautiful and intrinsic - those few key presses and mouse moves and clicks which are literally purposefully timed by a maestro. Ladies and gentlemen, these games ARE art. Kan Gao is a genius and a legend to me, I owe him so much as a person who plays all kinds of video games pretty much all of the time for bringing me something so different -unique even - and being the only person I have ever been happy to break my heart so many times and in so many ways. When we ask what makes a good videogame, the same is true as in any walk of life. Have a vision, work out whats needed to deliver that vision in exactly - the tiniest - detail you intended and never, ever compromise. There's nothing like these games and they are all 10/10 perfect creations to me. This one is a moving masterpiece that fits right in"
12,1.0,Impostor Factory,positioning,True,6.633333333333334,en,"another great story from freebird. wish I could see those in animated movie format. oh well, one can always dream."
12,0.48512868211980587,Balatro,contrast,True,12.65,en,"Sometimes, this game makes me want to shove a bird into a microwave. I love it"
13,1.0,Meg's Monster,core,True,6.5,en,"BUY THIS GAME! If you've been waiting to feel that Too the moon experience over again look no further. Pros: - The Combat is fun and brings variety - Great art style - Top Tier story Cons: - Some parts of the story are a bit slower then others - You will cry, so if you are on a no cry break it'll be over - the side mission parts were neat but kinda felt like an artificial way to not make the game feel linear. I really hope this game wins award and gets the recognition it deserves because it truly was lovely. I give it 4/4 Council Monsters."
13,1.0,To the Moon,positioning,True,6.15,en,"It's an emotional game with surprisingly good world-building... The plot and music are the main attractions that will stay with you even after you finish the game... ""Then we can always regroup on the moon, silly!"""
13,1.0,To the Moon,positioning,True,6.283333333333333,en,"To the Moon sits in a very distinct category as far as games go. It is focused on story and emotion. The game mechanics are not important; you are not being punished for doing anything wrong during a puzzle, so leave your competitive side at the door when you press play. The game takes some ideas from Eternal Sunshine of the Spotless Mind, but it still feels original. This comparison should give away the main concept of the game. If you loved the movie, I am sure you will also love this game. The music, composed by Kan Gao, also the creator of the game, is amazing. It fits the game perfectly; it never feels boring, even if you stay in the same scene for minutes. The songs have a calming, homey feel that never becomes annoying despite their repetition. The art matches the story; it always surprises me how pixel art can show a character's emotions so well. The colours remind me of autumn, and everything feels very atmospheric. It's a beautiful game to look at. I want to underline that, as with all different mediums of art, games can also have an emotional impact, and To the Moon will work your tear ducts to the maximum. Have some tissues ready, just in case."
13,1.0,Finding Paradise,positioning,True,5.716666666666667,en,"[h2]A solid addition to the world of ""To the moon""[/h2] I think if I had to pick, I'd probably say I preferred to the moon, but that could just as well be because I played it first, it's not uncommon to be biased towards your introductory game or episode of a series. I thought this was pretty sweet, it's still a narrative game with some puzzle elements, but the writing is great, if the writing wasn't as top tier as it is I definitely wouldn't have enjoyed this or to the moon one bit, and for a dyslexic person who struggles to maintain focus when reading, that says a lot to it's quality. The sprites are mostly just the same as to the moon, but still just as amazing, I did notice some weird mixels during Neil's transformation sequence, and some tiny spots where pixels didn't line up fully or were a bit jittery, nothing that'd ruin your experience but they did stick out to me during my playthrough. The music is phenomenal as you'd expect, maybe a bit samey at times, but better that than incohesive, a little more variety in some spots wouldn't hurt, and might heighten the impact of the emotional tracks when they come in, but again, nothing that'll detract from your experience. I played ""A bird story"" prior to this, and honestly I didn't quite get the connection, I mean, yeah, same character, it's a standalone look into a point of his life that's been abstracted, but for a chunk of the game I was just like ""so she's the bird maybe?"" But no, the bird is kind of just insignificant outside of ""A bird story"", which was kind of sad to me, but it is what it is, it's not like it ruined the experience for me. I think Asher could've done with a bit more character development maybe, more screentime, more moments with his family, but the story does go on a bit as is, so I'm not mad they didn't try to shove more in there; I [i]am[/i] mad about the walk speed though, it's just too slow, for ""To the moon"" I think it worked better because the environments were a bit smaller, sometimes you'd be on a long walk from one area to another, but having most segments be smaller walkable areas made the walk speed feel reasonable for the majority of it, here it felt like it was padding the length of the game a bit, a sprint button at least would've been appreciated, I'm not saying we need to be running the whole game, just a slight increase, because as is, I felt like the walkspeed alone added at least half an hour to my playtime, maybe even a whole hour. But overall, great game, I thought it was really sweet, teared up a little at the end, I had minimal gripes with the story, the art, the music, the gameplay, I'm not gonna pretend there wasn't any friction with any of it, but it's so minimal compared to the master craftsmanship behind the entire rest of the game that they're just insignificant. If you're not a narrative game type, or you prefer games with intricate gameplay mechanics, multiple routes or endings, maybe this won't be for you, but if you like a good story with some interactive elements, I think this is worth your time."
13,1.0,Finding Paradise,positioning,True,4.716666666666667,en,"Obviously not identical to, To The Moon but I feel it has a lot of, if not all of what I loved about that game. I believe it has equally charming characters (well some are returning so I suppose that would be obvious), but I also enjoyed exploring and connecting memories a bit more this time around due to how this game’s [spoiler]mystery unfolds[/spoiler] compared to the first game and I found its ending to also be as equally [spoiler]heartbreaking and heartwarming.[/spoiler] I highly recommend it if you enjoyed To The Moon, as I believe this games story feels even more meaningful after playing To The Moon. 10/10"
13,1.0,Impostor Factory,positioning,True,5.5,en,"Recently bought the 'To the Moon' series bundle, and I don't regret it. I am pondering why I didn't play these games earlier in my life. To the Moon series is without a doubt the best one I've ever experienced. The depth of each story penetrates into our hearts, triggering profound thoughts and emotions."
13,1.0,Impostor Factory,positioning,True,5.216666666666667,en,"This game is an awesome third proper episode to the 'To the Moon' series. It's tragic with some heavy story elements however it's not much unlike watching an episode of Black Mirror. Every piece of the To the Moon series should be experienced in the proper order for maximum enjoyment, you're not much playing for a game but for a story presented in the form of an old school RPG. Expect to feel emotions in every entry this series."
13,0.6008726476286262,Baldur's Gate 3,benchmark,True,82.0,en,"Permanent ""Charlie Day conspiracy"" meme state along the story"
13,1.0,To the Moon,positioning,False,3.6666666666666665,en,"You play this walking simulator for the story, honestly it could have done without it but then i guess it wouldn't be a video game? Anyway, I tried To the Moon because it was a short story driven game and after I played Omori, I was looking for something with a good story. While I think the story is ok, I don't think it made me feel what other people who played it felt. Like good for this guy wanting to go to the moon but as you go through the story, you see how other characters were affected throughout his life and I just thought, ""oh ok, so they don't get a happy ending but this guy just does."" Overall its a decent game, I would not dissuade anyone from purchasing this game, I just would not recommend it. 3/5"
13,0.9518650713092323,Impostor Factory,positioning,False,5.366666666666666,en,Story was of such a vastly much lower quality than the previous two games that it genuinely leaves a bitter taste in my mouth for all of the to the moon games.
13,0.9467832401535241,Finding Paradise,positioning,False,9.35,en,"This was just boring. Overstayed its welcome. I wasn't even half way when I wanted it to end. Felt more like an experiment with a game engine than a good game/story. Shame really, To The Moon is one of my favourite games."
14,1.0,Finding Paradise,positioning,True,14.4,en,"9/10, subtracted 1 because I couldn't find paradise. (Kidding, of course. I really like the game.) The people who worked on this lovely little gem throw the concept of a genre around like a hot potato. That isn't a bad thing, mind you; I find it amusing and effective. One moment I'm laughing at Neil and Eva's usual banter, then the next I'm feeling uneasy because... well, I'm not here to spoil anything. But if you liked To the Moon and want to see what other funny and emotionally heavy shenanigans the scientists get up to, I recommend checking this game out. The little details such as characters' background actions, along with how expressive everyone is, seemed to improve a lot here. I loved the sprite work. It felt like the world I was watching was really alive. I thought the game wouldn't affect me as much as TtM did, so I really didn't expect to be so invested that I ignored all my plans for the day just to finish it. It packed a punch in more ways than one and made me rethink some aspects of my life. Just the music playing when I saw the title screen for the first time was enough to make me realize I was in for an interesting ride. I find it funny how the new client and his wife are also musically inclined, though. Are all musicians bound to have bittersweet lives? Should I be concerned...?"
14,1.0,Finding Paradise,positioning,True,7.866666666666666,en,"Finding Paradise is the sequel to the game that broke my heart, and while it didn't have that particle lightning-in-a-bottle effect on me, that is not because I think the game is worse. Part of the shock of To the Moon to me was how much I personally related to it, and that I was not expecting it to be so deeply emotional. I expected something similar from Finding Paradise, and on that it does succeed. This game does everything you would want from a sequel for To the Moon. It gives us another heartbreaking life to relive and expands on the formula. Whereas previously we went back in time, seeing a love story in reverse to try and figure out what the hell is going on in this guy's memories, we instead see a beginning and an ending that seem impossible to reconcile, with similarly heartbreaking reveals as we try and figure out what the hell is wrong with this guy's memories. It also manages to inject some real tension and more character moments for our Sigmund crew. Despite knowing how the memory gimmick works, finding paradise manages to keep the framing device fresh, and even expands on it from the first game. Play it anyway. It isn't quite as bittersweet as the first game, but it is still incredibly bittersweet. It hurts, it really does. If you liked the first one, play this one."
14,1.0,Impostor Factory,positioning,False,7.883333333333334,en,"I can't recommend this, even on sale, To the Moon and Finding Paradise were both interesting and the latter built on top of the former with character development. This game's plot, sequencing, and point is confused and does not add anything to either of the two previous games. The ending payoff leans far too much on a part of these games that has never been the focal point."
14,1.0,Impostor Factory,positioning,True,4.233333333333333,en,"Even though I like more the previous game from the saga, it doesn't take away the masterpiece this game is. If you really liked To The Moon and Finding Paradise, this game will not dissapoint you. Really great game! :b"
14,0.9705739027984446,To the Moon,positioning,True,3.9166666666666665,en,"Great story, great music, great art, great game. Can't wait to start playing Finding Paradise."
14,0.6786425636250442,To the Moon,positioning,True,4.95,en,Beautiful storytelling that made me cry. The sequel Finding Paradise is fantastic as well
14,1.0,Impostor Factory,positioning,False,7.983333333333333,en,"Eh... call it nostalgia, but I really prefer the other two games. To the Moon and Finding Paradise are damn masterpieces. This here not so much."
14,0.9429352286523182,Impostor Factory,positioning,False,5.25,en,"I really want to enjoy this game - I really do. Having experienced the first two - To the Moon and Finding Paradise, I was hopeful that I'm going to enjoy this game as well. But sadly I didn't. It didn't resonate with me at all. I can't recommend it. I'm sorry."
15,1.0,Finding Paradise,positioning,True,2.683333333333333,en,I'm Sean Prime and I approve of this game!
15,1.0,Baldur's Gate 3,benchmark,True,111.76666666666667,en,The ultimate way to experience dungeons and dragons by yourself
15,1.0,Baldur's Gate 3,benchmark,True,42.233333333333334,en,For any DND fan this game is great.
15,0.696699010796403,Balatro,contrast,True,93.28333333333333,en,"C A R D S I really like this game, it's fun! I would recommend playing it!"
16,1.0,Meg's Monster,core,True,4.8,en,"Well worth the $15 I spent on it! The JRPG elements are simplistic, but keeps it fresh as it introduces new elements throughout the game. The story and character development keeps you invested, with twists along the way; some characters you started off skeptical over you end up admiring. The quality of the music touched my heart (and I'm going to be purchasing the soundtrack). My only minor complaint is I felt some of the music got repeated a bit too much, and an extra piece or two could of helped with keeping the atmosphere fresh. Regardless, I highly recommend it to anyone looking for a small adventure to add to their Library! A wonderful introduction for me to 'Odencat'!!"
16,1.0,Meg's Monster,core,True,0.65,en,Nice little game totally in style of Odencat's (the developer) other games. Linear adventure in the guise of a jrpg.
16,1.0,In Stars And Time,core,True,24.966666666666665,en,"I thought this was gonna be a silly little JRPG-style game. Now that I've finished it, easily on my top 5 games of all time."
16,1.0,Ikenfell,core,True,5.1,en,"Very polished, extremely well done game. It's takes it's roots from jrpg's, but somehow simplified gameplay make it more modern view on the genre. It's also a stress-free game, where you can save your game easily, and if you lose a battle the game just let you restart the last battle. It's highly playable, enjoyable game, totally recommended! A."
16,1.0,Long Gone Days,core,True,13.6,en,"Story is fine , short jrpg , too much yapping at times , no voice acting which is a big minus for me , overall 6/10 buy on sale."
16,1.0,Long Gone Days,core,True,12.466666666666667,en,"Really tempted to jokingly label it as ""Metal Gear Undertale"". This is an indie JRPG that combined a pretty grounded for a JRPG scifi plot involving modern war... and also a story about friendship. Generally it sticks very closely to this older JRPG canon of having parties, equipment giving stat boosts, taking turns using abilities or attacks or items, travelling trough locales and engaging in dialogue, all that. It's faithful to older 2D JRPGs to a fault, despite more modern art style it can be pretty slow with animations, transitions and prompts to perform actions. During certain dungeon crawls there's a lot of air vents to crawl and each gives confirmation prompt if you do want to do it where a single interact would have been enough. A lot could have been done smoother, really. New ideas are playing safe too, like ability to pick where to aim in JRPG combat, avoiding armor at chance of missing or reducing damage further to hit a painful weakspot and make enemy skip turns. It's interesting but under-utilized, and the limited hit spot variety is sad, could have had stuff like shooting specific equipment to disable specified abilities or induce greater variety of effects. Now, the story: a naive but principled rookie soldier, fully raised in a militarized society of The Core subterranean state deserts after discovering he's tasked to kill innocents, convincing another soldier to flee with him, on his way encountering other characters he teams up with to survive and then confront Core's ambitions. It's... not too sophisticated and you can see quite some twists before the characters do so to be fair everyone feels lowkey naive. But it kinda feels like an anime, young adult adventure sort, so it works thematically? Personally my favourite bits in this one were the towns you visit and roam relatively free in, full of things to discover, tiny quests and scenes spent with main characters. There's even an aspect where you need a specific language speaker to actually communicate with anyone else which doesn't have major impact beyond ""can only meaningfully interact after X joins you"" but it does add believeability to settlements. This is fine. I guess if you wanna play a JRPG but wanna go for more martial theme this will do well. It's nothing revolutionary though."
16,1.0,In Stars And Time,core,True,41.43333333333333,en,"13/10 A MUST play if you are into jrpgs, and an amazing story with some of the best writing i've ever seen in a game PERIOD. like...my goodness its amazing..."
16,1.0,Small Saga,core,True,8.966666666666667,en,very charming little JRPG that served as a great detox game for me
16,1.0,Small Saga,core,True,2.7333333333333334,en,"I should've played this game when I got my key. It's delightful, a fun and fresh narrative JRPG with gorgeous spritework, great music, and a compelling story that begins with strictly personal stakes and quickly expands far beyond that. Very fun, very funny, and yet also delivers strong emotionally impactful narratives."
16,1.0,Ikenfell,core,True,20.383333333333333,en,"gives me strong nostalgia for jrpgs from another time. great game, good length, doesn't really overstay its welcome. the only downside is the lengthy animations in combat, making some fights with adds a slog."
16,0.46762848482376873,OneShot,positioning,True,9.6,en,"An unexpected gem, didn't thought much about the game coming in, but left with a new favorite. While being so short, it manages to do so much. The sheer spectrum of emotions. Absence of enemies felt weird at the start, i've expected it to be like jrpg but i appreciated it more and more, i don't have to get torn from the story and beat another common foe, the world is dying, everyone is rooting for you, you are the only hope. It really felt as i was the part of the story and ~8 hours that i spent playing felt like days. Plot, characters, music, art, level design everything is at its best. If you don't mind narrative based games, give it a try."
16,1.0,Ikenfell,core,False,1.5166666666666666,en,Story/characters/writing/combat are all boring. There are much better JRPGs and inspired ones you can play on Steam.
16,1.0,Ikenfell,core,False,1.75,en,"pretty shallow story with one dimensional characters and the usual jrpg combat with ""press on time deal more/receive less"", if you're sucker for queer witch kids jrpg, then go for it, otherwise hard pass :D"
16,0.8493313202674309,Meg's Monster,core,False,12.2,en,"a fairly boring VN with a light JRPG veneer, but interesting enough to complete. was going to complain more, but then realized it was developed for children, and now I feel like some sort of overgrown idiot. I want to impregnate Nancy"
17,1.0,Balatro,contrast,True,9.133333333333333,en,This is what got me into roguelikes/lites. i love this game so much.
17,1.0,Balatro,contrast,True,13.616666666666667,en,"Very good rouge-like, I probably have a collective 70+ hours across 3 devices. 10/10"
17,1.0,Vampire Survivors,contrast,True,23.633333333333333,en,A great bullet hell game for when you just want to mindlessly walk around and kill everything. I like the music as well.
17,1.0,Vampire Survivors,contrast,True,71.1,en,"A bullet hell game, but you become the bullet hell"
17,1.0,Katana ZERO,contrast,True,9.95,en,Great idea with flawless execution
17,1.0,Into the Breach,contrast,True,59.416666666666664,en,Advanced Wars meets Xcom. Honestly one of the best tactics games and rougelikes out there.
17,1.0,Into the Breach,contrast,True,19.766666666666666,en,"I don't like roguelikes, but this one's good"
17,0.8923534546384034,Baldur's Gate 3,benchmark,True,13.35,en,Only game that comes close to this is Crimson Desert
17,1.0,Vampire Survivors,contrast,False,1.3833333333333333,en,"I do like bullet hell genre. I do like survivors-like games. I do not enjoy this game. Something is missing, i do not know what it is. I tried."
17,1.0,Vampire Survivors,contrast,False,26.233333333333334,en,"The part of my brain that enjoys roguelikes has been fried from over-stimulation, leaving me feeling like I just played the closest thing that exists to a gambling-less slot machine. The power curve is very unsatisfying. Most runs take about ten minutes to ramp up, give you 3-4 minutes of feeling strong, and then fill the screen with so much crap you may as well be looking at a Jackson Pollock. For all of this, the gameplay is minimal. There's a point in pretty much every run where you no longer need to dodge and can just afk, and it happens earlier than it should. I also find there's very little run variety. Items for the most part do very similar things with the occasional dud and gamebreaker thrown in, and most characters play as carbon copies of one another that feel arbitrarily nerfed/buffed based on their starting stats and items. There are some unique gimmick characters like Babi Onna who only fires her weapons while moving, but these are maybe like 4 characters in a cast of dozens. As it is however, this straddles a very awkward space where it's too involved to be an afk/clicker type game, and too much of a brainless flashy colours number-go-up game to lean more into its roguelike, compendium unlocking elements. It's cheap and it'll flood you with enough sensory input that for a while you can forget that you're going to die one day. At a similar price point, I'd rather just drink a beer and watch TV instead."
17,1.0,Vampire Survivors,contrast,False,41.083333333333336,en,"[h3] General Thoughts [/h3] The fact that this anything close to a Bullet-Hell moniker speaks alot on people's understanding of the term. Honestly just build your kill engine and be done with minimal interaction and call it a day. I don't even think I can call this a game tbh, definitely mobile game slop. There are better burger games out there."
18,1.0,Meg's Monster,core,True,7.516666666666667,en,"I never do reviews I rarely do but I had to for this one: I just wanted to say, that I adored this game more than I thought i would. The characters are all very loveable and easy to get attached to! If you crave monster and human games kind of like the undertale series then this game is for sure it. I highly recommend it, and you'll cry a lot too, this game will pull your heartstrings."
18,1.0,In Stars And Time,core,True,25.05,en,"Apparently I still haven't reviewed this game. Alright. It's good. Like, really good. Play it. Please, I beg of you, just play it."
18,1.0,In Stars And Time,core,True,10.083333333333334,en,"Never wrote a game review before, but this game was too good to not get a recommendation."
18,1.0,Ikenfell,core,True,32.266666666666666,en,"👍 I don't want to write a review for this game, but I do want to give this game a thumbs up to help the games ratings because I enjoyed my experience with it 👍 Great game. Though definitely could've done with cutting some content. There definitely is unnecessary padding in this game."
18,1.0,Small Saga,core,True,11.666666666666666,en,"I don't write reviews very often. But this game... it was damn good. Its a simple and short RPG but the story is grand and the music beautiful, Think Redwall mixed with Final Fantasy. This game is a gem and is worth your time playing."
18,1.0,Small Saga,core,True,20.516666666666666,en,"I don't normally leave reviews, but this game was fantastic. Lovely music, and a fantastic story. Plus, I got to overthrow a fascist dictator!"
18,1.0,OneShot,positioning,True,10.016666666666667,en,Literally my first Steam review ever. I cannot begin to describe how deeply this game resonated with me. You just have to experience it for yourself.
18,1.0,Long Gone Days,core,True,228.83333333333334,en,"i never written a review before, i just want to give it a thumbs up because the story line, characters, art, everything is just chef's kiss"
18,1.0,OneShot,positioning,True,10.533333333333333,en,Dude just stop looking at reviews and please play this game
18,1.0,Into the Breach,contrast,True,101.03333333333333,en,I jsut want to thumbs up stop making me write stuff
18,1.0,Into the Breach,contrast,False,66.0,en,"Not really a No, here, but there's no way to leave a rating instead. I'd give it a 3 of 5 simply because the additional mech sets are so difficult to use it makes the game impossibly frustrating."
18,1.0,Vampire Survivors,contrast,True,76.18333333333334,en,as the inspiration for the stinky old guy character im legally obligated to give this game a positive review.
18,1.0,To the Moon,positioning,False,5.616666666666666,en,"Played the game per recommendation by a lot of friends, encouraged by ""overwhelmingly positive reviews"", but this really is just not for me -- and I'm not even talking about the ""gameplay"". Story was not bad, but I really can't find it in me to recommend this. Touching BGM though."
18,1.0,Impostor Factory,positioning,False,6.016666666666667,en,why are you looking at bad reviews just buy the game already
19,1.0,Small Saga,core,True,10.75,en,reall great short turn based game with fun setting and charicters
19,1.0,Baldur's Gate 3,benchmark,True,124.2,en,"First times , it difficult to try understand about game play and tactical but when more deeply play and understand the freely action that we can do its amazed and feel like ahhhhh freedom !!"
19,1.0,Into the Breach,contrast,True,0.31666666666666665,en,Incredible turn-based strategy game. FYI my playtime is low because I beat this game on a different platform and liked it so much that I bought it again on PC.
19,1.0,Into the Breach,contrast,True,20.783333333333335,en,one of the best turn based tactics games ever. every turn is like a little puzzle that almost always has a clever solution. soundtrack is fantastic too.
19,0.9994212581325087,Vampire Survivors,contrast,True,19.433333333333334,en,"You know when you swung your arms in a windmill, thinking that was the ultimate offense and defense because no one could approach you without getting hit? That's this game. This is the [i]""swing your arms in a windmill""[/i] of shmups."
19,0.8743619469573848,Balatro,contrast,True,6.716666666666667,en,Firstly I thought that this was nothing more than a game for my mom but it is SO GOOD SCORING COMBOS FEELS AMAZING THE STRATEGIES HERE ARE INSANE I LUV DIS!!!!!!!!!!!!
19,0.5755014144372393,Ikenfell,core,True,28.8,en,"the combat is turn-based but the timing is real-time. Fights can feel unfair with enemies getting lots of free moves and spamming silly amounts of traps and adds, but it's all manageable."
19,1.0,Into the Breach,contrast,False,1.1666666666666667,en,"This game is not a turn-based strategy game, it's a puzzle game. You have to read the 8x8 board, try to predict the next moves, but there is no good move, you only decide which sacrifice is the less worse. I certainly didn't find this fun, it's only spatial math, move prediction, calculation, and frustration. In a dozen games I achieved nothing. And then there is no QoL at all, no ""Restart the Round"", or undo the last 4 moves, or Just Retry, it's just pain up until the end, lose and restart everything. Not my kind of game I guess."
19,1.0,Into the Breach,contrast,False,3.4833333333333334,en,admittingly I'm not a big fan of turn based games( I don't find them engaging mentally) . I love replaying the first 20 minutes of the game over and over again. the unlock system is kinda bad with having to complete challenges rather then just progresive unlocks. also having me do pre planning but not giving me any unit movement prediction even though we have a time machine. I went in expecting figths in tight spaces which is on me .
19,1.0,Into the Breach,contrast,False,22.866666666666667,en,"Not a chess or turn based strategy novice by any means, but after 22 hours and never ONCE beating the game on Normal, I stopped enjoying it. Enough fun for the money if you like alt+f4-ing out of frustration. Some claim they can win the game on the hardest difficulty without using a pre-leveled pilot. I call BS. The sheer amount of randomness the game throws at you is enough to make it impossible to solve every ""puzzle"" without taking grid damage and still solving all your objectives."
20,1.0,Into the Breach,contrast,True,194.71666666666667,en,"10min to learn, a lifetime to master. A timeless game about time travelling mechs kicking alien butt. whats not to love? I especially like that the game very clearly shows what is about to happen next each turn. Despite this feature, its also the game I rage-quitted most when being harshly exposed to my own poor decisions. The game is never unfair unless of course you choose the ""unfair"" difficulty."
20,1.0,Into the Breach,contrast,True,3.8333333333333335,en,All time great tactics game with awesome music. Great variety in the types of mechs.
20,0.8630170120302196,OneShot,positioning,True,11.116666666666667,en,meow or not meow idk
20,1.0,Into the Breach,contrast,False,24.383333333333333,en,"This is an extremely polished and well executed game which I don't ""get"". For whatever reason, the legibility of the puzzles eludes me, and I find myself getting ""Kobiyashi Maru""ed. I strongly suspect that the solutions are extremely sensitive to the initial placement of the mechs, but it's hard to tell if ""problem not solvable and requires tradeoff"" is the same as ""didn't set this up right at the start"". It's also much less forgiving than I recall the studio's other famous title being. Like Chess and Maths exams, I think there is a demographic this game is for, of which I am not a member, and for the same reasons - and at least in those two hobbies, there is generally a way of seeing after the fact what a ""Right Answer"" might have looked like."
20,1.0,Into the Breach,contrast,False,18.033333333333335,en,"Game is dumb. kill all enemies and no more moves, lol the world gets a turn just to kill your mechs you spent hours playing with"
20,1.0,Into the Breach,contrast,False,5.283333333333333,en,"I initially liked the game, it seemed to be quite diverse with different pilots different mech group options different enemies encountered, but it quickly became a puzzle with just different makeup but the same base. There's no novelty to it. If that's an issue for you, this may not be your game. however if you're simply looking for a looping mini strategy game this may be for you."
21,1.0,Into the Breach,contrast,True,21.9,en,very good almost as good as ftl
21,1.0,Into the Breach,contrast,True,126.76666666666667,en,"I like this game - as well as FTL - very much. Those two are two of my favourite turn-based games. ""Into the Breach"" (like FTL) has a lot of content, replayability and it obviously is a labour of love. It is fun, challenging and rewarding. Thank you Subset Games!!!"
21,1.0,Into the Breach,contrast,False,1.0,en,"I really wanted to like this game. I played FTL and absolutely loved it so I bought this game assuming I would have just as much fun. Absolutely not. This game is way way too difficult for the type of simplistic turn based strategy game it presents itself to be. It's so difficult that it feels less like a turn based strategy and more like one of the puzzle games that has a million different actions you can take and only one hyper specific solution. Do not jump into this game thinking this is some laid back strategy game like FTL. That's not what this is. This is an incredibly difficult and punishing game, which not at all what I wanted or expected from anything shown"
21,1.0,Into the Breach,contrast,False,2.9166666666666665,en,Very sad to see the people behind FTL make something this unfun to play.
21,1.0,Into the Breach,contrast,False,10.066666666666666,en,"Fan of FTL, love this games music, and graphics, but not a fan of the rng and other squads."
22,1.0,Small Saga,core,True,10.633333333333333,en,Honestly one of the best games I have played in a while. I would love to see a sequel to this!!
22,1.0,Small Saga,core,True,9.383333333333333,en,"Okay but like, this game has no right looking this good. My only gripe is that the game feels like its over way too quick. Which is why I would love a sequel."
22,1.0,Long Gone Days,core,True,13.85,en,"I absolutely recommend this game! I played the game due to curiosity and stayed for story line. It really leaves you wanting more. I never know which way the game is going to go. Early access only gave 2 chapters, but I can't wait for the full release! I must finish the game!"
22,1.0,Long Gone Days,core,True,7.116666666666666,en,I love the story. I hope chapter 4 will happen one day.
22,1.0,Finding Paradise,positioning,True,5.9,en,"Remake is out, time to play the second game, if you haven't already done so."
22,1.0,Finding Paradise,positioning,True,4.133333333333334,en,"certified hood classic, the sequel"
22,1.0,To the Moon,positioning,True,5.783333333333333,en,This game spoke to a part of my soul and psyche in a way I never thought possible. All of the themes it so eloquently addresses are things we do not speak enough about. Such a profound experience put into a mere five hour journey. I cannot wait to play the sequel. Thank you for making this game.
22,1.0,Katana ZERO,contrast,True,9.266666666666667,en,"Great game, story and combat are top notch. Hope they come out with a sequel because damn they didn't wrap that story up."
22,1.0,Katana ZERO,contrast,True,6.65,en,"8 out of 10, story was compelling, gameplay was really fun, i really hope they go for a sequel"
22,1.0,Impostor Factory,positioning,True,3.966666666666667,en,Beautiful art and such good animation. Hard to follow at the beginning but my god Chapter 2 is just beautiful
22,1.0,Impostor Factory,positioning,True,5.716666666666667,en,Nice game! So when's the anime adaptation? (2)
22,1.0,Baldur's Gate 3,benchmark,True,127.3,en,There is no better game in my heart to play with friends; I can't wait for a sequel.
22,1.0,Katana ZERO,contrast,False,7.083333333333333,en,"When the game is finished, maybe."
23,1.0,Baldur's Gate 3,benchmark,True,236.73333333333332,en,"I'm addicted to it, send help."
23,1.0,Balatro,contrast,True,234.41666666666666,en,Super addicting. One of the only games that I'm not pissed about losing.
23,1.0,Balatro,contrast,True,487.55,en,"Totally addictive, it's one of the few games I will always go back to when I can't find another game that interests me. Almost infinite combinations, easy enough to learn and understand but very difficult to master."
23,1.0,Vampire Survivors,contrast,False,119.36666666666666,en,"This game basically works by getting you addicted, which can't be something for me to recommend. If you are like me and feel compelled to complete a game there always is something left to unlock. The runs are way too long to just play for a few minutes if you want something for small breaks to get your mind off of things. It's also never just the half-hour you signed up for since the timer obviously stops for treasure chests (took me way too long to figure out you could disable this, but you have to do this for every single run, so I kept forgetting) and level selections. After some time it just feels repetitive and hollow. Also for the german translation: It can be confusing when the translation of a word keeps changing."
23,1.0,Vampire Survivors,contrast,True,129.28333333333333,en,Very addictive. The various challenges on the side add some nice variety as well. It's a game that I enjoy getting back into every now and then for sure.
23,1.0,Katana ZERO,contrast,True,74.48333333333333,en,"Addictive, once you get that gold metal you wont wanna stop. Dlc plz"
23,1.0,Into the Breach,contrast,True,4.6,en,"Addictive in small bursts with nice art, music and level design."
23,0.896021277999542,Into the Breach,contrast,True,46.6,en,"Kinda gets boring if you play it too much, so don't get addicted. I play it every now and then. Other than that, pretty good. Lots of logic involved."
23,0.7626754932944756,ELDEN RING,benchmark,True,92.3,en,"this must be what its like to smoke cigs, you know its bad for your health but it's so good"
23,0.7010050352094247,Katana ZERO,contrast,True,26.666666666666668,en,"""The drink is all this man ever was. And when it's gone, what remains is the bottle."" A memorable quote from the game; Addiction is one of the game's most important messages. However, how well it conveys this is debatable, because I think I could play this game forever man. It's like I'm under the influence of a dystopian military drug, able to slow down and restart time."
23,0.6718909447839254,Baldur's Gate 3,benchmark,True,347.1166666666667,en,Its fun and no monthly fee.
23,0.42845488211789307,Vampire Survivors,contrast,False,8.733333333333333,en,"+ Game doesnt allow you modify the gold or other visible stats in memory directly so it is a fun and a small bonus challenge to find something to ""speed up"" your progress in this game :) - Dopamine center hijacker. If you manage to finish this game you will only earn all the lights of the game on and an emptier life. You will finally finished this meaningless task you gave and paid yourself for and nobody cares about. Every second wasted in this game is never coming back - Incremental game of the worse kind. Idler that you have to babysit very often. During a game, but also you are forced to start over a thousands of games to unlock everything - Progress is determined by the passage of time and number of runs alone while tricking you to think you are making choices - By playing your best every run, your are rewarded to play the game slightly less time by unlocking slightly faster - Lots of RNG. Even if you play very well how good you are doing is determined by luck. Whether you hit a jackpot and unlock 5 items at the same time or not. You are going to do better that run no matter what else you do - local coop is very tedious to play. You both have to play a very specific set of buttons in a very specific order on every new run or else it goes into single player again"
24,1.0,Balatro,contrast,True,40.56666666666667,en,my only wish is that i could bet real money on this game
24,1.0,Balatro,contrast,True,150.58333333333334,en,yahtzee and gambling had a baby and it made perfection.
24,1.0,Vampire Survivors,contrast,True,78.58333333333333,en,fun and addicting. all the mind-games casinos play on you except it isnt a predatory money-sink.
24,1.0,Vampire Survivors,contrast,True,5.6,en,Gambling addiction for 3 dollars? That's a steal
24,0.7874570335908306,Into the Breach,contrast,True,5.133333333333334,en,Who needs dice or cards. This game does away with frustrating concepts and allows your skill to shine through.
24,0.4646961618855183,Ikenfell,core,False,43.1,en,"Wooo! Nothing like entering the spelltower where you get no save points and entering an unwinnable battle and being forced back to your save point back ages ago................ freaking dumb ass designers, go fk yourselves."
24,0.4457681990803745,Into the Breach,contrast,False,11.183333333333334,en,"I think this game has potential, but it's not there yet. It's all great until the game puts you in an un-winnable situation that you have no control over, forcing you to gamble with a 90% chance that you lose on the spot. I've had this happen to me multiple times and I've only played for a couple of hours. I think they just have to add something that makes sure that whatever the current situation is, it has at least one possible solution that doesn't involve RNG. But at least for right now, the game is not very fun. And this is coming from a person who loves puzzle and strategy games."
24,0.40822274491200555,OneShot,positioning,True,5.433333333333334,en,This place was never worth saving... Do you still want to try?
24,0.4014078716874576,ELDEN RING,benchmark,True,209.73333333333332,en,I think Goldmask makes the most sense
24,1.0,Balatro,contrast,False,38.46666666666667,en,gambling but i dont lose money booooo
24,1.0,Balatro,contrast,False,1.1833333333333333,en,Play poker hands to score points. Earn coins by meeting point thresholds withing the turn limit. Buy modifiers that increase your score when certain hands are played. Repeat. Good as a mobile game to pass time while waiting but not a game I'd sit down to play on my PC.
24,0.7874570335908306,Balatro,contrast,False,20.55,en,"[i]The following review comes from a person who has card games to be their niche and has over a decade of experience with them.[/i] [hr][/hr] Don't let the ""Overwhelmingly Positive"" review rating blind you like i did, this game just isn't it. I would describe the whole experience as ""1% skill, 99% slot machine"". The gameplay does not feel engaging whatsoever - just reroll until goldfish. Different parts of the game and mechanics it caries do not synergize with each other, and often even feel conflicting. The only good quality about this game that i can point out is visual and audio design. But i would prefer a game with great core gameplay and mechanics over a pretty shell any day. Go play StS if you want an actually fun and skill-based game where you see how your own decisions lead to wins and loses."
25,1.0,Baldur's Gate 3,benchmark,True,580.0666666666667,en,Think i might respec into a bard/pali
25,1.0,Balatro,contrast,True,59.95,en,I am john balatro and I approve of this message
25,1.0,Balatro,contrast,True,53.45,en,RAHHHHHH I LOVE BALATRO I WISH POKER WAS REAL
25,0.6247009154218648,Katana ZERO,contrast,True,3.183333333333333,en,Artificial memory of a man named Khaled who was born in a hamlet off the coast of Ivory
25,1.0,Balatro,contrast,False,12.6,en,"Probably the most overrated Roguelike in history. Yeah I said it, I don't like Balatro."
26,1.0,In Stars And Time,core,True,43.416666666666664,en,"the universe leads, and i am so so tired of following it. there is so much more to do, i dont want to do it alone anymore, [b]i need someone, anyone, to help me.[/b] where do i even start? theres something so sweet and comforting about the conversations you get to have in this game. [spoiler]mirabelle's concerns about romance, odile's thoughts about her home and the childhood she missed out on, bonnie's fears and confusion about being cared for, isa's need to change and his lovely view of his old self.[/spoiler] i understood what they all meant and it was both a punch in the face and a warm hug. so many of these dialogues felt like real conversations ive had, and should have. siffrin is so tragic and so very special to me, i relate to his wish. i understand his loneliness, i understand his issues with his memory, i get it. [b]me too. me too. me too[/b] i heard about this from a silly post that related it to some other game's view on the universe and its a 10/10, definitely added to the list of things i wish i could replay blind because of how good the experience was. this game surpassed my expectations in every way, the gameplay loop (hah) is very fun and forgiving, the subtle changes on the dialogues, items and portraits are so so good and smart. the depiction of what someone stuck in a timeloop is feeling and thinking was really really interesting. i loved every part of this. i hope the universe keeps being kind, even if it doesnt feel like it sometimes protect queer art forever!!!! keep making beautiful beautiful things!!!!"
26,1.0,In Stars And Time,core,True,24.0,en,"I think this game was amazing. The art is great, the story compelling (i couldn't stop playing it until i was finished even though I was in the middle of uni exams), the music got stuck in my head(although it tends to repeat...), but the thing that made me LOVE this game were the characters. Every dialogue felt real, the main cast all felt like fleshed out people who existed outside of the cutscenes, with their own problems and little worlds. They even all have different religions which I was compelled by. Siffirin's breakdown was so immersive and raw, partly because we both shared the frustration of having to go through the whole game over and over and over again (the battles felt tedious quickly but I just pushed through it, just as siffirin had to). The dynamics between the main cast were heartwarming and cozy and fleshed out the characters even more. It's one of the sweetest found families I've seen :] I think this game is underrated and you should play it!"
26,0.7801017982208511,Balatro,contrast,True,82.71666666666667,en,"the gameplay loop's just addicting, cant stop playing it"
26,0.7801017982208511,Katana ZERO,contrast,True,4.416666666666667,en,"Primary loop is very fun fast paced combat. It's quite hard but time-to-retry is very quick so doesn't get too annoying except for a couple levels here or there where the checkpoints are spread too far out. Story was well told, familiar if you like the Cyberpunk genre but a fresh take on it nonetheless. It's a fun, short game, and I'll probably come back to it at some point down the track, well worth the asking price."
26,0.7021484685096544,To the Moon,positioning,True,3.783333333333333,en,"It's sad and tragic, but also heartwarming and beautiful, - but for me, the real star of the show is the fantastic and genuinely funny banter between the two main characters."
26,0.6702811566663611,Balatro,contrast,True,411.5833333333333,en,"Gameplay loop: Endless. Victories: Satisfying. Hardware requirements: Nonexistent. No DLCs, no microtransactions, just a simple card game that hearkens back to the preinstalled games on Windows XP. Pick it up, play a round in less than an hour, then do it all again. Simply fantastic"
26,0.6477236835875657,Katana ZERO,contrast,True,6.333333333333333,en,"Simple gameplay loop but executed to a really high standard. Atmospheric and fun. Perfect for playing on your phone, if you use Game Native."
26,0.593636556672655,Into the Breach,contrast,True,77.31666666666666,en,"Very addicting gameplay loop, one of the most engaging turn based games I've ever played."
26,0.5424100778695621,Baldur's Gate 3,benchmark,True,5.616666666666666,en,i get to see wifey star :3
26,0.4386368616786841,Into the Breach,contrast,True,1.9333333333333333,en,"Phenomenal Game. Putting complexity into simplicity, many games nowadays struggle to apply with an entertaining gameplay loop."
26,1.0,In Stars And Time,core,False,14.8,en,"[h1]In Stars In Time (or Your Guidebook To Creating Insipid Internet-Brained Mediocrity!)[/h1] In Stars And Time by insertdisc5 and published by Armor Game Studios in November 2023 is a game of utter friction, some deliberate, some clearly much less so. The game follows Siffrin, a one-eyed rogue stuck in a time loop, and his party of four other companions: Mirabelle, Bonnie, Odile and Isabeau. Together you’re trying to save the country of Vaugarde from the malaise of the mysterious “[spoiler]King[/spoiler]”, whose mysterious time corruption magic is freezing everyone in the country in place, literally stopping them in time. You (as Siffrin) need to use your wits to bring the [spoiler]King[/spoiler]’s reign of terror to an end and rescue Vaugarde and your friends, no matter how many loops it takes! This game is insipid and the overwhelmingly positive reviews boggle my mind and here is why ---------------------------------------------------------------------- [h3]The highly restrictive word count of Steam's review system didn't allow me to express my full thoughts, so here's the full review on [url=https://infinitebacklog.net/users/indietail/reviews/in-stars-and-time]Infinite Backlog[/url] or on [url=https://medium.com/@indietails/in-stars-in-time-and-you-fe9fc16a3b97?sharedUserId=indietails]Medium[/url] (this version has pictures, extra criticism and jokes) [/h3]"
26,0.7801017982208511,In Stars And Time,core,False,22.833333333333332,en,"Nice art style and direction, I love the music as well! but there are several instances of gameplay where I find it's so tiring. (Spoiler? It's a mechanic thing tho not related to the story) During act3 of the game I need to done all the friends quests and finished the whole castle without looping... which I did... I have every memories for each party members as a reward and didn't loop once, I don't think you can even loop at that point, can't you? Anyways I did do that, but I also exist the game and resume the next day because it's been like 7 hours. I am not sure if that was the reason or there was other explanation for it but I guess that doesn't count... truthfully I don't even know why I can't get pass act3 when there is nothing I haven't done. I beat the king many many times and got memory of memories yet I can not pass. I look it up on google but still not sure, the only explanation I have is that because I save and exist the game while playing... the questline I was doing got discontinued? I didn't know that can happen in the first place. It's tiring to try to find a way to die when the enemies are extremely easy, you can get lock out of the door for that entire loop just because you want to see the other option and if that's the only way to progress? find a way to die and start from the first room again. I feel like half of the gameplay are just looping to the floor you want, run to 1 item that you need, try to die and loop to other floor to get 1 information, die and loop to the boss to ask 1 questions and try to die during fight. Yes, this game boss mechanic is that you need to find information (in a place you already looked, but it was locked away until the game want you to know it) just to ask the boss question, you need to go die then run left and right passing through every enemies for one new information, go to the boss again and ask one question about this new info. and die again for more infos... it's like this for many hours straight and I am not sure which part can I quit and exist the game. The story... honestly if this game wasn't a gift I would have ask for a refund, but since I have it for free I will try to be open mind. The story is actually really good! It's just that it was told like a high-school or teen drama, there are many scene where if the characters burst out and sing I would believe it. Every character is very extra and sometimes feel like a caricature the way they talk and behave... and I mean it in a non offensive way. Even the way it's narrate a story is very much YA novel. It's very obvious that it was meant for a younger audience (13-17?) and that's fine, Overall; good story tiring gameplay, just don't expect much from the writing and just enjoy it. If you are tired or considered giving up just do it. I almost done with the story and there was no unexpected or plot twist except for the first few hours of the game, watched the endings online and... If you like the game so far? go for it. If you want to give up then yeah dropped it it's not worth the time man."
26,0.6584095025305869,In Stars And Time,core,False,40.75,en,"I don't think I have wasted more time on anything in my life. Spoilers, the answers friendship and the looping gimmick has no consequences. And yes, it is just doing the same one dungeon 124 and not one more (for me) times. This will forever be my least favorite game of all time."
27,1.0,Katana ZERO,contrast,True,1.25,en,One of the best 2D game ever created
27,1.0,Meg's Monster,core,True,4.583333333333333,en,"such an amazing game, one of those games ill remember for a long time"
27,1.0,Katana ZERO,contrast,True,21.516666666666666,en,one of my favorite games of all time
27,1.0,Vampire Survivors,contrast,True,157.1,en,One of the best games ever created. And dont forget that you can play coop up to 4 players!
27,1.0,Vampire Survivors,contrast,True,32.083333333333336,en,excellent game dare i say tehe best thing i ever bought
27,1.0,Balatro,contrast,True,50.13333333333333,en,Best Game I bought in a loooooooooooooooong time!
27,1.0,Balatro,contrast,True,44.233333333333334,en,Yea this game is maybe one of the best ever.
27,1.0,OneShot,positioning,True,10.7,en,10/10 one of the best games ever made. Once in a lifetime experience. Best monet ever spent
27,1.0,OneShot,positioning,True,14.15,en,Actually one of the best games I´ve ever played in my life
27,1.0,ELDEN RING,benchmark,True,311.01666666666665,en,Top 3 games of all time
27,1.0,ELDEN RING,benchmark,True,34.416666666666664,en,One of the best games ever made
27,1.0,To the Moon,positioning,True,5.066666666666666,en,the best game ever made
27,1.0,Vampire Survivors,contrast,False,0.9,en,Literally every game that this inspired is better.
27,0.635177385696396,ELDEN RING,benchmark,False,2.6666666666666665,en,Not my type of game but hopefully someday
27,0.5196162316637067,Ikenfell,core,False,38.43333333333333,en,bro wut is this game
28,1.0,Ikenfell,core,True,11.75,en,"Excellent game. Also, don't listen to Steam: It works on new macs"
28,1.0,OneShot,positioning,True,1.25,en,"DO NOT BUY if you're on macOS. The crucial gameplay elements don't work on macs and also it keeps crashing. Get the World Machine Edition instead, which provides a virtual OS so the game works flawlessly and besides that it is not much different from the original. I had to refund this edition midway through but finished the story on WME. As for the game itself, it is best experienced completely blind. It's phenomenal and will change the way you see videogames. I loved it. Although be advised because this game's gameplay is basically just exploring and puzzles, just with a fun twist. Also don't forget that fast travel exists."
28,1.0,OneShot,positioning,False,1.5,en,"Native Linux version does not work, and developers dont bother to fix it. Apparently World Machine Edition does work, but this fixed version sold as separate game, and that feels very greedy to have working version of the game, but keep selling broken one as well, misleading costumers as result: Steam page for OneShot says: ""OS: Your favourite Linux distribution"", while store page for WME does not mention Linux at all :/ Total disappointment."
28,1.0,Finding Paradise,positioning,True,3.5,en,Thank you for Linux support. Great story.
28,1.0,To the Moon,positioning,True,4.583333333333333,en,Great story. Thank you for Linux support.
28,1.0,Katana ZERO,contrast,False,0.8166666666666667,en,"This is quite a bit of fun. Reminds me of Hotline Miami, but honestly feels a little more polished in some ways, with a much more interesting story going on. That said, no resolution support for ultrawide. Usually I won't hold that against developers because there are almost always mods available for that, but there aren't even any mods to fix it. So despite being enjoyable, the big black bars on either end of the screen detract from it a ton. If you have a standard 16:9 monitor, I recommend this since this won't affect you. But for those like me who want their entire monitor filled without stretching the pixels and making it ugly, can't recommend."
28,1.0,Vampire Survivors,contrast,True,57.63333333333333,en,The fact that I play this game on three different platforms may say it all.
28,1.0,Finding Paradise,positioning,True,4.116666666666666,en,why does this game open my windows settings every time i boot it still very good game tho
28,1.0,Baldur's Gate 3,benchmark,True,75.65,en,its so fun to play just wish it worked better on computers
28,1.0,Baldur's Gate 3,benchmark,True,17.983333333333334,en,great game. Make sure your pc doesn't explode if you're running it on something with no GPU
28,1.0,ELDEN RING,benchmark,False,8.016666666666667,en,"DO NOT RECOMMEND IF YOU'RE USING EXTERNAL SOUND CARDS! keeps lagging audio, which can lag the visuals and of course you're more prone to die in games like this. and in discord on call with friends while chilling and playing it's much worse, audio and microphone keep cutting out and you have to constantly go to windows audio settings > properties > format and switching it back and forth. it's so frustrating, i've spent literally hours of what steam thinks is play time trying to solve this issue with no success. there's no fix! What's worse is i've heard From Software have had this issue since Dark Souls! They have no intention of fixing it and it's very disappointing. and of course they know about it. no other game i've every played has every had an issue like this that conflicts with my sound card."
28,1.0,ELDEN RING,benchmark,True,5.433333333333334,en,Could we please just get an update for ultrawide already?!
28,1.0,OneShot,positioning,False,4.35,en,"Game doesn't work on Linux AT ALL. Despite having native linux support. this issue has been around for a couple of years now, and the devs don't seem to care about it at all. Either fix the linux support or simply remove the native ""support"". I truly love this game, it's a shame that I have to leave a negative review. but I wasn't able to play it for around 5 years now."
28,1.0,ELDEN RING,benchmark,False,105.95,en,"Good game, but still no Ultrawide support."
29,1.0,In Stars And Time,core,True,32.38333333333333,en,"I spent 4 straight days playing this game, averaging about 6.5 hours of playtime per day. I barely played anything else, and I am so glad I spent this time with this game. The characters are so well fleshed out, and the story is so emotionally driven."
29,1.0,Small Saga,core,False,8.283333333333333,en,"8-9 hours to beat the game, which is okay but not great. The combat was also very, very easy, with me dying once throughout the 8-9 hours. The story was maybe a 6/10, and is quite heavy on the woke messaging."
29,1.0,Small Saga,core,True,7.45,en,"just beat it a bit ago, came out to I Think closer to 6 hours than 7. a ton of fun, a lot of heart, worth every penny"
29,1.0,Ikenfell,core,True,3.8,en,I played for 3.8 hours and I really love this game. You really have to battle a lot and level up to beat the bosses. It is just enough of a challenge to not get you frustrated and the story is quite awesome.
29,1.0,Ikenfell,core,True,4.266666666666667,en,"I know it says I only played this for 4 hours, but I played and beat this on switch (over 20 hour play time) and it was a fun time. Some of the later bosses and fights can get a little more drawn out, but overall it was a fun game."
29,1.0,OneShot,positioning,True,4.616666666666666,en,first time playing and i couldnt pick between home and the sun for 40 minutes
29,1.0,Long Gone Days,core,True,13.65,en,"about 14 hours for a playthrough. Good story, nice cut scene art and music. Combat and puzzles are more of a means to get through to the next story bit and not terribly difficult. Nice way to spend a weekend."
29,1.0,To the Moon,positioning,True,4.166666666666667,en,"Thought it was kind of slow in the beginning, but when I finished 4 hours had passed so I guess I had fun. Peak game tho."
29,1.0,OneShot,positioning,True,8.05,en,Got only 3 hours of sleep because of this game. (Probably need to revisit a few dialogues)
29,1.0,Baldur's Gate 3,benchmark,True,10.033333333333333,en,"Love the new game. But this is just 10 hours in, lol."
29,1.0,Finding Paradise,positioning,True,11.35,en,"11 hours to beat, and more impactful than any game I have ever played. Maybe i'm a sentimental person, but this game is truly a work of art with a beautiful story. Well done to everyone who made this."
29,1.0,Into the Breach,contrast,True,14.85,en,roughly 15h+ in: Nice puzzle-game with interesting mechanics and an interesting theme… tough dilemmas and fun combos lead to rewarding moments! Normal is tough (enough for me) and seems balanced (sometimes I overlook something that I cannot fix with a re-do the last action which is only slightly frustrating as you can usually bounce back).
29,1.0,Into the Breach,contrast,False,4.716666666666667,en,1 hour of play repeated for another 4 hours. No progress to keep interest.
29,0.6882611289561711,Baldur's Gate 3,benchmark,False,11.866666666666667,en,I gave it 11 hours or so. Reload Simulator.
30,1.0,In Stars And Time,core,True,23.9,en,It's a slow burn but ♥♥♥♥ does it burn good once it gets going
30,1.0,In Stars And Time,core,True,20.833333333333332,en,dude ♥♥♥♥♥♥♥♥♥ this game is POWERFUL
30,1.0,Ikenfell,core,True,1.5833333333333333,en,"1/3 the price of ♥♥♥♥♥♥♥♥♥ ♥♥♥♥♥♥♥, has actual heart, cute characters, doesnt fund trans genocide, and theres little cat meow meows x333"
30,1.0,Small Saga,core,True,1.65,en,"Hey wow this is great, came here from a ♥♥♥♥♥♥♥♥ and was not disappointed."
30,1.0,Finding Paradise,positioning,True,5.033333333333333,en,♥♥♥♥♥♥♥♥♥ Kan! The sprinklers came on again.
30,1.0,To the Moon,positioning,True,5.483333333333333,en,♥♥♥♥ and pissed my pants
30,1.0,To the Moon,positioning,True,7.2,en,"those ♥♥♥♥♥♥♥♥ rabbits, man т_т"
30,1.0,OneShot,positioning,False,0.7666666666666667,en,"Game straight up calls you (the player) a ""god"" as soon as you start the game, what is this ♥♥♥♥♥♥♥♥. Get out of here, ♥♥♥♥♥♥♥ story writing."
30,1.0,OneShot,positioning,True,10.333333333333334,en,"best 5 ♥♥♥♥♥♥♥ euros of my life dude, this game is HELLA fun, the way the game makes you actually search your computer to progress in certain parts is actually very cool. only down side is while doing solstice ending prophet bot made me feel like im an absolute piece of ♥♥♥♥, by him telling niko that [spoiler]everything is fake and i basically control the world they are in, also seeing niko sad after he heard about this made me feel more like a piece of ♥♥♥♥[/spoiler] edit: forgot to mention that the solstice ending made me super ♥♥♥♥♥♥♥ sad but at the same time super ♥♥♥♥♥♥♥ happy (also, i dont think getting wme is necessary if you are playing on a pc, i would get it tho just for the emoticons, they are super cool) 10/10"
30,1.0,Katana ZERO,contrast,True,6.333333333333333,en,WHERE THE ♥♥♥♥ DID YOU PUT MY LITTLE GIRL!?!? WHY?!?!
30,1.0,Vampire Survivors,contrast,True,9.183333333333334,en,God I love it when I get ♥♥♥♥♥♥ by the RNG for 9h in a row
30,1.0,Katana ZERO,contrast,True,6.016666666666667,en,Just play the ♥♥♥♥♥♥♥♥ game. SUCH MASTERPIECE
30,1.0,Impostor Factory,positioning,False,3.966666666666667,en,WHAT THE ♥♥♥♥ WAS THIS STUPID ASS GAME?!
30,1.0,ELDEN RING,benchmark,False,0.7,en,he was whipping up ♥♥♥♥ in a kettle
31,1.0,In Stars And Time,core,True,38.3,en,this game picked me up and threw me across the room a million times. 10/10
31,1.0,In Stars And Time,core,True,5.4,en,"had to play the game via nwjs directly but it was so good 10/10 (i finished it, ignore my playtime)"
31,1.0,Small Saga,core,True,11.15,en,"Easily the best game I've played in years, and exactly what I needed at this time. 10/10 etc. go play the game you fool."
31,1.0,Small Saga,core,True,10.3,en,"Damn this was a blast, i really wish i didn't beat it so i could play more, overall amazing game 10/10 would recomend"
31,1.0,Ikenfell,core,True,11.733333333333333,en,2/10 not enought testosterone jk 10/10 This game deserves way more attention!!!
31,1.0,Balatro,contrast,True,7.85,en,10/10 on the steam deck!
31,1.0,Vampire Survivors,contrast,True,370.0,en,I can literally play this game with 1 finger. 10/10 recommend to anyone.
31,1.0,Vampire Survivors,contrast,True,15.4,en,"My favorite way to gamba, 10/10"
31,1.0,Katana ZERO,contrast,True,8.416666666666666,en,Masterpiece of a game 10/10
31,1.0,Katana ZERO,contrast,True,9.7,en,"best side scrolling game i've ever played, this game is 10/10 for me"
31,1.0,Into the Breach,contrast,True,38.68333333333333,en,"This game is almost perfect for it's kind, 10/10"
31,1.0,To the Moon,positioning,True,4.616666666666666,en,this game is beautiful 10/10
31,0.5889423715734934,ELDEN RING,benchmark,False,73.51666666666667,en,"its a ps port, so 0/10"
32,1.0,In Stars And Time,core,True,18.566666666666666,en,"Wow. Story is amazing!! Gameplay is okay, i guess. 9/10!"
32,1.0,In Stars And Time,core,True,26.6,en,"Very easily in the top 10 of games that I have ever played in my entire life. The combat is fun (not very challenging, but fun), the story is exquisite, and you are taken on an emotional rollercoaster from start to finish. 10/10 game, I'm def going to come back eventually to platinum it."
32,1.0,Small Saga,core,True,7.85,en,"Absolute master piece 10/10, the story telling is amazing and the combat system hits the spot."
32,1.0,OneShot,positioning,True,7.183333333333334,en,"this game left me speechless, and it will be the best 10 dollars any living being will ever spend i'd give up all of my assets for a story like this story 11/10 gameplay 11/10 extra features 11/10 overall 100/10"
32,1.0,Long Gone Days,core,True,3.316666666666667,en,Good game so far. The story is pretty compelling and the art style is nice. I'm looking forward to when the next parts of the game come out. 8/10
32,1.0,Small Saga,core,True,9.416666666666666,en,"Actual 10/10 game, the story, the artstyle, the music, the gameplay, the dialog, everything about this game is perfect. I cannot recommend this game enough."
32,1.0,Long Gone Days,core,True,9.0,en,Good Story. Good Gameplay. Challenging. Overall 9.0 out of 10.
32,1.0,Ikenfell,core,True,32.03333333333333,en,A delightful little game with a charming art style and a surprisingly deep story. 9/10. (I took one point off for the deeply unsettling star thing.)
32,1.0,Finding Paradise,positioning,True,4.35,en,Such a good indie story game. 10/10.
32,1.0,Finding Paradise,positioning,True,6.016666666666667,en,"What an amazing game. Another rollercoaster ride that I will think of for a long time. If you find this game congratulation, you've really found a gem. 10/10"
32,1.0,To the Moon,positioning,True,3.35,en,Gameplay 6/10 not much to do other than interact with the objects P.S. the movement is kind of janky and is only 4 directional Art: 7/10 meh it’s fine just some pixel art Music 9/10 pretty good music and very heartfelt Story: 10/10 PERFECTION Glitches 4/10 pretty glitchy and i had to go back in my save multiple times but not game ruining just annoying. Overall I’d give it like an 8 out of 10 but that’s only if you want a game to make you cry if not then it’s like a 4/10 and I wouldn’t recommend
32,1.0,OneShot,positioning,True,9.683333333333334,en,"This game might not be up everyone's alley. But I enjoyed every second of it. This game's unique mechanics are something I have never seen in any game before and it really hit the spot for me. Just the way this game handles things, and the interactions between characters, and between the two routes is awesome. 10/10 Loved it!"
33,1.0,In Stars And Time,core,True,36.68333333333333,en,It personally took me awhile but I LOVED IT! the characters were endearing I will admit. and the ending was so sweet ( TO ME PERSONALLY. ) and I loved the world of these characters I want to see more of it!!!
33,1.0,Small Saga,core,False,6.866666666666666,en,"Game starts strong but then goes off on an internet fueled tangent; which I'd be more tolerant of if the story still followed through with the opening premise, but it doesn't. [spoiler]You kill no humans in this game. What a disappointment.[/spoiler]"
33,1.0,To the Moon,positioning,True,8.816666666666666,en,Very well-written and emotional story. I feel a little conflicted about the ending since I think it's meant to be happy but it feels very bittersweet to me. I like the game though and I recommend it.
33,1.0,Long Gone Days,core,True,13.933333333333334,en,"First played this ages ago and I'm so happy it's been completed, great ending, I love Lynn"
33,1.0,Ikenfell,core,True,9.933333333333334,en,"Very fun game, challenging in parts which felt good, good story and characters, a lil irritated at the epilogue as I would have prefer to have some decision over the ending in regards to who and if anyone I ended up staying with (gilda > pretrissia) but ye good writing."
33,1.0,Ikenfell,core,True,13.683333333333334,en,gameplay was alright. i enjoyed the wholesome ending :)
33,1.0,OneShot,positioning,True,8.55,en,Amazing game but teh ending is sad but it's still really good.
33,1.0,OneShot,positioning,True,8.833333333333334,en,"pretty good story + the main dude you play as likes pancakes and i like pancakes too which is good. Very memorable ending and the true ending was the cherry on top for me, 10/10"
33,1.0,Finding Paradise,positioning,True,5.066666666666666,en,"As with episode 1, the story is extremely well written and knows exactly where to hit in all the good ways. Highly recommend!"
33,1.0,Finding Paradise,positioning,False,3.816666666666667,en,"Not what I expected. Sad ending. Sad story. All in someone elses head. Honestly, without spoiling anything, borderline not even a game."
33,1.0,To the Moon,positioning,True,4.65,en,"""The ending isn't any more important than any of the moments leading to it."" Such a wonderful experience to have on a afternoon, everyone should give this game a try!"
33,1.0,Impostor Factory,positioning,True,4.6,en,"The unique perspective keep things fresh, while still retaining what makes the series so amazing. A personal favorite, and the point where i fell in love with the series."
33,1.0,To the Moon,positioning,False,3.1166666666666667,en,It was a solid play. Gave it a shot after seeing the overwhelming positive reviews. I'd be lying if I said that the endinghad me in tears but I could also see how some people could feel that way. + narrative music characters - weak ending to some (me)
34,1.0,Katana ZERO,contrast,True,4.116666666666666,en,Has amazing music good game for people feeling depressed or want to put out their anger in as the killing is really satisfying the lore is somewhat sad and depressing to think about good game btww
34,1.0,Katana ZERO,contrast,True,4.483333333333333,en,I haven't felt emotion like this since watching Cyberpunk: Edgerunners
34,1.0,Impostor Factory,positioning,True,5.216666666666667,en,I cried. Just like the other games. Thank you for making this masterpiece game.
34,1.0,Impostor Factory,positioning,True,3.3,en,"[h2]Beautiful, Poignant.. A masterful piece of storytelling. 9.5/10[/h2] It's a fitting end to Ken Gao's wonderful trilogy. Once again, the music elevates this from good to great, and the story will have you fighting back tears. Not a perfect score because the sci fi elements make me a bit lost, but the human elements to these stories are deeply human, relatable and beautiful. I'd recommend these games to just about anyone."
34,1.0,In Stars And Time,core,True,24.85,en,Amazing game and i cry evert time i watch or play the ending
34,1.0,In Stars And Time,core,True,25.216666666666665,en,This game is very dear to my heart. I cried so much :')
34,1.0,Meg's Monster,core,True,4.316666666666666,en,i cried. big thumbs up for big roy <3
34,1.0,Meg's Monster,core,True,9.766666666666667,en,"i sobbed like 10 times or more playing this game, 15/10 experience :'D"
34,1.0,Finding Paradise,positioning,True,0.11666666666666667,en,The first and only game that made me cry for real so far and ive played a f ton of sad games in my life and this is something else worth every penny
34,1.0,Finding Paradise,positioning,True,5.166666666666667,en,"no fair, who's gonna pay me back for the tears I dropped..."
34,1.0,OneShot,positioning,True,5.5,en,only game that ever made me cry
34,1.0,OneShot,positioning,True,5.866666666666666,en,"Most underrated emotional story game of my life, almost shed a tear!"
34,1.0,Small Saga,core,False,4.1,en,"got to the tower invasion, the group turned into a bunch of republican hating erotards emediatly turned me off from playing the rest of the game even after the mc getting stabbed in the eye i just couldn't care anymore"
34,1.0,OneShot,positioning,False,5.616666666666666,en,made me cry too hard
34,1.0,Into the Breach,contrast,False,3.1166666666666667,en,"The only emotion this game has created in me is frustration. I can't figure out how to have fun with it. If I try to care about protecting objectives, I end up frustrated by being unable to prevent damage to things and my mechs. If I don't care, I make it a little farther before dying. I've really tried, but I haven't made it past the first island, this game makes me feel stupid."
35,1.0,Meg's Monster,core,True,5.016666666666667,en,Very cute and endearing story overall. It was short and sweet. Well worth the buy!
35,1.0,In Stars And Time,core,True,32.93333333333333,en,very cool very funny very charming
35,1.0,Meg's Monster,core,True,8.266666666666667,en,"Highly recommend, great story, told well."
35,1.0,Long Gone Days,core,True,4.433333333333334,en,Amazing art and compelling story with very poignant themes.
35,1.0,Ikenfell,core,True,79.31666666666666,en,I've played this through a couple times now. A genuinely lovely story that spoke to me a lot.
35,1.0,Ikenfell,core,True,32.083333333333336,en,Loved the story and everything.
35,1.0,Impostor Factory,positioning,True,5.166666666666667,en,"and again another masterpiece, it's such a beautiful and deep story.... I need more! Kan pls!"
35,1.0,Impostor Factory,positioning,True,7.616666666666666,en,loved the story. (please give me more)
35,1.0,Katana ZERO,contrast,True,6.666666666666667,en,"Very well written tangled up story, well performed genre. Would recommend"
35,1.0,To the Moon,positioning,True,4.016666666666667,en,A good one as i imagine. Thanks for the story
35,1.0,To the Moon,positioning,True,4.2,en,"This was great story telling in a very accessible package. Accessibility: There are some flashing lights, and teh text cna't be adjusted in size or font, but you can take it at your own pace. || One of the best endings I've seen a story have in a while ||"
35,1.0,OneShot,positioning,True,5.316666666666666,en,short but one of the best stories oat : also the lore was great. i recommend
35,1.0,To the Moon,positioning,False,4.15,en,couldn't really connect w the story
36,1.0,Small Saga,core,True,8.983333333333333,en,"a really unique and fun little RPG set in a world where animals are sentient and see humans as gods. you are Guts- I mean Verm, a mouse who lost his bother and his tail due to the yellow god (an exterminator), and swears vengeance upon them, promising to slay the very gods with his god forged greatsword, titan reaper (a pocket knife). This game is like a high fantasy epic, but contextualized in our modern day world. cats are guardians of heaven. garbage is sacred and powerful artifacts. predators are great and powerful monsters. humans are incomprehensible gods, whom create wonders and terrors beyond imagination. the pacing feels a little weird sometimes, but it's worth the price of admission, and has some interesting things to say about animal personhood, the environment, and our relationship with the natural world."
36,1.0,Small Saga,core,True,7.616666666666666,en,gay squirrels are very cool
36,0.7117929497819613,Vampire Survivors,contrast,False,71.61666666666666,en,i hate this stupid game cux the panda has no jiggle pshicstr ps. needs more black people
36,0.5693678002590699,Ikenfell,core,True,21.65,en,ate too many queerberries...... I need more
36,0.5610188618596229,Long Gone Days,core,True,8.55,en,Unique! Gameplay comes with lots of variety. The story is fun to play through. I really enjoyed the graphics and felt more immersed than expected. I'd definitely recommend this! You do not need a mouse for this - would make a great game to play in the dark in your bed at night!! 10/10
36,0.5066286877878547,Finding Paradise,positioning,True,4.55,en,Rudog the red nosed corgi!
37,1.0,Meg's Monster,core,True,5.166666666666667,en,Good game. Not much gameplay but nice story.
37,1.0,Meg's Monster,core,True,6.466666666666667,en,Simply a beautiful game with a lovely story.
37,1.0,In Stars And Time,core,True,25.4,en,Great story and great RPG.
37,1.0,In Stars And Time,core,True,38.68333333333333,en,omg best game/story ever if you havent played this WHAT ARE YOU DOINGGGG
37,1.0,Small Saga,core,True,7.55,en,"Amazing game, good story and game-play overall :D"
37,1.0,Small Saga,core,True,7.45,en,Great game. simple but with many messages and good story
37,1.0,OneShot,positioning,True,2.2,en,The best story game to have ever existed.
37,1.0,OneShot,positioning,True,8.866666666666667,en,this game has canged my idae of games the story is one of the best ive played i just love the game (:
37,1.0,Ikenfell,core,True,35.483333333333334,en,"fun story and characters, really enjoyed playing this game"
37,1.0,Ikenfell,core,True,18.416666666666668,en,Great game with a great story
37,1.0,Long Gone Days,core,True,9.516666666666667,en,"Fun game, great story reall. Cant wait for more like this"
37,1.0,Katana ZERO,contrast,True,12.666666666666666,en,Really nice and story rich game
37,1.0,To the Moon,positioning,False,6.166666666666667,en,played this forever ago. The game is nothing but story and it was so unmemorable i can't remember a thing. I think that says a lot about a story based game
38,1.0,Meg's Monster,core,True,4.95,en,"Initially, the game didn't hook me in, but I kept playing and I'm glad I did, because it was worth the whole play-through. The mechanics are simple and familiar, and the story is well-crafted and engaging, providing a worthwhile narrative journey. It ultimately delivers a satisfying and pleasant experience."
38,1.0,In Stars And Time,core,True,24.083333333333332,en,"The story, dialogues, lore, and art are phenomenal. What holds this game back is a bare bones combat system and some mind-boggling design decisions. Many a time the game needs you to interact with a specific object or talk to a specific person in order to progress, sometimes offering vague hints, resulting in endless looping through the game until you find the thing. Doesn't matter if you've interacted with it in the past. While it ties into the themes of the story, it doesn't make it any less tedious."
38,1.0,In Stars And Time,core,True,30.35,en,"The dialogue in this game is so well-written that it almost overshadows its incredible worldbuilding and characters. Not only that, it uses the medium of video games excellently in order to tell its story, more than any game I have played before. I cannot recommend it enough!"
38,1.0,To the Moon,positioning,True,4.433333333333334,en,"I mean its alright, nothing extraordinary. Just a game with rich story, gameplay is ♥♥♥♥, controls are ♥♥♥♥, but we play these type of games just for story, aren't we? It's not too long, story is good enough, in general not bad"
38,1.0,Small Saga,core,True,7.383333333333334,en,Very fun game. Good writing. Nice pacing. Doesn't overstay it's welcome. Worth it.
38,1.0,Ikenfell,core,True,6.266666666666667,en,"This is a fun and creative indie game with an interesting take on what seemed at first to be a cliche story. I'm really enjoying it so far! It can be relatively challenging, but there are useful accessibility settings you can toggle to make things easier or more forgiving if you so choose."
38,1.0,OneShot,positioning,True,10.883333333333333,en,"very cute art with a cool story and premise. pacing can get a bit wacky near the end i think and it loses the lil puzzle elements for more story scenes, but it was overall a really fun experience. i think i was expecting a bit more with how highly people talk about the game, but that's not the game's fault."
38,1.0,OneShot,positioning,True,8.983333333333333,en,this game was very good it reminded me of this game i played a while back where it was in a Cave and there was a Story. a Cave Story if you will. i played this for free in a family library but bought it because i liked it and also to post this review and also to buy points shop items and whatnot just did 3 runthroughs to get all endings and i enjoyed it
38,1.0,Impostor Factory,positioning,True,3.6666666666666665,en,"Who ever is able, should experience this game series. One of the best story telling and dialogues . Someone might say it's life itself with all the ups and downs, all the if's and everything in between, beautifully imagined and narrated. 10/10"
38,1.0,Impostor Factory,positioning,False,2.6166666666666667,en,It gives an illusion of gameplay in the beginning but it soon just becomes a story with no player input
38,1.0,Finding Paradise,positioning,True,6.616666666666666,en,"The story was great. Without playing any other parts in the series, this game's story stands well enough alone and provides a lot of twists to keep others guessing. CONS: - No way to adjust the volume of the game internally."
38,1.0,Finding Paradise,positioning,True,5.85,en,"This game is so charming, you can tell a lot of love went into it!!! There are definitely things that could be improved (controls feel a little clunky, text boxes are often just empty and I have to guess as what I'm selecting, and PLEASE let me sprint), but if you go into this expecting a good story with great writing, the rest fades into the background."
38,1.0,In Stars And Time,core,False,13.216666666666667,en,"I really wanted to like this one but found the writing overly self-conscious, and the gameplay eventually started to drag near the end. If one or the other was more compelling, I would have enjoyed it. It's very polished and there are a lot of neat ideas!! And I can imagine younger folks finding more in the character dynamics. But just not for me at this point in my life."
38,1.0,To the Moon,positioning,False,5.15,en,"It's a super fun and sweet-sad story, but the gameplay is so boring that I just can't recommend it. It should have been a visual novel or an ""interactive"" movie. The puzzles and walking around are so tedious that they only detract from the great vibe provided by the combination of visuals, music and story."
38,1.0,Impostor Factory,positioning,False,3.816666666666667,en,I was disappointed with a lack of gaming component. It was a guided story without any real exploration or choice that a player should take. There was one interesting reveal for 3 hours of slow cutscenes.
39,1.0,In Stars And Time,core,True,17.683333333333334,en,A creative take on Click (2006) featuring Adam Sandler
39,1.0,In Stars And Time,core,True,45.56666666666667,en,"Amazing storytelling, amazing characters, great soundtrack. What more would you want? :3c"
39,1.0,Small Saga,core,True,20.066666666666666,en,"This is legit one of my favorite games of all time. It's very lovingly made, it is easy to see in the details. Also banger soundtrack!"
39,1.0,Small Saga,core,True,11.35,en,The soundtrack of this game is worthy of being remembered and cherished for generations.
39,1.0,Ikenfell,core,True,27.033333333333335,en,"A beautiful story, an amazing soundtrack, wonderfully diverse set of characters and chill gameplay. What else could you want? My heart will always have a special place for this game."
39,1.0,Katana ZERO,contrast,True,7.9,en,love the slow-motion and one-hit-kill mechanics. the soundtrack is also a banger.
39,1.0,Katana ZERO,contrast,True,9.683333333333334,en,a great story great gameplay great soundtrack and very cheap
39,1.0,To the Moon,positioning,True,0.9,en,great game with an amazing story & soundtrack
39,1.0,Impostor Factory,positioning,True,4.533333333333333,en,"Coupling the name and release date, the dev team's replies must have been Hell on Earth for a while. Jokes aside, another splendid entry. Best soundtrack so far. Fascinating implications."
39,1.0,Impostor Factory,positioning,True,3.95,en,"Soundtrack is always amazing, good story."
39,1.0,Finding Paradise,positioning,True,7.0,en,"would you like an extra serving of the sads, delivered in a masterfully written way? oh also you've got a killer soundtrack."
39,1.0,Finding Paradise,positioning,True,18.716666666666665,en,I would buy this game just for its soundtrack (which can be found in .ogg format by going to the game's folder and unzipping a file called Audio.dat).
39,1.0,To the Moon,positioning,False,2.216666666666667,en,"Music is good, story promising but lose its touch. Coming for the music."
40,1.0,In Stars And Time,core,True,51.93333333333333,en,this game was my gay and trans awakening
40,1.0,In Stars And Time,core,True,43.18333333333333,en,I wish gay people were real
40,1.0,Ikenfell,core,False,26.666666666666668,en,"I kinda like the game, but there's not a single straight person in it,"
40,1.0,Ikenfell,core,True,18.933333333333334,en,Without the doubt most gay game that I ever played. Really enjoyed it!
40,1.0,Small Saga,core,False,7.1,en,"Would be an amazing game if there was a good story without needless overtones of homosexual persecution. There was no need for any of that, really took me out of the game and it wasn't even well done just forced in there. This side of the game was hidden during the demo which was amazing and really had me excited for this but its a stinker."
40,1.0,Small Saga,core,True,7.983333333333333,en,One of the reviews promised force homosexuality and I was not disappointed
40,1.0,ELDEN RING,benchmark,True,338.05,en,I like this gfame and I am hgomo-sexual !
40,1.0,Baldur's Gate 3,benchmark,True,72.96666666666667,en,"this game is just fantastic in all aspects, my main problem with it is that I can't choose my character's sexuality so that men wouldn't try to sleep with me."
40,1.0,Baldur's Gate 3,benchmark,True,25.9,en,"who doesn't love being a bisexual adventurer? so easy to get lost in the depth of this game, even from the beginning, not in a bad way either"
40,1.0,ELDEN RING,benchmark,True,139.9,en,i wuv dis gaym so much is so gud and i wuv it
40,0.6332633627497748,Balatro,contrast,True,30.133333333333333,en,"amazing game but do be wary, this game does turn you trans if your not careful"
40,0.3972391016251834,Long Gone Days,core,False,2.283333333333333,en,"No romance option in a game I feel should have and especially when it focuses so much on the interactions with the group. Played it way back in beta, so the numbers of hours I have right now is not indicative, idk why they don't record the hours I have back then too, but whatever. The game's biggest strength is its storytelling and dialogues between people, at least it should have. I feel like most dialogues are so unnatural, and tone deaf towards certain situations. Relationships I feel should've developed, not necessarily romantic, never developed... be it between the casts or outside npcs. For a game centred around war, I wanted to see more bloodshed, especially ones focused around the main casts. There's way too many situations where we spare people and are not cold enough. It's like they're not aware of the situation they're all in sometimes, or their initial resolve to rid the world off a hidden evil is just forgotten..."
40,1.0,In Stars And Time,core,False,3.1166666666666667,en,"Perhaps one of the worst indie RPGs I’ve played in recent memory, not a great lgbt story either, I don’t believe the creator cooked here, and being tied to a prequel is really dumb. The twist about you being so many different chars didn’t land for me. I can’t recommend this in good faith."
40,1.0,Ikenfell,core,False,2.9,en,The character Gilda straight up sexually harassed the mc the minute she met them. I think the writers thought that because she is a lesbian it's 'quirky' or 'funny'. It's not. It's disgusting. For a game that is all about progressivism one would think they wouldn't forget basic human dignity- don't treat people as sexual objects. It's not that complicated.
41,1.0,Meg's Monster,core,True,4.016666666666667,en,Great short little rpg that really hits you in the feels. I think this is one I will find myself thinking about frequently.
41,1.0,In Stars And Time,core,True,35.0,en,"Genuinely the best RPG i've EVER played, I highly recommend it to those who are a fan of this genre!!"
41,1.0,In Stars And Time,core,True,18.1,en,ARO REP? IN AN RPGMAKER GAME? NOW THATS THE COOLEST THING I'VE EVER SEEN!!!!!!!!!!!!!!!!!!!!
41,1.0,ELDEN RING,benchmark,True,102.43333333333334,en,The best RPG ever played
41,1.0,Baldur's Gate 3,benchmark,True,93.18333333333334,en,"One of the best, maybe the best RPG game of all times"
41,1.0,Small Saga,core,True,4.016666666666667,en,"wonderfully written,old school isometric rpg. characters and storytelling is top notch needed something a little different and this hits the mark really well."
41,1.0,Small Saga,core,True,0.08333333333333333,en,An RPG that reminds me a lot of the Borrowers. Also maybe a little bit of Honey I shrunk the Kids. Pretty decent and now with the addition of Achievements it's all the better!
41,1.0,Ikenfell,core,True,43.03333333333333,en,Amazing game with old school RPG feel.
41,1.0,Ikenfell,core,True,13.116666666666667,en,This game is adorable. I've never really appreciated playing any RPG until i found this game. I HIGHLY recommend buying it!
41,1.0,Baldur's Gate 3,benchmark,True,380.75,en,took sometime after last playing to write this; yes its probably still my favorite rpg ever (especially with mods)
41,1.0,To the Moon,positioning,True,1.0166666666666666,en,One of the greatest game I've played. A rare quality RPG game.
41,1.0,To the Moon,positioning,True,4.45,en,"One of the best RPGs I've played. There's a couple puzzle mechanics to learn, though, this enthralling story will tug your heart through some of the greatest emotions one can muster."
42,1.0,Meg's Monster,core,True,9.366666666666667,en,"Pretty cool game. Adorable characters, heartwarming story. The gameplay is entirely narrative-driven. Combat is not very challenging, but keeps itself fresh and entertaining. Very much recommended."
42,1.0,Meg's Monster,core,True,4.2,en,"Very cute and wholesome game. Made me tear up a couple of times while playing. It has a beautiful and meaningful story with plenty of relatable or touching moments. The combat is very simple and was easy for me to figure out. It took me about 4 hours to play through the game and side quests. Worth a purchase, especially if it is on sale. :)"
42,1.0,Small Saga,core,True,10.233333333333333,en,just such a funny fun cute game like its so worth it the combat is fun and the story so so good
42,1.0,Small Saga,core,True,9.433333333333334,en,"A beautifully crafted experience. Story, artwork, lore and animations were all extremely well done (and humour.) My only complaint is the battle system is a bit too easy/simple, you essentially just follow the same formula every fight, all in all though not a game ruining system just the weakest point of the game."
42,1.0,In Stars And Time,core,True,19.866666666666667,en,"This game defintely has its ups and downs, the combat is fun for the first hour but gets repetitve fast. The concept of the game and the story are very good. Would reccomend for anyone looking for a good story game"
42,1.0,Ikenfell,core,True,22.6,en,"Has a really cute story! I have enjoyed it a lot :3 I do like the setting that allows the fights to auto ""great"" since then I can focus on the story more. It is awesome for people who want a challange and those who wish for an easier fighting experience."
42,1.0,Ikenfell,core,True,27.95,en,"Genuinely such a fun game, the combat is fun and expands as you play, the story is happy and makes you feel content. I loved it and hope that those who made it are living great lives bc waow. :3"
42,1.0,Long Gone Days,core,True,5.433333333333334,en,"Amazing art and story, there is a lot of depth with plays of different elements of thoughts, war, determination, and how far one can go for their believes , how it can make or k*ll you. The combat mechanics are pretty good too."
42,1.0,Long Gone Days,core,True,3.816666666666667,en,"The story quite interesting, but the it doesnt work well yet with controller. Also the battle system is quite unfair with morale that dont generate automatically and keep reducing all the time then the enemy who has the most damage towards you while you must keep using items and morale to keep up and at some point it would run out then zero progress...."
42,1.0,ELDEN RING,benchmark,True,28.366666666666667,en,Very good game.Nice combat and brithe taking Bosses
42,1.0,Katana ZERO,contrast,True,3.933333333333333,en,"fun combat, kinda wish there was more variety in the mechanics but I can tell so much effort went into making this game. I think the story holds your attention as well."
42,1.0,Katana ZERO,contrast,True,9.616666666666667,en,"amazing game, with a great story. Combat System is very cool and uniqe"
42,0.9757252622065327,Ikenfell,core,False,2.783333333333333,en,This game feels like about 75% cutscenes and 25% gameplay. Combat is fun but there is so much fluff between actual opportunities to play and the story isn't nearly engaging enough to make that experience enjoyable.
42,0.8928296558286789,Baldur's Gate 3,benchmark,False,64.25,en,"Dialogue is utter guff, UI clunky and counter-intuitive. A bit impossible not to get turn based combat correct. Story is good but ruined with millennial pish writing and distracting strange sexual overtones to every encounter. Anything that is not the combat is dire. Act 1 was great, 2 not so much, 3 was so disinteresting I stopped half way through. This game is, in one word, pish."
42,0.8867890777525421,Ikenfell,core,False,5.466666666666667,en,"Music is the best thing in this game. The combat gets very repetitive as other reviewers have said and the story is so bland., I could barely push myself to finish it."
43,1.0,In Stars And Time,core,True,64.56666666666666,en,"Playing this game was an experience I will never forget! :D The art and music draws you in, but the comradery between Isabeau, Odile, Mirabelle, Bonnie, and Siffrin as well as the twists and turns along the way keep you locked in. I had so much fun just reading the dialogue between characters. So much humor and charm behind nearly every interaction, even with the people in the town. Their friendship is an anchor in a world of chaos, and it's so wholesome despite the pressure they faced. I also liked how the battle system was based on rock. paper, scissors, even if it did make combat less complex as a turn-based game. My only gripe with the battle system was how tedious it became to battle over the course of the game. I eventually found an item that allowed me to circumvent some of the tediousness which was nice. My main complaint with the game is that there are certain parts that feel unnecessarily frustrating and difficult to complete. I would say Act 4 gave me the most trouble and I actually had to go through a walkthrough twice in order to finally pass it. The story, characters, art, and music make it worth it but it does feel a little too much at certain points even if I understand it relates to a core part of the story. I highly recommend this game! This is one of those games that can change your life by playing. I will never forget my buddies Siffrin, Odile, Isabeau, Mirabelle, and Bonnie ; u; <3"
43,1.0,Ikenfell,core,True,33.46666666666667,en,"Gameplay wise, incorporating timing is used to make players get more involved with the combat system. How engaging it is varies from person to person, though the pitfall of ""losing a match because you mistime a single action"" ala Virgo vs the Zodiacs is not present, which should give you a glimpse of the overall difficulty. Personally, I recommend new players to turn on semi-auto for the first few chapters to get a sense of the timing without trivializing everything. Though be warned that once you master the rhythm part, most boss fights become cakewalks. The boss fights are also pitfalls of the game: Because of the 3xN nature of the grid, a single enemy will be severely restricted mobility wise, which, combined with traps, allow for the players to pummel bosses relentlessly. There is also no mana, so resource management isn't a concern. This means that bosses are difficult not because of their own patterns or gimmicks, but mostly because they throw a bunch of minions at you, sometimes to the point of blocking movement altogether, though I guess that's the point. Of course, at any time players can press the ""I win"" button, which I applaud for inclusivity - video games are for everyone after all. Speaking of inclusivity, the story absolutely does that theme justice. So as to not get into spoiler territories, I'll just say that you have representation of all sexual orientation and genders: from lesbians, gay, straight, to enbies and genderqueer... It shows a more realistic representation of life, that your identities matter, and most importantly, that people can accomplish great things regardless of background. Though I do wish that their identities factor into the plot or their character arc a bit more, but it's within the developers' imperative to create a fully tolerant world free of bigotry, and I respect that. [spoiler] My biggest peeve with the game is its epilogue, in which Gilda and Maritte are stated to have broken up because they love someone else, but Gilda is still shown to be completely head over heel for her ex. It's good that they remain amicable and avoid the stereotype of breaking up, but is it too much to ask for a happy ending for Gilda. She's my favourite character and now i just feel bad for her. The little gay disaster is really relatable and it's sad that after an entire game of bottling up her feelings she didn't get even a confession scene to end her arc with :(( [/spoiler] Edit: apparently you can buy the entire game's OST on bandcamp, so I retract that part of my review."
43,1.0,Ikenfell,core,True,15.383333333333333,en,There are a few issues with the combat. For one you can't see enemy range or attack pattern when viewing their stats during battle so you don't know how far they can reach. Also if large enemies stand in front of your characters they can obscure the indicators of the quicktime events. Lastly the turn order makes no sense. Your teammate with the highest speed doesn't even come first among the 3 partymembers all the time. And it can often happen that some enemies have double turns before one of your team even had 1. As for difficulty the only thing that seems to matter is not missing the quicktime events. Especially late game it is the difference between taking 2 damage and 22. Otherwise a great game with a nice story.
43,1.0,Long Gone Days,core,False,10.866666666666667,en,"Fight difficulty is always a joke entire way through sadly. Battles are also super tediously unoptimized. Why do I have to shoot the turrets down after killing the boss? How come if I increase the stats of every party member, I have to sit through a message for every one?... and a message for every single one losing said buffs? If you don't guess what the dev wants you to pick during boss fight convo you get the bad ending. Said bad ending also just doesn't make a lick of sense in context of world. The sniper sections felt so underdone they probably should have been cut. Like you shoot three people and the last person just... stands there watching them? I finished hoping game would improve, but just felt like some more thought needed to go into certain things"
43,1.0,Long Gone Days,core,False,7.233333333333333,en,"I went into this game very much hoping that I would like it. I won't lie, the visuals alone were enough to sell me on it but ultimately after reaching the end point of this version I can say that it had little bearing on the efficacy of the game. [ GAMEPLAY ] So, what went wrong? Let's start with the gameplay. The combat works like this: You can either hit the enemy with a % chance to miss, or you can hit the enemy guaranteed at a cost. Like, a cost that only has an unreliable way of being renewed. The simplicity of the skills really, really leaves a lot to be desired. Apart from the distinct lack of strategy in a turn based military RPG (use multi-hit attacks on multiple enemies and heal allies who are dying does not count), this feels like an awkward way to handle combat. It's a subtle pressure for you to not use your abilities as much as possible because you never know when the next morale (MP) boost will come since it's tied to major story events, but at the same time, the game is easy enough that you can just regular attack your way through the entire game save for a few instances those AoE attacks become relevant. Personally, I kept missing chest shots and pretty reliably hit head shots so it gave the impression that it didn't really matter that much which one I picked. If I'm going to miss anyway, might as well chance it on the higher damage option, which worked out pretty swimmingly. The slowness of the combat combined with being generally unstimulating leaves it feeling very much like an afterthought. Seems late in development to revamp the combat system, but if there's still room for hefty change I'd strongly recommend it because as it stands, the gameplay is a chore to sit through. The fact that I can't distinguish who can equip which armor whenever I pick up new gear is mildly annoying... [ WRITING ] For a game that tackles some serious subjects, it certainly doesn't feel like it takes itself very seriously. Okay, sure, maybe a missed opportunity but not a deal breaker. What does it have to offer instead? Well, not a whole lot. Because of its wishy-washy, half-serious tone, any kind of grim or otherwise dramatic scene that is presented is undercut by non-committal platitudes that lacks any weight or emotion. Rather than provoking feelings that are genuinely moving or rousing, we get these sort of... deflated anime speeches that feel like they don't have anything real to say. This could be salvageable if the game decided to lean more heavily into comedy or other more light-hearted avenues to make up for this, but it doesn't do that either. Instead, it sits in this awkward middle of the road space where it's NOT serious enough to be a properly gripping tale of injustice and revolution, but it's TOO serious to be a fun adventure about friendship and growth. I think it's possible to do both honestly, but the writing is much too timid to actually push for it. The actual dialogue feels quite stilted as well, falling short of giving players the impression that these are believable characters, or even that we should be invested in them. Their speech patterns are just barely distinct enough to not blend together, and it's all kind of robotic overall. This is not helped by the fact that the personalities of these characters suffer the same problem as the story writing: Too serious to be fun to read, not serious enough to be compelling. I can't speak for the entire plot, but of the roughly seven hours I've played so far it's been serviceable, with some hiccups and questionable moments during cutscenes here and there. The story is fine, if a little boring, but certainly not remarkable. [ STYLE ] The art is very good, and aesthetically pleasing throughout. The music, not as much. The soundtrack used in this game isn't memorable or particularly even enjoyable to listen to most of the time -- it's just kind of there to fill in the background so it isn't dead air. But rather than fading out of mind, it pulls me out of the experience a little. Not much else to say here, the game would benefit from tighter direction of the music. [ CONCLUSION ] Right now, this is not a fun game. It is an okay game at best, and sometimes that's enough for the average player to squeeze enjoyment out of it. If this is you, don't let this review discourage you from at least trying it out yourself. Otherwise, I find that it fails to deliver quality on many fronts -- but not so much that it can't be redeemed. In my opinion, there IS a base of a good game here, somewhere. But it would take much reworking to transform this into something memorable. I can't say it's something I'm holding out hope for, but hey, anything can happen."
43,1.0,Katana ZERO,contrast,True,16.033333333333335,en,"Rating: 8/10 This is an absolutely amazing game, and one that often gets overshadowed by more popular titles in the genre of kill-them-all-in-a-cool-way games. The mechanics are extremely fun, and the inclusion of a full-speed level ""playback"" in a game centered around slow-mo mechanics takes away the usual distinct lack of coolness that comes with slow-mo. However, I think what often gets glossed over in discussions of this game is the story. At its core, this is a fascinating story about PTSD and the military-industrial complex. At times, it can get a little too unncessarily edgy (by which I mean the edginess doesn't add to the story), but it piqued my interest overall. The only real criticism I can level at this game (besides the occasional edginess) is that it's too short. The mechanics and areas feel too brief to really sink my teeth into them, and far too much of the story is left up in the air. The developers have been working on a (free!) DLC, though, so here's hoping it will expand further on the interesting elements of the gameplay and plot!"
43,1.0,ELDEN RING,benchmark,True,768.1833333333333,en,"so at 3/4 of 1k hrs into this game i feel i have the ability to leave a actual worth while review for it. To start this off, i will say this is the easiest Soulslike to get into and i adore how it lets you either do everything or do minimal, not only because some of us just arent completionists but also because it helps if you Elden ring RP like i do in my own little head canon at times. The only two main negatives i can say anything about are the two that make my eyes rollll playthrough after playthrough. horse combat Boss variety. For the horse combat, its janky, itsdifficult to do properly, and its lame. as a spell caster i even have issues doing that on horseback as a lot of times the character will fire their shots in the way youre facing and not in the way the target youre locked onto is. for boss variety, i would have liked to have seen more options. but i also understand that with the base game having 147 bosses in it total that it would be a pain in the ass to even have 60 unique types outside of legacy bosses. So while disappointed on that one, i do understand it at least. Otherwise i dont really have any complaints. This game is one of my favs and is legit always installed on my rig. The evironment, the sound design, the combat, its all spot on for me. this game gives a ♥♥♥♥ ton to experience and i personally think that if you can enjoy it then you should experience it all the way at least once. if you dislike this game, happy trails and make sure to review your fav game so maybe some of us will be apt to try it. If you decide to try this game and enjoy it. Welcome to the lands between ye tarnished and may you never lose the touch of grace."
43,1.0,ELDEN RING,benchmark,False,90.43333333333334,en,"+ aesthetics + world building (although it’s too big) + atmosphere + english voice acting - the input reading is hilarious. Makes the boss fights annoying as ♥♥♥♥ since the enemy reacting on your input instead of your character moving obviously isn’t immersive at all. It‘s as close to the computer reading your mind as it can get. - the dodge roll mechanic is so goofy, who thought it’d be a good idea to keep this. Boss fights consist of goofball dodge rolling + hitting once or twice until the enemy is no more. You can parry some attacks, but since many boss combos feel endless, you’ll find yourself dodging way more than parrying. Only jaded sick ♥♥♥♥♥ could like such a bad game design. Mortal Shell 2 did it right - most quests are barely solvable without a guide. You’ll be more likely to ♥♥♥♥ up a quest than to finish it successfully without reading guides. Bad game design again - why put more dungeons if you’re gonna reuse all the bosses a quadrillion times anyways? Bad game design again - who decided it’d be a great idea to give information about the lore almost exclusively via reading item descriptions? There’s a billion videos about the Elden Ring lore out there because Fromsoft were unable to manage decently explaining what’s going on in their own game. Bad game design - no DLSS. I‘m running a high end system and it’s lagging on ultra in 4k. If you can’t manage to optimize your game properly, at least implement DLSS so my GPU doesn’t have to render your unoptimized garbage in native - mandatory sharpness filter, Reshade required to remove it. Welcome to 2010 - souls „community“ is an absolute pile of ♥♥♥♥ made of 17-yr-old virgin fanboys shouting GIT GUD reflexively once you criticize the game in any way. They feel so superior for liking a game with bad design decisions that are all over the place, it could be the plot of a South Park episode. It’s like their brains are just wired that way and they’re unable of critical thinking - like monkeys. They’re cancer. Cancer monkeys"
43,0.9370340428203746,Katana ZERO,contrast,True,6.216666666666667,en,6 hours - completed bunker part 2 and reached ending. Final boss pattern is insane overpowered with that laser rifle. It's best to memorize boss positioning to pre-empt attacks with the katana. Government labs seems to be locked. I wonder what's in the chambers.
43,0.9204101173632935,Small Saga,core,True,11.116666666666667,en,"This is a really good game and I'd recommend giving it a chance! The story is good, even if it is somewhat predictable. The characters were mostly likeable. The combat is turn-based with a simple yet fun action cost economy. You can somewhat customize your party with their own individual skill tree that you can change on the fly, and for free, to fit the situation you are in or just prefer. There are no random encounters in the traditional sense, all fights are set which, to me, gives off a DnD-esque feel. My only real criticism would be that I wanted the game to be longer, more side areas to explore, as the game felt short. Don't get me wrong, the game doesn't feel rushed but I just wanted more."
43,0.9163843611077532,Meg's Monster,core,True,4.75,en,[b] 5 Point review [/b] 5 pros and 5 cons. Thumbs up or down is just my personal like or dislike of the game. Pro [list] [*] A genuinely emotional story that will hit many in the feels. [*] Fun combat that is more puzzle/story then typical turn based combat. [*] Simply great pixel art perfect for smaller screens and the steam deck. [*] A short adventure that doesnt over stay its welcome without dlc coming in at about 5 hours give or take an hour. [*] Achievements are nearly all story based but upon beating the game chapter select lets you go back if skipped a side content. [/list] Con [list] [*] While the combat feels very undertaleish it never goes far enough with it. [*] The story uses a odd plot device to give a connecting point rather then doing a good and bad ending based on actions or choices. [*] While it has a lot of varied gameplay this is a heavy dialogue story which will not be for everyone. [*] While the music goes from good to decent in range there simply isn't enough to give the bigger story fights enough to highlight them. [*] The price point is a tad high for what it takes to 100% the game but it has been in bundles before making it easier to recommend. [/list]
43,0.9146932341347893,In Stars And Time,core,True,18.5,en,"If there one characteristic I'm certain on, In Stars And Time's writing takes out many dialogue flourishes and facial expressions to make the characters WORK, especially across many, many, many, loops. Those interactions changing across the loops is how I see this story suits itself to a game. On the flipside, I not so sure I felt like gameplay should really take this long, owning to how combat is ""required"" with a certain fast traveling resource that feels somehow separate from the story, and yet is part of the story. I suppose that resource is just-- not gelling with the story in a game technical sense. I suppose, the story doesn't have much interactions with that resource outside of the resource being used to force the player to battle enemies? Except, enemies aren't *the* problem, rather it is the environment that acts as the challenge posed by the story. Enemies are just there, with very little interactions compared to the environment. With that said, I enjoyed In Stars And Times for bringing out these lovable dorks of main party, and an excellent showcase of dialogue tricks... Oh, I suppose I should say the game does a lot with very little in regards to maps & music. Classic pitch shifting, hahaha!"
43,1.0,Ikenfell,core,False,23.233333333333334,en,"I'm sad to give this a negative review but as the game went on, it only got worse and worse until I couldn't take the game seriously anymore. The cast is entirely queer, including one person with neopronouns which is nice to see. The story and characters are generally very shallow, and around the midpoint of the game each chapter starts feeling monotonous as the plot takes too many twists and turns to have been planned out beforehand. Combat is generally enjoyable, though in the late game health pools start scaling up and it's hard not to want a defensive build when a couple bad timings could cost 3/4 of a party member's health bar. Assigning equipment is rather unwieldy, as there's too many choices that are hard to compare to each other and become obsolete every other chapter, as well as completely arbitrary weapon upgrades that are just a money sink. There's adequate accessibility options to both autocomplete action commands as well as fights themselves, and also an option to display content warnings which is very much appreciated. The ending solidified my negative review. No specifics, but [spoiler] after defeating what you'd think to be the final boss, another character unleashes barely-hinted at powers and you have to slog through a whole other multi-phase boss fight with them that I guess is supposed to be sad? the music in the fight is orchestral and somber but it's a full encounter that's only a little lower in difficulty compared to the previous boss. it's just baffling how the pace could be killed THAT quickly. [/spoiler] to its credit, the music is very good, though I think playing songs with lyrics during some boss fights was a mistake. it's undoubtedly the best part of the game, alongside the charming pixel art graphics. if you do play ikenfell, feel free to spin the control stick around in battle to fly into the sky!!"
43,1.0,Ikenfell,core,False,24.666666666666668,en,"tl;dr -- The storytelling and the soundtrack are pretty good. The gameplay falls off quickly, starting from the mid-game. Early game is balanced well and enjoyable. Chapter boss HP scales exponentially and their damage scales linearly. Your damage from levels and your damage from gear scale VERY linearly. Which means your damage will get outpaced starting from the mid-game. Late game, the bosses start to hit you for 45-80% of your HP while you will hit them for 3-4% of their HP: If you build damage, you deal 4% and take 80-100% of your HP per boss hit. If you build tank, you deal 3% and take 30-45% per boss hit. Either way, the boss fight will take 60-90 minutes and will cycle through the same 3 mechanics. PRO TIP: enable ""auto-victory"" and click it often."
43,1.0,Ikenfell,core,False,44.95,en,"This is a fine title if you're a really big fan of turn-based tactical combat, but the only 2 possible selling points - combat and story - leave some MAJOR holes. Combat- It's slow. Tedious and repetitive. Part of this is because of the ""combat timing"" interaction, where abilities have a slightly randomized pattern to make it harder to get perfect defense, but that really doesn't excuse it when increasing combat speed isn't an option. Some enemy attack animations (paper airplanes) can make a single instance of combat last for more than 15 seconds before you have the *option* to cheat for instant victory. Buffs and debuffs typically last 3 turns, and you're expected to use them a lot for any hard combat. Bosses almost always spawn adds to slow you down, have tons of health, and usually don't hurt. In some cases, they also have several dull phases. Further, characters can't aim sideways. There's no explanation given, but you're on a 3x12 or so board, and being next to a target is generally a problem. In the end, the combat isn't really difficult and doesn't require a lot of thinking. You keep up your buffs, debuffs, and wail on the enemy for as long as it takes to make combat end. Most items are prohibitively expensive to use outside of hard combat situations, and the only remedy for this status is copious amounts of stealing - which, again, extends each and every combat, and can only be done by 1 character. The story: Apart from major gaps in the story, minor characters steal the spotlight at the end for no apparent reason, few of the characters are actually likable, and there's a weird disconnect between how the avatars are presented in game and the apparent ages and actions of the characters themselves. The ending scenes don't even seem to relate to the events that occur during the game. The secrets in the game, after a ton of hunting, will lead you to secret bosses! These, like the others, generally aren't hard, but expect to take 20-45 minutes *each* to defeat. They will not offer additional story content or any fun lore/interactions. Negative ranting aside, the music in the game is genuinely incredible and worth listening to without playing the game itself. It might be the only reason I felt compelled to finish the game."
