cluster_id,cluster_probability,title,group,voted_up,playtime_at_review_hours,analysis_text
0,1.0,In Stars And Time,core,True,53.983333333333334,jogo filho da puta me fazendo chorar que nem otario
0,1.0,In Stars And Time,core,True,19.5,"Puta merda esse jogo é bom, compre, vale a pena"
0,1.0,Small Saga,core,True,11.45,la mierda menos rejugable que existe
0,1.0,Ikenfell,core,True,4.516666666666667,Un muy buen juego - acuérdense de usar las opciones de accesibilidad si se les hace muy difícil.
0,1.0,Long Gone Days,core,False,6.833333333333333,"la historia esta decente pero el combate es horrible, vean un gameplay en YT y ahorrense la plata"
0,1.0,OneShot,positioning,True,15.333333333333334,"Acho que o conceito de ser um jogo que quebra a quarta parede, e o Niko interagir com o jogador, me fez amar isso, e me fez ficar mais conectado ao Niko, e me fez me importar com ele como se realmente fosse uma pessoa. É o conceito de ser ""evoluído"", de você dar importância para algo mesmo que não seja real, ao ponto de isso se tornar real de verdade. Foi tão lindo, o mais lindo que eu vi em todos os jogos que eu já joguei, OneShot realmente mudou como eu vejo jogos. É incrível que esse jogo tenha 9 horas de gameplay, espero que todos possam ter essa experiência que eu tive, e realmente se conectar com esse jogo como eu fiquei, e que possam ver que jogos são muito mais do que apenas jogos, também podem ser ensinamentos."" ""Prometo... Nunca me esquecerei de você, EoBad"" ""Então... cuide-se bem, ta?"" ""Adeus, EoBad"""
0,1.0,OneShot,positioning,True,9.283333333333333,es umo fe mijuegls dvofgiso ño judhl esde que ydngl memoria havenuko s cjnto ños plr hl del 2p18 en el ue efnkna mañan gfnquiñ
0,1.0,OneShot,positioning,True,10.416666666666666,"Cara, ainda não acredito que um jogo pixelado me fez chorar e ficar de luto. Primeiramente quero agradecer ao Goularte por me mostrar esse jogo em 2025, quero parabenizar todos os envolvidos nessa obra prima também, esse jogo é o meu jogo favorito, o jogo que eu levarei para o resto da minha vida, é um jogo que eu não queria zerar, queria jogar ele sem parar, todos os dias o dia todo, esse é um jogo que eu quero platinar e pegar todas as conquistas, esse jogo me mudou como pessoa, meu apelido, meus gostos, tudo. Sou muito grato aos criadores."
1,1.0,ELDEN RING,benchmark,True,122.98333333333333,i am malenia blade of miquella and i have never known defeat i am malenia blade of miquella and i have never known defeat i am malenia blade of miquella and i have never known defeat
1,1.0,Katana ZERO,contrast,True,4.566666666666666,"Short, fun, and really hard at times- Katana Zero is a fun arcade like action game that I'm glad I took a chance on. Its narrative is also really good too. Luckily, there's going to be more of this game when its free DLC ""eventually"" comes out.... any day now."
1,1.0,Katana ZERO,contrast,True,1.65,if there are zero katanas why does he have one?
1,1.0,Katana ZERO,contrast,True,7.35,"Short but sweet and leaves me wanting so much more. It's great as it is, and there's a foundation here for a proper masterpiece. Still waiting for the DLC years later, and I will wait as long as it takes because this brutal samurai-thriller action, cut from similar cloth as Hotline Miami insofar as it's fast, frenetic, and lethal, is cracked. And for a game so clearly focused on its action gameplay, it has a shockingly intriguing plotline that leaves me wanting to dig into its lore more. And more games need to utilize interrupting dialogue options as Katana ZERO does."
1,1.0,Katana ZERO,contrast,True,16.766666666666666,Katana ZERO is one of my favorite games. Was a very memorable experience and Dunkey is right; the one hit kill is the way to go.
1,1.0,Katana ZERO,contrast,True,6.466666666666667,"For the low low price of $14.99, you too can be blueballed by the ending of Katana ZERO."
1,1.0,Katana ZERO,contrast,True,10.083333333333334,"Katana Zero was an incredible experience from start to finish. The pixel art and visual style are absolutely gorgeous. Every level is full of personality, and the neon aesthetic makes the game look incredibly stylish. It's certainly not another MetroVania Flop. The story was the biggest surprise for me. I expected a fun action game, but I ended up completely invested in the characters and the mystery. The gameplay is fast, satisfying, an rewards precision. Some of the sections felt like technical puzzles, you have to think about your timing, movement, and every kill, I ABSOLUTELY LOVED THAT. Finally pulling off a perfect run after figuring everything out felt amazing. The soundtrack ties everything toghether perfectly. Overall, this is one of those games that'll stay a while after the credits roll. If you enjoy stylish action games with a great story and gameplay that rewards skill, this game is absolutely worth playing."
1,1.0,Katana ZERO,contrast,True,3.45,Playing this with bathrope and Katana might make you cool but you can't never be Shinju Sakaruma without getting high on Chronos
2,1.0,Small Saga,core,True,12.5,"You buy it to play as a little rat and end up invading laboratories and facing off against weasels. The RPG elements are engaging without becoming grindy or pointless, the characters have dialogue that brightens up your journey together, and the main character has interiority that feels rewarding to unpack as more of the story progresses. And the art is a delight! Big props to the development team; I hope to see a small saga 2 one day."
2,1.0,Small Saga,core,True,7.083333333333333,"Fair warning: achievements are listed, but not implemented in the game. If you care about those, be warned. That being said, I truly think you should play this game. It has a well written story, supported by the gameplay in clever ways. I never struggled, Small Saga is not a hard game, but it doesn't need to be. Cool story, cool mechanics, what else can I say?"
2,1.0,Small Saga,core,False,9.05,"Small Saga was pretty mediocre. There are some pretty cute moments where I enjoyed the characters and how they reacted to the events unfolding. However, the overall story operates at so much of a breakneck pace that it makes character development incredibly jarring; characters will flip motivation on a dime just to railroad the main plot. In the span of ~6 hours, you [spoiler] help a child run away from home, start a prison break which leads to overthrowing an authoritarian town and installing a new leader, start a revolution against the monarchy, overthrow a slaver, and help a person reconcile their past[/spoiler]. The game honestly tries to do too much too fast, which makes transitioning between main story beats turbulent. This results in characters not realistically offering pushback on others or having instantaneous changes of heart. Simultaneously, new ideas and information on people’s past are constantly introduced, but never meaningfully utilized or elaborated on. Many of the main story conflicts are resolved off screen and are only barely mentioned being resolved in a few sentences. A few characters are particularly loathsome with cringy dialogue in the form of forced memes. There are also several references to memes that were topical at the time. Constant attempts at humor are made but they mostly fall flat. The story takes up the vast majority of the game with some light amount of boss combat near the climax of each plot point. The combat is extremely vapid to the point it feels like a fantasy story masquerading as an RPG. There aren’t any meaningful decisions to make in terms of building character skills or gear. In fact, the game has several skills that increase damage to different types of enemies that either appear in only 2 combats or only in one chapter. I never felt in danger during combat and it boiled down to spamming damage abilities with no thought. It is very dissonant to be a meek rodent trying to rise up against larger creatures while combat is never dangerous. The final boss of the game was doing attacks that did 2 damage to me. There is a lack of polish that hampers the storytelling experience. Many important story moments had no music or ambient sound that made reading the dialogue emotionally hollow. Nearly every cutscene in the game used fades to black to hide actions being performed, items being placed, etc. There are also many incredibly long walkways between story areas that don’t serve any purpose to gameplay or storytelling. They don’t build atmosphere and just pad playtime as you meander through empty halls in dead silence. Overall, I found Small Saga to be entertaining enough to want to see the game through. The game was gifted to me and I think if I had spent the $15 myself, I would be more disappointed. For that reason, I can’t really recommend this game to others for its price. The plot is too hasty and needs to take more time so that many of the introduced threads are not hand waved away."
2,1.0,Small Saga,core,True,9.216666666666667,"Small Saga is a whimisical game, with its fair share of funny as well as thought inspiring dialogue. World Building, Characters and Story were all very captivating to me. The combat is serviceable, It was a tad easy for my taste at times though. But this isn't a bad thing, it made for a nice and relaxing gameplay experience, without being boring. Also, the soundtrack is phenomenal! All things considered, it was an allround grand experience o7"
2,1.0,Small Saga,core,True,7.933333333333334,"Small Saga is a wonderful bite of nostalgia. A tale reminiscent of an era of role playing games last seen on game consoles of old. Filled with classic character tropes, zany antics and comic mischief layered on top of darker themes. The game itself is not expansive, but what it lacks in exploration and experimentation it more than makes up for in humor, story-telling and presentation. The average play through would be equivalent to that of Final Fantasy or Dragon Warrior(Quest), the first in their respective series. But–I would argue that the story experience of this title will feel genuinely closer to that of Final Fantasy IV or Suikoden (the first.)"
2,1.0,Small Saga,core,True,14.683333333333334,"[h2]I'm Ashamed I Forgot About This Gem![/h2] You know that feeling of once playing through something fantastic, something that gave it its all with strong visual identity, memorable characters, and a story that genuinely sticks, only for it to slowly fade into the back of your mind years later? Well... I know that feeling well. That’s Small Saga. A JRPG that proves you do not need a massive open world to sell the idea of an incredible RPG. As even the smallest creatures have a big story to tell. [h2]Issue[/h2] Small Saga’s biggest issue was it's visibility. It released quietly and never quite got the spotlight it deserved, releasing around the same time that huge RPGs like (Baldurs Gate 3) were gaining traction. This of course made it easy to overlook or forget entirely. On top of that, I would have to say that a lot of people just don't like the idea of a linear RPG, you know, like myself. I prefer to overlevel and overexplore until I am a god, but here it's all on the rails story progression. Pacing can also feel somewhat quick, leaving some moments you wish had more time to breathe and fully come to life, but that's more on the small side. [h2]Impression[/h2] At its core, this is a classic JRPG. You manage a traditional party setup with a healer, support, and two fighters with some debuffs and buffs to help you on your journey. Progression is tied to boss fights, with a level gained after each one. For some players, this is where the experience can feel overly streamlined and, at times, unfun when you can't power level. This is similar to how a game like Chained Echoes handled progression, which was not fun. Combat itself is rarely challenging as long as you lean into the game’s powerful combo effects, which can make most encounters trivial. That lack of difficulty may leave some players underwhelmed. Where the game truly stands apart is its story, which is genuinely amazing. This is elevated even further by the pixelated, cinematic presentation during boss fights and key story moments. Those sequences are striking and memorable, and they do a lot of heavy lifting in setting the game apart from others in the genre. It's a solo developed masterpiece in every possible way. [h2]Story[/h2] You play as a small mouse in a vast, dangerous world. After your brother is killed by the Yellow God, you swear revenge and set out to end this particular humans tyranny. With your life destroyed, the rodent population of Rodentia lives in fear, until you march into the den of beasts on a quest far larger than you could realistically handle alone. Along the way, you grow stronger, learning from allies and experiences, as your journey shapes not only Verm, the sole survivor of the Yellow God’s reign, but also the other characters you encounter. The story emphasizes growth, resilience, and the bonds formed in the face of overwhelming odds, giving the narrative depth beyond the typical revenge tale. It's surprisingly emotional, and for once again a mostly solo-developed title, this is one such game you don't want to miss out on for various reasons. It's one of the best of it's kind. [h2]Conclusion[/h2] I’ve played through this game once and am now finishing a second full playthrough. I had completely forgotten how good it truly was. That’s the thing with games like this: no matter how memorable they were, over the years the impact of the story, character development, and world-building can gradually fade, but returning to them is like starting over fresh. You get to re-experience the joys of this world and appreciate for what it offers. Then one day, you decide to give it another try, expecting little more than a dull story because you personally feel bored of all the other games you have or haven't played, and suddenly you’re completely absorbed, hooked by the story, invested in the characters, and captivated by the presentation. So do yourself a favor: take a deep breath, stop hesitating, and pick up Small Saga. It’s an experience you won’t soon forget, unless you well... Forget like I did, over time. [quote] Please consider following my [url=https://store.steampowered.com/curator/41005226/]Curation page[/url]. I cover a wide range of genres both paid and unpaid, providing unbiased opinions as well as regular giveaway events. [/quote] [b]Video Review[/b] https://youtu.be/th4cpTBCYDQ"
2,1.0,Small Saga,core,True,14.383333333333333,"I had such an absolutely wonderful time with Small Saga. I greatly enjoyed the story, art, and music. So much heart and soul has been poured into it. And without a doubt its going to stick with me for a long time."
2,1.0,Small Saga,core,True,0.2,"This game was a pleasant surprise through and through! It's a relatively short RPG but the art and characters and overall storytelling was very neat! I do think the combat was bit ""easy"" at times but honestly I was just vibing with the story so it's acceptable and still did what it needed to when it needed to at the moments where it was needed. :3 Yes I'm being deliberately vague LOL. Anyway, very great game and a fun play! I'm glad to have tried out Small Saga! (Btw my Steam says I've only been playing for 0.2 hours but I swear I've been playing 9+ hours so.. not sure what that means lol)"
3,1.0,Baldur's Gate 3,benchmark,True,68.15,mmmmmmmmmmmmmm vampire bite me hehehehehehhee
3,1.0,Baldur's Gate 3,benchmark,True,248.66666666666666,Hot Vampire Daddy with underlying daddy issues what more could you want really
3,1.0,Baldur's Gate 3,benchmark,True,752.4666666666667,"had sex with a vampire, a bear, a squid and two devils 10/10 would do it again"
3,1.0,Baldur's Gate 3,benchmark,True,21.95,I have something for white haired vampire fictional men ASTARIONNN
3,1.0,Baldur's Gate 3,benchmark,True,31.566666666666666,i love that vampire guy
3,1.0,Vampire Survivors,contrast,False,0.08333333333333333,"Preface- I have played this game when I was hanging out with a friend using their account. Vampire survivors has two games you're playing. Your ""run"" or what looks like the gameplay actually just serves as a medium for the actual game which is progression. I tried playing the game for fun, the phycological trap didn't affect me and the current ""run"" aspect of the game is the most boring thing someone can subject themselves to. I wish this had mining crypto in the background or served some greater purpose, at least that would have some artistic merit to it. The many clones it inspired has done irreparable damage to the indie development scene. This is a genuine 0/10 experience designed to be as addicting as possible. AVOID."
3,1.0,Vampire Survivors,contrast,False,34.38333333333333,"Vampire survivors is something I'll never go back to. It's got the hallmarks of a great roguelite, but oh my god... Just like Ball x Pit, this game has decisons. But such a small amount that they almost don't matter. The gameplay outside of decisions is fed you to you on a spoon. Dodge enemies, upgrade weapons, finish run, upgrade stats. But these don't make the game good, they make the gameplay feel pointless. But I think that's what alot of people... want...? They want a mindless game. You don't have to try super hard. You don't have to think about decisions if you don't want. You just make a build good enough that the rest of the run is a waiting simulator. But then why am I playing? Not to overcome some great challenge. Not to construct some masterpiece of a run. Not to create beautiful memories. Just something to do in the blank spaces of life. Its a dopamine farm At least it's cheaper than smoking."
3,1.0,Vampire Survivors,contrast,True,13.633333333333333,"The vampires might not survive, but I will. (maybe)"
4,1.0,OneShot,positioning,True,5.616666666666666,if a single person ever calls Niko a cat I will commit a war crime
4,1.0,OneShot,positioning,True,7.6,niko is my favorite car
4,1.0,OneShot,positioning,True,7.133333333333334,I wont forget you Niko o7
4,1.0,OneShot,positioning,True,4.85,This game had tought me alot. Lesson: If I had super powers I would be a villain and sacrifice the world for the ones i love. Long live Niko.
4,1.0,OneShot,positioning,True,3.0166666666666666,I think they should make a spinoff where Niko plays basketball with the sun as the ball.
4,1.0,OneShot,positioning,True,6.083333333333333,This game had me sobbing so hard i was crying over the ending i love niko
4,1.0,OneShot,positioning,True,5.466666666666667,"Loved this game. Was cute, atmospheric, and kinda freaked me out at certain points. (but like full-on scared) Gonna miss ya Niko..."
4,1.0,OneShot,positioning,True,9.383333333333333,"This is another edit. I now can't form an opinion on the computer person. I have sent her home, so she can be happy with her family. It's what sweet Niko deserves."
5,1.0,ELDEN RING,benchmark,True,489.98333333333335,"I ♥♥♥♥♥♥♥ love elden ring, Best game of my life and ever."
5,1.0,ELDEN RING,benchmark,True,166.08333333333334,"Praise the moon! Praise the message! ENG / CZ The Elden Ring, a game where you can have as much fun as you absolutely want. A game with so many options of build, from bullying enemies with baseball bat, to archmage where you bully them with one spell. A game so perfect that you can kill 200 hours and yet have so much fun, if it's too easy for you go play the new game +7 and prepare for your anus to be demolished more than many porn actresses. This game of course comes with beatiful graphics and absolutely magnificent sounds and soundtrack itself, if it's not enough, you can play The Shadow of Erdtree dlc where you get bullied for many and many hours. This is Elden Ring, a game where your role is the victim. Elden ring, hra kde se budeš bavit jak jen moc budeš chtít. Hra s tolika možnými Buildy, od šikanování protivníků s basebolkou po arcimága který bude oponenty týrat s jedním kouzlem. Hra tak perfektní kde můžeš zabít 200 hodin svého času a i tak tě to bude bavit dál, a jestli je to pro tebe jednoduché, zapni si new game +7 a připrav svůj konečník na větší demolici než většina porno hereček. Tato hra samozřejmě přichází s nádhernou grafikou a naprosto úžasnými zvuky či hudbou samotnou, jestli ti to nestačí, můžeš si stále zahrát The Shadow of Erdtree dlc, kde budeš šikanován na mnoha a mnoha dalších hodin. Toto je Elden Ring, hra ve které tvá role je být oběť. Try fingers, but hole. Praise the message!"
5,1.0,ELDEN RING,benchmark,True,190.31666666666666,"Foul Tarnished, In Search of the Elden Ring. Embolden By The Flames of Ambition. Buy This Game, It's Very Fun"
5,1.0,ELDEN RING,benchmark,True,200.16666666666666,"You should play Elden ring, what an amazing game"
5,1.0,ELDEN RING,benchmark,True,930.0833333333334,"No other game has amazed me more than Elden RIng. Forget your standard rpg with quest logs, quest markers on the map, skill tree. You emark on a personal quest, free to use any available tools to overcome the many challenges. And there are plenty. So much fun to be had exploring the different ways there are to play the game. This is an open adventure where you are free to roam and carve your own path to the Elden Throne to become Elden Lord."
5,1.0,ELDEN RING,benchmark,True,37.9,"Man, what can I even say about Elden Ring. I have platinumed this game on PS4 and PS5, finally got it here on Steam cause f**k Sony. This game, to me, is quite simply the greatest video game of all time. Controls are smooth, story is fantastic, gameplay is of course difficult but seldom unfair, and there's just no way to accurately describe the feeling of venturing into the open world for the first time unless you experience it for yourself. This is an absolute must play for any gamer, although I personally didn't like the DLC (Shadow of the Erdtree) that much but the base game remains solid even after many years. Do yourself a favor and get this game, it rarely goes on sale but that hardly matters when the value you're getting far exceeds the price."
5,1.0,ELDEN RING,benchmark,True,80.13333333333334,Elden Beast is a joke of a boss. Besides that everything else about this game makes it one of the greats. One of the best gaming experiences I have had in my life.
5,1.0,ELDEN RING,benchmark,True,2120.733333333333,"Easily my favorite game of all time. Been playing since day one and I have to say this is by far one of the best games on the market. Are there issues with the game, yes of course. But I think that every game has there fair share. With Elden Ring in particular I think seemless co-op should be an implamented feature for these games as well as better cross play. Balancing is a topic often mentioned but I feel with the amount of time I have spent here I think I can saftly say that it's fair. These games are hard but once you find out how to take on the challenge it gets easier and more fun. If you're stuggling with any point in the game I think there is always a salution that can be made, And if you want some pointers I'd be glad to help you, as this again is my favorite game, of which I have spent a disgusting amount of hours in."
6,1.0,In Stars And Time,core,True,49.766666666666666,Peak game Don't spoil yourself Just play it
6,1.0,In Stars And Time,core,True,37.05,highkey peak the ending could have been done better I wish there was a bit more lore but pretty peak game I love the charecters and the art style and the progression
6,1.0,In Stars And Time,core,True,32.5,Holy peak. Very charming and awesome
6,1.0,In Stars And Time,core,True,23.466666666666665,I super duper promise this game is PEAK. Be careful though because this one time I read a title of a book and it gave me this massive headache...
6,1.0,In Stars And Time,core,True,19.716666666666665,"Actual peak, one of the few games that I could get really emotionally invested in. The gameplay is also nice. Honestly probably the best time loop storylines I've ever seen"
6,1.0,In Stars And Time,core,True,40.05,HOLY PEAK BELL GOES DING DING
6,1.0,In Stars And Time,core,True,33.95,PEAK!!!!! PEAK GAME ABOUT TIMELOOPS RAHHH
6,1.0,Small Saga,core,True,6.833333333333333,"Absolute peak. It's a short experience, no grinding necessary; amazing story, amazing music, amazing graphics. I wish I knew about this game sooner."
7,1.0,Ikenfell,core,True,15.016666666666667,"I found Ikenfell through its soundtrack, and the game went on sale shortly after. I'm glad that I pushed myself to buy the game. As someone who can get into turn-based tactics, I found the combat relaxing. and the scope of Ikenfell's plot was kept within reason to emphasize the care that they put into developing the characters throughout the story. :3 Ikenfell is exactly what I appreciate seeing when I'm lucky enough to come across it, and I would recommend this to someone else also looking for something a little laid back."
7,1.0,Ikenfell,core,True,22.816666666666666,"Ikenfell is a sweet little RPG I do like the game; the music is good, the story is nice. The gameplay left a bit to be desired, though. I found later-game activity to be rather frustrating and I ended up turning on easy mode; the two main grievances I have are routinely getting screwed over by the enemy party having too many turns in a row, and some actions, such as placing traps, not counting as a turn at all unless you do it. The last few sections of the game were so frustrating to me that they ended up souring the game in general a bit. I can't hold it against it too much, though: I'm not great at RPGs, and I don't like them much. Unfortunately many of the really good indie games seem to be RPGs. I'm not over the moon about this game but it's pretty good and probably worth your time, especially if you like this sort of game."
7,1.0,Ikenfell,core,True,30.85,"If this game came out 30 years ago, it would definitely be regarded as one of those classic RPGs you could play over and over and over without ever getting tired of, like Final Fantasy and Chrono Trigger. Ikenfell does a masterful job at immersing you in the fantasy of having an adventure in a school of magic, and making it into a really fun RPG. And the music is incredible too! By the end of it, it's impossible not to love every single character, including the small NPCs. I simply love this game, it is perfect. If I had to find one flaw, it's that there are way too many bosses that summon minions."
7,1.0,Ikenfell,core,True,19.033333333333335,"Ikenfell is a story-rich, wholesome game with beautiful, grounding music and a world that feels warm and inclusive, especially in how it embraces LGBTQ representation. The characters and setting are so charming that it’s hard not to wish the game would go on longer. The instant victory option was a great touch, letting the story shine without combat frustration. I would happily play any sequel, prequel, or new story set in this universe."
7,1.0,Ikenfell,core,True,12.566666666666666,"Ikenfell is a straightforward RPG on the surface, but it surprises with a touching story, character growth that feels natural, and a solid battle system. It may not be a groundbreaking adventure, yet it delivers a warm, engaging experience that is easy to appreciate."
7,1.0,Ikenfell,core,True,30.75,"Reading negative reviews makes me think I played a completely different game. I know player experience may vary but I think most of the negative reviews are either too harsh or the game is just not someone's cup of tea. As for me, finally playing Ikenfell was a great decision. The battles were never tiring (enemy attacks were so well telegraphed that most of the time it was possible to get them right even on the very first try), the story was enjoyable, the humor was good and the vocalized songs were a pleasant surprise. I loved all those tiny QoL features like highlighting items that can be used outside of battle or a party member that temporarily cannot be switched out. I wholeheartedly recommend this game."
7,1.0,Ikenfell,core,True,0.25,"Ikenfell is a turn-based tactical RPG that was officially released in 2020. The story centers around a group of students at a magical academy who, while exploring their school, encounter various monsters and bosses. Unfortunately, even after all these years, the game is still only available in English and Japanese, with no plans for a Chinese translation. Some have described it as an LGBTQ+ version of Hogwarts. 《Ikenfell》是一款回合制戰略角色扮演遊戲，於2020年正式發售。遊戲的故事中心圍繞一群在魔法學院裡的學生，他們在探索自己的學校過程中，面對各種怪物、Boss。比較可惜是過了這多年，現在還是只有英文和日文，沒有打算出中文版。 有人說這是LGBTQ+霍格華茲魔法學院。"
7,1.0,Ikenfell,core,True,133.03333333333333,"A very charming story-driven RPG. Whether you connect with the characters and the story will depend on each person I think. The combat is very well designed, and feels really good even in the random encounters. It rewards careful positioning, and while the timing gimmick can start to feel tiresome after a while, each spell has a different timing to master, which keeps the combat fresh. The art can be somewhat janky at times, but the music is noteworthy and has some bangers. Overall, Ikenfell was an excellent experience, which I recommand heartily."
8,1.0,Baldur's Gate 3,benchmark,True,73.4,"amazing game, the best souls-like I ever played"
8,1.0,Baldur's Gate 3,benchmark,True,136.46666666666667,This game nourishes my soul in way I wouldn't thought is possible.
8,1.0,ELDEN RING,benchmark,False,352.55,This ♥♥♥♥♥♥♥♥ company is a far cry from the one who made Dark Souls 3.
8,1.0,ELDEN RING,benchmark,True,400.6666666666667,You either like it or have played it too much and forget why you like it in the first place. Not to say it doesn't have issues but this is easily one of the best souls-likes in history.
8,1.0,ELDEN RING,benchmark,True,67.01666666666667,this was the first fromsoft game i ever completed and it made me go back and play the souls series now im hooked on this style of game and struggle to find something new to play i have maybe 5000 hous across 3 platforms and i just keep playing 10/10 game for sure in my opinion.
8,1.0,ELDEN RING,benchmark,True,7.3,"So nice I bought it twice. After finishing the base game and DLC on PlayStation I decided it was time to move to some better hardware. Don't let the 7 hours playtime fool you, I've sunk at least 1,000 hours into this game. What can I say about this game that hasn't already been said a million times? This game is an undeniable masterpiece. The culmination of expert narrative construction, environmental storytelling and lore, awe inspiring vistas, mind blowing architecture, unparalleled gameplay, perfect sound design, epic score, staggering enemy variety including some of the coolest bosses in any FromSoft game to date with some of the most fascinating backstories and relationships. Not to mention an unbelievable amount of weapons, spells and armour to choose from to customise your Tarnished to your liking. The Soulsborne series has always been about overcoming adversity, and I don't think that's more present than in this game. It is genuinely overwhelming the sense of wonder and triumph this game provides, even on multiple playthroughs. I only wish I was legitimately at the 7 hour play time mark, I would love to go back and experience this all from the very beginning again, and again, and again... ad infinitum... Thank you Miyazaki and team, truly."
8,1.0,ELDEN RING,benchmark,True,155.55,"Steep learning curve at first if you haven't played a Souls game but once you get the hang of things it's a great game. Only one gripe I have about it is the way it handles capping your frames at 60fps. At times, I have to go in and change my refresh rate before loading another game or I'm capped at 60fps based on the monitors refresh rate (G-Sync enabled). A small price to pay for a decent game."
8,1.0,ELDEN RING,benchmark,True,61.96666666666667,"This is pure ART - the peak of gaming and RPG, the begining and the end. If you never played it - dont buy it - play Dark Souls then II, III and then this master piece. Dont be like me playing both games simuntaneously. Playing it hurts but wining gives you much more. Gaming experience would never be the same for me. Combat is top notch, story is great, only thing - crafting is just - meh..."
9,1.0,Small Saga,core,True,7.316666666666666,10 out of 100 i hope we git more DLC. or SS2
9,1.0,ELDEN RING,benchmark,True,191.58333333333334,My favourite singleplayer experience of all time if the DLC is included
9,1.0,ELDEN RING,benchmark,True,22.366666666666667,good but do NOT play the neighreign dlc
9,1.0,Vampire Survivors,contrast,True,114.51666666666667,Im still waiting (and buying dlc's) for poncle to finish updating so i can get all achievements for the 4th time
9,1.0,Vampire Survivors,contrast,True,115.25,"This game has no right to be this much fun! Get all the DLCs, you won't regret it."
9,1.0,Vampire Survivors,contrast,True,71.98333333333333,so much variety and humour for such a low price. with sizable updates and dlc ! it`s almost binding of isaac all over again. it still might be some day.
9,1.0,Into the Breach,contrast,True,14.733333333333333,Great tactic Game! Please make DLC I am ready to buy!
9,1.0,Into the Breach,contrast,True,134.13333333333333,"Great ♥♥♥♥♥♥♥ game . The DLC is so much more difficult , but I am getting there ."
10,1.0,Meg's Monster,core,True,4.566666666666666,"beautiful pixel art, diabetes touching story, couldn’t put it down 👌👌👌"
10,1.0,Meg's Monster,core,True,3.9,"Beautiful heartwarming story, great pixel graphics and BGM, reminds me those simple gaming time."
10,1.0,In Stars And Time,core,True,74.28333333333333,"Great game, great story, good pixel art, i did fill a few frames of pixel art felt a bit off but a majority of it was very good."
10,1.0,In Stars And Time,core,True,91.21666666666667,"At the fist this game was not that fun for me until the act 2 and sometimes it was gettin' on ma nerves but JIZZ - now look at my play time . Literally I played this game 3 TIMES. seriously this is one of the best pixel art game with Contains all the emotions of Character well ""I Don't wanna say more because for spoil"
10,1.0,Small Saga,core,True,14.816666666666666,"Amazing pixel art, outstanding soundtrack, and a captivating story makes this turn-based rpg simply a joy to play. The game really gives strong vibes of many of the cRPGs of the 80s and early 90s. I think anyone that enjoys turn-based RPGs, pixel art, and the nostalgia of retro games will enjoy this game. I honestly hope they make a sequel one day to continue the adventures of Verm and his friends."
10,1.0,Small Saga,core,True,7.15,"Great Storytelling, simple gameplay, great pixelart. Overall, a great chill rpg to play on a weekend."
10,1.0,Small Saga,core,True,12.566666666666666,"Great RPG, the pixel art is some of the nicest I've seen. The story was well written, felt a little fast at some points but overall was great. For being a rather small game it has enough content to warrant a second play through, I would recommend this one."
10,1.0,Small Saga,core,True,7.6,"A charming and beautiful little story. Very in the spirit of RPGs of the late 90s and early 2000s, with truly epic pixel art scenes at times."
11,1.0,Finding Paradise,positioning,True,4.683333333333334,"Great follow-up to To the Moon and another reminder that I really love these playable novel type games. What makes this one so fun is the mix of mystery and banter. I was always curious about what was really going on, what we were about to learn, and where the story was heading next. That kept me hooked the whole way through. At the same time, Dr. Watts and Dr. Rosalene make everything entertaining scene by scene, and Watts especially was a huge part of the fun for me with all his sarcasm, jokes, and random references. The low-friction interaction helps too, because the game stays focused on what it does best. The music and atmosphere were excellent! Now I’m really looking forward to Impostor Factory. I feel so lucky getting to play these all at once given these games originally came out years apart!"
11,1.0,Impostor Factory,positioning,True,5.866666666666666,"This is the second-to-last game in the [i]To the Moon[/i] series. As with the previous titles, you can expect gorgeous pixel art, a beautiful soundtrack, expressive animations, and a lot of reading. Fortunately, the writing is top-notch. It leans far more toward a walking simulator than a traditional video game. In fact, Impostor Factory features even less player interaction than its predecessors. There are no more puzzles here at all. Instead, it focuses almost entirely on delivering its narrative. It is difficult for me to say which of the three main games I have liked the most so far. However, I can definitely say that Impostor Factory was the most emotionally impactful for me. The plot remained gripping all the way to the end, and the post-credits scene leaves plenty of room for speculation. I am glad there is still one more game left for me to play in this series. I guess I am just a sucker for these short, narrative-driven pixel art games."
11,1.0,Impostor Factory,positioning,True,4.0,"While some critics have pointed out that the story did not live to its ""true potential"", I personally think that for what it is; a story about finding meaning in an artificial world, it delivers its intended message exceptionally well. Impostor Factory doesn't need to be a complex sci-fi epic to be brilliant. It shows us that a physical reality doesn't really matter all that much. If you are feeling genuine love, grief or joy, then those emotions are 100% real to you in that moment. It's honestly my favorite so far from the series."
11,1.0,Impostor Factory,positioning,True,4.316666666666666,"Another game in the now long-running To the Moon series, Impostor Factory has so many twists and turns that they're becoming the hallmark of the entire series. [spoiler] And to think that a simple murder mystery leads to the actual origins episode for the entire series, detailing how Neil Watts existed in the first place. [/spoiler] Looks like I'll look forward to the beach episode, which is stated to be the penultimate game in the series."
11,1.0,Impostor Factory,positioning,True,10.733333333333333,"Impostor Factory is interesting in that it challenges the philosophy presented in the previous games and sets up the Beach Episode for success by starting to put the hypocritical actions and beliefs of characters front and center. Also, compared to the other games, it also seems to focus a lot more closely on the emotions of the characters without them having to explicitly state how they were feeling. Characters cry and don't need to state why exactly they cry. You just know. I could notice that Kan Gao was making a clear effort to improve his writing and storytelling within Impostor Factory and, even if it isn't perfect, it still tells a cohesive story that can be enjoyed on its own. I also feel the need to pay some respects to Jordan Baer as this was the last game of the series that he was directly involved in (funny that his last game was very focused on being caught between living a normal life or a life dedicated to lighting the way for others). I hope his family is doing alright."
11,1.0,Impostor Factory,positioning,True,3.7666666666666666,"Impostor Factory is significantly different to the first two To the Moon games, and it suffers for it. Unfortunately, I would consider this one to be the weakest of the series. To be clear, it is not a bad game, and it fits as an integral piece of the whole, but the level of captivation the other games manage in me is not quite achieved. I believe this is due to the change in protagonist, as Neil and Eva have next to no presence in the bulk of the story. They were what made the other games pop, with their funny, charming dialogue contrasting with the emotional weight of the others' stories, a sort of 'chiaroscuro' effect, if you will, that was incredible. As a part of the series, this is a must-play, but on its own, it has much to be desired. 6/10"
11,1.0,Impostor Factory,positioning,True,2.933333333333333,"If you enjoy other games from this developer, you will probably enjoy Impostor Factory. It has the same emotional heart-tugging, sense of jokiness, and ""real/not-real?"" memory happenings. It has the same flawed characters doing things, unspecified ""medical condition"", and people telling you there's a big secret that they're keeping but they can't tell you what the secret is. It's difficult for me to rate this game strictly ""recommended"" or ""not recommended"" but I'll flag it as recommended since it's better than the vast majority of games I've played. I give Impostor Factory a 7 out of 10."
11,1.0,Impostor Factory,positioning,True,5.2,"[b]Impostor Factory[/b] serves as the missing link that finally brings the SigCorp saga together. While initially presented as a standalone murder mystery, it slowly reveals itself as a deeply connected narrative that ties [i]To the Moon[/i], [i]Finding Paradise[/i], and the minisodes into a single, coherent whole. What begins as an intriguing game gradually transforms into one of Kan Gao's most confident and emotionally resonant stories. Narratively, Impostor Factory feels like a return to form. The main theme is just as approachable as [i]Finding Paradise[/i] while having the same finesse in storytelling as [i]To the Moon[/i], taking the best of both worlds. The central twist was genuinely unpredictable to me, yet completely logical in hindsight, which is a very difficult balance to strike. The game also manages to expand [spoiler]Neil[/spoiler] as a character: questions that lingered across previous entries are addressed, adding layers of depth that recontextualize his behavior throughout the series. Overall, Impostor Factory feels like the perfect conclusion to a theoretical trilogy. It respects the legacy of the previous games while standing on its own, delivering one of the strongest narrative experiences in the series. [h1]The Good[/h1] + Perfectly ties together [i]To the Moon[/i], [i]Finding Paradise[/i], and the minisodes + Adds significant depth to [spoiler]Neil[/spoiler] and answers long-standing questions about him + Feels like a natural and satisfying conclusion to the trilogy + Storytelling is top tier, easily the strongest aspect of the game + Soundtrack and ambience are once again flawless + Plot twist manages to be the central piece that ties everything together while still being surprising + Baited by Kan Gao by thinking this was just a ""murder mystery thriller featuring multiple casualties"", unrelated to the past games + Still using the greatest game engine of all time, RPG Maker, to its full potential + We can finally run!! [h1]The Bad[/h1] - None. Well played. (first game I review where I have zero complaints, quite an achievement!) [i]Is it wrong if all I really wanted to be is just another lavender?[/i] [h2]10 / 10 - IGN[/h2]"
12,1.0,To the Moon,positioning,True,14.95,"To The Moon ~ tbh i played the original just for easy perfect game (achievements) and that was years ago i even forgot the story but it was great thats what i remember and then it got remastered version so i just found myself play it again i just finished it and i can say its looks simple but for me it was really worth it story so emotional nice characters , nice music , etc... i guess i will buy all freebird games because of ""To The Moon"" <3"
12,1.0,To the Moon,positioning,True,4.583333333333333,"This game is a masterpiece. It took me about 4 hours to complete. It is very short game although it is amazingly fun. If you like like heavy-ish emotional story game. This game is filled with puzzle and while the gameplay is fun, the story is what makes this game an easy 10/10. This is my third favorite game of all time. It has incredible story telling and it is so nice to see how everything connects together. I highly recommend this game as it an amazing experience and will leave you wishing to play more freebird games."
12,1.0,To the Moon,positioning,True,8.333333333333334,the impact this lil game had on me within the span of playing will last a lifetime. thank you FreeBirdGames. 🕊️💖
12,1.0,To the Moon,positioning,True,5.166666666666667,"Great deep storytelling but, the characters however misleading in their development and. It's kinda funny also because the game comes with a single achievement that you need to opt into the old version of the game to even get, the game itself went through multiple versions before reaching it's final stage which is what you will see by default upon hitting play for your first time on the game, the game dev freebird studios is also focused around deep storytelling games aswell, and this is just one installment of a greater series, it's good kinda like when anime stages a setting and characters although, most of the time a miss or a hit i guess if it bodes well this one specifically is a one-off story since the plots based on granting a final request to fill a bucket list of sorts but it's pretty good just not great enough to be memorable i recommend it either way though even if the game only lasted like 5 hours."
12,1.0,Finding Paradise,positioning,True,6.05,"another masterpiece from freebird games, also the ost was amazing"
12,1.0,Finding Paradise,positioning,True,5.95,"1. This game = Super Brillent Story telling + heartwarming. 2. This game takes less than 6 hours to complete. 3. Every movement of this game is worth your time playing it. 4. For me this game was easily 10/10. (Must Play game ) 5. 100% Recommended and all the other games from ""Freebird Games"" developer."
12,1.0,Finding Paradise,positioning,True,6.233333333333333,"I definitely recommend it! I mean, I liked the storytelling, the pixel art, the art style, the game design, and the soundtrack, and I got a bit emotional :D Nothing more to say! I already played the other Freebird games... I don’t really remember ""To the Moon"" since it’s been years since the last time I played it, but I liked that one too."
12,1.0,Finding Paradise,positioning,True,5.083333333333333,"Really great game, just like the other Freebird games a very good story told in an amazing way."
13,1.0,Meg's Monster,core,True,6.5,"BUY THIS GAME! If you've been waiting to feel that Too the moon experience over again look no further. Pros: - The Combat is fun and brings variety - Great art style - Top Tier story Cons: - Some parts of the story are a bit slower then others - You will cry, so if you are on a no cry break it'll be over - the side mission parts were neat but kinda felt like an artificial way to not make the game feel linear. I really hope this game wins award and gets the recognition it deserves because it truly was lovely. I give it 4/4 Council Monsters."
13,1.0,To the Moon,positioning,True,5.4,"[I]To the Moon[/i] is bitter sweet pixel-adventure game about how love and live and last wishes. Its not very long, the game elements are simple but it is nicely made and a very emotional story. Definitely something for people enjoying story driven and emotional touching of games."
13,1.0,To the Moon,positioning,True,6.15,"It's an emotional game with surprisingly good world-building... The plot and music are the main attractions that will stay with you even after you finish the game... ""Then we can always regroup on the moon, silly!"""
13,1.0,To the Moon,positioning,True,4.033333333333333,"To the Moon is a story-driven point-and-click adventure with charming pixelated visuals and short length. Despite its simplistic traits, the game managed to get me hooked thanks to its beautifully crafted narrative, paired with a memorable soundtrack that greatly enhanced my emotional investment in the story and its characters. I also enjoyed the extra minisodes; while they're not nearly as emotionally impactful or thematically rich as the main game, they further develop some characters and bridge the story to the later entries in the series. I'm definitely looking forward to playing the rest of the series and seeing where the story goes next."
13,1.0,To the Moon,positioning,True,7.066666666666666,"This is a short and fun game. Although I went in expecting a very good story, I found exactly that… but it was even better constructed than I had expected. “To The Moon” is very light and easy to play. It is fun and relaxing. The fact that it is a short game also keeps it from feeling repetitive. The game just feels right. The gameplay is very simple. You only have to walk, listen to dialogues, and find memories throughout the scenes… and that is basically it. Yes, you have to solve a puzzle every time you change memories, but they are so easy that I would not categorize the game as a puzzle game. There is no combat, except for one brief section, the exploration is good (even though the game is linear), and, for me, the only two bugs I encountered were related to the game's only achievement and with a word writing puzzle. The solution for this last one was to launch the game in the classic version. The only achievement is awarded for beating the game, but after I finished it, I did not unlock it. The solution was to follow a guide on how to get it, and in less than 10 minutes everything was working properly. If you like short, relaxing games with a great soundtrack and a good story, you should definitely give it a try."
13,1.0,To the Moon,positioning,False,3.6666666666666665,"You play this walking simulator for the story, honestly it could have done without it but then i guess it wouldn't be a video game? Anyway, I tried To the Moon because it was a short story driven game and after I played Omori, I was looking for something with a good story. While I think the story is ok, I don't think it made me feel what other people who played it felt. Like good for this guy wanting to go to the moon but as you go through the story, you see how other characters were affected throughout his life and I just thought, ""oh ok, so they don't get a happy ending but this guy just does."" Overall its a decent game, I would not dissuade anyone from purchasing this game, I just would not recommend it. 3/5"
13,1.0,To the Moon,positioning,True,3.3833333333333333,"To the Moon is a great interactive game with an engaging story. It will leave you thinking about the fragility of life, and remind you to be grateful for everything you do have in your life. The art style is fitting for the atmosphere, and the premise is believable enough that you feel this could happen in our lifetimes. It’s not often I sit at the end of a game and say “wow”. This game did it for me. Give this game a try. It takes 3.5-5 hours to complete and you will unlock the single achievement once you complete the game. Go in blind, and enjoy the experience."
13,1.0,To the Moon,positioning,True,3.15,"To the Moon is such a heartfelt masterpiece. I still remember playing this game on my iPhone when I was a kid. Years later, I picked it up again on Steam. The storytelling and soundtrack are absolutely incredible — words can’t do it justice. Even after all this time, I still vividly remember how moved I was when I finished the game."
14,1.0,Finding Paradise,positioning,True,5.4,"Once again, a masterpiece. Once again, this proves that a rich, well-scripted story rises above all other aspects and outweighs everything else in creating a powerful beautiful enjoyable, and unforgettable experience. Finding Paradise hit me even harder than To the Moon, although To the Moon was more beautiful. Somehow, Finding Paradise also kept me more engaged with both its gameplay and its story. I wish this series would be adapted into movies, anime, animated films, and even more games. It's truly a gem in the entertainment industry."
14,1.0,Finding Paradise,positioning,True,7.366666666666666,Finding Paradise just hits me even harder than the previous one To The Moon.......The story is really well written and well executed.
14,1.0,Finding Paradise,positioning,True,12.716666666666667,"I'm not sure why exactly I'm always hesitant to play through Finding Paradise when I go through the whole series. It could be that it's the longest entry and kind of suffers from dragging a bit in a few places compared to the extremely tight pacing of To The Moon. It could also be that I don't connect as much with Colin as I do with Johnny (of course this could change with time.) It could even be that the funny banter between Neil and Eva somewhat breaks the pacing more in this entry compared to To The Moon. Even if it is a weaker entry, Finding Paradise will still find a way to make you cry and question your own existence and relationships. It might even give you a whole new way to look at your own reality. Who knows? It's the perfect opposite side of the coin to To The Moon in more ways than one."
14,1.0,Finding Paradise,positioning,True,4.333333333333333,"It is rare that a sequel matches the quality of its predecessor and even rarer that it exceeds it. I would say that Finding Paradise is the greatest installment of the To the Moon series, with all the qualities of the first game, along with masterful handling of suspense and mystery by the writer. The theme as well is very nicely expressed, though my only criticism of the game is that it gets quite on the nose and obvious with just that toward the end; nevertheless, this is a masterpiece of video game storytelling. 9.5/10"
14,1.0,Finding Paradise,positioning,True,6.233333333333333,"I had recently replayed To the Moon and found my love of the series rekindled. I definitely have watched someone play Finding Paradise before but I couldn't really remember how it ended. Some of the scenes in this game sparked a bit of nostalgia in me and I really enjoyed playing through the story. Do have to say that I prefer the memento puzzles in the first game though, just a small gripe of mine."
14,1.0,Finding Paradise,positioning,True,14.4,"9/10, subtracted 1 because I couldn't find paradise. (Kidding, of course. I really like the game.) The people who worked on this lovely little gem throw the concept of a genre around like a hot potato. That isn't a bad thing, mind you; I find it amusing and effective. One moment I'm laughing at Neil and Eva's usual banter, then the next I'm feeling uneasy because... well, I'm not here to spoil anything. But if you liked To the Moon and want to see what other funny and emotionally heavy shenanigans the scientists get up to, I recommend checking this game out. The little details such as characters' background actions, along with how expressive everyone is, seemed to improve a lot here. I loved the sprite work. It felt like the world I was watching was really alive. I thought the game wouldn't affect me as much as TtM did, so I really didn't expect to be so invested that I ignored all my plans for the day just to finish it. It packed a punch in more ways than one and made me rethink some aspects of my life. Just the music playing when I saw the title screen for the first time was enough to make me realize I was in for an interesting ride. I find it funny how the new client and his wife are also musically inclined, though. Are all musicians bound to have bittersweet lives? Should I be concerned...?"
14,1.0,Finding Paradise,positioning,True,12.016666666666667,"I finished Finding Paradise in about 5 hours of gameplay, and the experience felt like gently walking through someone else’s memories. The game tells an emotional story focused on life, choices, and unspoken feelings, relying on strong writing and a beautiful soundtrack rather than complex gameplay. Its narrative unfolds slowly and quietly, allowing each moment to settle and giving weight to even the smallest details. The gameplay is simple and exists mainly to support the story, with light puzzles and exploration guiding you through different memories. What stayed with me was not what I did, but what I felt along the way — moments of warmth, sadness, and reflection that felt very human. I enjoyed the experience so much that I ended up finishing the game again afterward, letting the story sink in even deeper. Finding Paradise is a short but heartfelt journey that lingers long after it ends."
14,1.0,Finding Paradise,positioning,True,7.866666666666666,"Finding Paradise is the sequel to the game that broke my heart, and while it didn't have that particle lightning-in-a-bottle effect on me, that is not because I think the game is worse. Part of the shock of To the Moon to me was how much I personally related to it, and that I was not expecting it to be so deeply emotional. I expected something similar from Finding Paradise, and on that it does succeed. This game does everything you would want from a sequel for To the Moon. It gives us another heartbreaking life to relive and expands on the formula. Whereas previously we went back in time, seeing a love story in reverse to try and figure out what the hell is going on in this guy's memories, we instead see a beginning and an ending that seem impossible to reconcile, with similarly heartbreaking reveals as we try and figure out what the hell is wrong with this guy's memories. It also manages to inject some real tension and more character moments for our Sigmund crew. Despite knowing how the memory gimmick works, finding paradise manages to keep the framing device fresh, and even expands on it from the first game. Play it anyway. It isn't quite as bittersweet as the first game, but it is still incredibly bittersweet. It hurts, it really does. If you liked the first one, play this one."
15,1.0,Finding Paradise,positioning,True,2.683333333333333,I'm Sean Prime and I approve of this game!
15,1.0,Baldur's Gate 3,benchmark,True,111.76666666666667,The ultimate way to experience dungeons and dragons by yourself
15,1.0,Baldur's Gate 3,benchmark,True,42.233333333333334,For any DND fan this game is great.
15,1.0,Baldur's Gate 3,benchmark,True,117.76666666666667,"This review is a little bit too late, but anyways. This was fun, and after this game I discovered DND, which also turned to be fun!"
15,1.0,Baldur's Gate 3,benchmark,True,420.21666666666664,"DnD, but you can play it solo and don't have to wait for that one guy to say ""sorry my 5th grandma fell down the stairs I can't make it"" and have to scrap the session"
15,1.0,Baldur's Gate 3,benchmark,True,87.35,DNFd but would still recommend this game!
15,1.0,Baldur's Gate 3,benchmark,True,46.95,"As somebody who loves DnD, this could be my new favorite game. We don't get to do DnD a lot, so it's awesome to get a few pals and do this"
15,1.0,Baldur's Gate 3,benchmark,True,30.166666666666668,Its BG3 what more do I need to say
16,1.0,Meg's Monster,core,True,0.65,Nice little game totally in style of Odencat's (the developer) other games. Linear adventure in the guise of a jrpg.
16,1.0,Meg's Monster,core,True,4.8,"Well worth the $15 I spent on it! The JRPG elements are simplistic, but keeps it fresh as it introduces new elements throughout the game. The story and character development keeps you invested, with twists along the way; some characters you started off skeptical over you end up admiring. The quality of the music touched my heart (and I'm going to be purchasing the soundtrack). My only minor complaint is I felt some of the music got repeated a bit too much, and an extra piece or two could of helped with keeping the atmosphere fresh. Regardless, I highly recommend it to anyone looking for a small adventure to add to their Library! A wonderful introduction for me to 'Odencat'!!"
16,1.0,Meg's Monster,core,True,8.683333333333334,Couldn't hold back the tears at the end. JRPGs that feel so heartfelt and emotionally honest and rare these days. A must play.
16,1.0,Meg's Monster,core,True,5.083333333333333,"Wonderful game with an emotional story. Short and sweet enough that it did not overstay its welcome. Simple and easy JRPG but you definitely buy this for the Story, Character Development and Music (Vocals by Laura Shigihara) but not for its gameplay where there is very little of."
16,1.0,In Stars And Time,core,True,24.966666666666665,"I thought this was gonna be a silly little JRPG-style game. Now that I've finished it, easily on my top 5 games of all time."
16,1.0,In Stars And Time,core,True,41.43333333333333,"13/10 A MUST play if you are into jrpgs, and an amazing story with some of the best writing i've ever seen in a game PERIOD. like...my goodness its amazing..."
16,1.0,In Stars And Time,core,True,51.05,"The dialogue in this game is the best, it's like the game reads all of my attempts to predict what is about to happen and what I'd like to say and then does it even funnier, more surprising, and better. The gameplay is fun if you like JRPGs. The moment I realized the King is covering his eyes with fists when he is crying was worth paying full price for the game, and it was not even the best moment/realization within the playthrough. Can't wait for Truth Scrappers."
16,1.0,Small Saga,core,True,11.6,"Great lil JRPG. Visuals, music, battle system, and the characters really shine. The writing can be hit or miss and probably my biggest complaint is that the game is incredibly easy once you grasp a few simple but effective rinse-and-repeat strategies. Despite that though the game has a lot of heart and I found it compelling. The game was recently updated (June 2026) and they added some content too, here's hoping maybe a sequel is in the works!"
17,1.0,Balatro,contrast,True,9.133333333333333,This is what got me into roguelikes/lites. i love this game so much.
17,1.0,Balatro,contrast,True,13.616666666666667,"Very good rouge-like, I probably have a collective 70+ hours across 3 devices. 10/10"
17,1.0,Balatro,contrast,True,10.216666666666667,"A roguelite that doesn't waste your time, very good. Although I mostly play it on my phone..."
17,1.0,Balatro,contrast,True,15.116666666666667,No complaints gold standard roguelike 8/10.
17,1.0,Balatro,contrast,True,24.966666666666665,One of the best rogue-like ideas I've played in a long time.
17,1.0,Balatro,contrast,True,13.083333333333334,"This roguelite game is awesome. I mostly played this on mobile and on pc its as good, not to mention the mods are awesome."
17,1.0,Balatro,contrast,True,57.2,One of the best and most unique rogue like games ive played. perfect balance of grindy and fun
17,1.0,Vampire Survivors,contrast,True,23.633333333333333,A great bullet hell game for when you just want to mindlessly walk around and kill everything. I like the music as well.
18,1.0,Meg's Monster,core,True,7.516666666666667,"I never do reviews I rarely do but I had to for this one: I just wanted to say, that I adored this game more than I thought i would. The characters are all very loveable and easy to get attached to! If you crave monster and human games kind of like the undertale series then this game is for sure it. I highly recommend it, and you'll cry a lot too, this game will pull your heartstrings."
18,1.0,In Stars And Time,core,True,25.05,"Apparently I still haven't reviewed this game. Alright. It's good. Like, really good. Play it. Please, I beg of you, just play it."
18,1.0,In Stars And Time,core,True,10.083333333333334,"Never wrote a game review before, but this game was too good to not get a recommendation."
18,1.0,In Stars And Time,core,True,31.8,"I'm quite bad at writing reviews but it's a pretty good game, I loved playing it! It's great on low-end PCs and any game controller!"
18,1.0,In Stars And Time,core,True,31.566666666666666,"I've never written a review for anything before, but I had to for this. This is single handedly, the best written game I've ever played. The art, the style, the music, everything about this game if incredible. I'll never forget this game, and neither will you, should you make the correct choice and play it."
18,1.0,In Stars And Time,core,True,17.016666666666666,"The game is repetitive and I hated it at first but I decided to wait a little longer before posting a review. First off I calmed down afterwards, second, the worst of the gameplay is in act 3 and it only gets better from there, and third watching the main character's sanity degrade as mine did was just so amazing. Also the art is perfect and the music is great too."
18,1.0,In Stars And Time,core,True,5.9,I don't leave reviews but I had to make an exception: Best game No I am not exaggerating Made me cry /pos I've been getting all of my friends to play it Also Isabeau is so me frfr.
18,1.0,In Stars And Time,core,True,31.066666666666666,spoiler free review ------------------- its good
19,1.0,Small Saga,core,True,10.75,reall great short turn based game with fun setting and charicters
19,1.0,Baldur's Gate 3,benchmark,True,124.2,"First times , it difficult to try understand about game play and tactical but when more deeply play and understand the freely action that we can do its amazed and feel like ahhhhh freedom !!"
19,1.0,Into the Breach,contrast,True,250.3,"As far as turn based, tactical puzzle games, this is the greatest game to come out in a long time. The game can feel very intense. Just be prepared to face some hard problems you have to sit and think through on higher difficulties. Extremely fun, striking a nice balance of randomness and player control."
19,1.0,Into the Breach,contrast,True,20.783333333333335,one of the best turn based tactics games ever. every turn is like a little puzzle that almost always has a clever solution. soundtrack is fantastic too.
19,1.0,Into the Breach,contrast,True,0.31666666666666665,Incredible turn-based strategy game. FYI my playtime is low because I beat this game on a different platform and liked it so much that I bought it again on PC.
19,1.0,Into the Breach,contrast,True,5.4,Best tactical strategy game i have played
19,1.0,Into the Breach,contrast,True,138.25,best turn based strategy game ever made
19,1.0,Into the Breach,contrast,False,1.1666666666666667,"This game is not a turn-based strategy game, it's a puzzle game. You have to read the 8x8 board, try to predict the next moves, but there is no good move, you only decide which sacrifice is the less worse. I certainly didn't find this fun, it's only spatial math, move prediction, calculation, and frustration. In a dozen games I achieved nothing. And then there is no QoL at all, no ""Restart the Round"", or undo the last 4 moves, or Just Retry, it's just pain up until the end, lose and restart everything. Not my kind of game I guess."
20,1.0,Into the Breach,contrast,True,194.71666666666667,"10min to learn, a lifetime to master. A timeless game about time travelling mechs kicking alien butt. whats not to love? I especially like that the game very clearly shows what is about to happen next each turn. Despite this feature, its also the game I rage-quitted most when being harshly exposed to my own poor decisions. The game is never unfair unless of course you choose the ""unfair"" difficulty."
20,1.0,Into the Breach,contrast,True,3.8333333333333335,All time great tactics game with awesome music. Great variety in the types of mechs.
20,1.0,Into the Breach,contrast,True,29.75,"I wonderful tactics game, that's endlessly replayable, and has great mech designs. My personal favorite are the Heat Sinkers and Arachnophiles. I love trying to spawn a million little spider minions during a mission. Skittering around, swarming enemies, and giving you more actions per turn."
20,1.0,Into the Breach,contrast,True,12.733333333333333,"Don't be fooled by this game, when you see the pixel art. This is a proper strategy game, with enough mini encounters building up to final face offs to keep you engrossed. What's more is that each time you play no mater how many times you have played that level before anything can go wrong and means you need to change up your strategy not just in that one mini encounter but as a whole to keep going. Every time I play this it feels like a new challenge and even if the game I just played I aced, this time around anything can and usually does go wrong. I like you can vary your mechs to add a bit more difficulty or try a new approach each game, it really keeps you coming back to try different things even if some of the combinations are really difficult to work with. This is just a fun little strategy game that you can pick up and play for an hour every now and again and challenge yourself."
20,1.0,Into the Breach,contrast,True,65.05,"Yup, it's very good small-scale tactics game. Some of the mech teams are a bit too ""try hard"" to play and some of the achievements are very annoying, but it's also incredibly easy to cheat in the game via its own console in order to have an easier time if a specific team just isn't ""clicking"" for you. Honestly, no downsides and you can now get this game for super-duper cheap too!"
20,1.0,Into the Breach,contrast,True,13.2,"Tactical turn-based goodness with zero fat or fluff. Three mechs, an 8x8 grid and gigantic bugs hellbent on destroying humanity. It's truly impressive how many agonizing tactical decisions you can cram into a single small map that lasts for 5 turns."
20,1.0,Into the Breach,contrast,True,63.9,"Its cool, I like the different types of mechs."
20,1.0,Into the Breach,contrast,True,13.766666666666667,This is the single damn best strategy game ever made And using a [Rocket Mech + Smog Mech + other mech] combo is peak perfection
21,1.0,Into the Breach,contrast,True,21.9,very good almost as good as ftl
21,1.0,Into the Breach,contrast,True,126.76666666666667,"I like this game - as well as FTL - very much. Those two are two of my favourite turn-based games. ""Into the Breach"" (like FTL) has a lot of content, replayability and it obviously is a labour of love. It is fun, challenging and rewarding. Thank you Subset Games!!!"
21,1.0,Into the Breach,contrast,True,54.61666666666667,"It has a bit of learning curve, and just like FTL you can get screwed by bad RNG, but the game is fun and has a lot of replayability!"
21,1.0,Into the Breach,contrast,True,23.6,"Well designed, neat and well contained. Exactly what I would expect from the FTL devs."
21,1.0,Into the Breach,contrast,False,1.0,"I really wanted to like this game. I played FTL and absolutely loved it so I bought this game assuming I would have just as much fun. Absolutely not. This game is way way too difficult for the type of simplistic turn based strategy game it presents itself to be. It's so difficult that it feels less like a turn based strategy and more like one of the puzzle games that has a million different actions you can take and only one hyper specific solution. Do not jump into this game thinking this is some laid back strategy game like FTL. That's not what this is. This is an incredibly difficult and punishing game, which not at all what I wanted or expected from anything shown"
21,1.0,Into the Breach,contrast,True,10.183333333333334,"Fantastic music. A sharp reversal from the luck-based FTL; here, the absence of random elements make it more of a puzzle game than a tactical game. I don't think it hits the playtimes of FTL, but the frustration quotient is also much lower."
21,1.0,Into the Breach,contrast,True,15.75,"if you like FTL - it's also a combat turn-based puzzle thing, but different. I like this and for a day have been fascinated by it, but I prefer FTL so far. Worth trying on sale. I could see myself getting mildly addicted to this"
21,1.0,Into the Breach,contrast,True,7.1,"Honestly took a long time to try this game because of how great FTL is. But this game took me by surprise! I decided to check it out and support the devs, and now I can't stop playing it. There's a lot more customization, strategy, and options in the game than I was giving it credit for by first glancing at it over the years."
22,1.0,Small Saga,core,True,10.633333333333333,Honestly one of the best games I have played in a while. I would love to see a sequel to this!!
22,1.0,Small Saga,core,True,9.383333333333333,"Okay but like, this game has no right looking this good. My only gripe is that the game feels like its over way too quick. Which is why I would love a sequel."
22,1.0,Small Saga,core,True,13.616666666666667,"Great for a weekend, full of character and lore and charm. I hope there's a sequel!"
22,1.0,Long Gone Days,core,True,13.85,"I absolutely recommend this game! I played the game due to curiosity and stayed for story line. It really leaves you wanting more. I never know which way the game is going to go. Early access only gave 2 chapters, but I can't wait for the full release! I must finish the game!"
22,1.0,Long Gone Days,core,True,7.116666666666666,I love the story. I hope chapter 4 will happen one day.
22,1.0,Long Gone Days,core,True,6.733333333333333,2023 updated this game is good very good actually. it's worth the price. but keep in mind that this game is still in early access. still waiting for the last chapter though. 2021 can't wait for the chapter 4
22,1.0,Long Gone Days,core,True,9.683333333333334,"Extremely cool. I loved every moment of it, the writing was superb, the action compelling and the story is interesting. I cannot wait for the next chapter!"
22,1.0,Long Gone Days,core,True,14.05,"Beautiful game, only wish it was complete so I could enjoy it from chapter one to four. I also hope the last chapter is long because it's a wonderful concept."
23,1.0,Baldur's Gate 3,benchmark,True,236.73333333333332,"I'm addicted to it, send help."
23,1.0,ELDEN RING,benchmark,True,10.516666666666667,its hard but ones u get it its even harder making it addicted
23,1.0,Balatro,contrast,True,25.733333333333334,"very addictive , love it"
23,1.0,Balatro,contrast,True,234.41666666666666,Super addicting. One of the only games that I'm not pissed about losing.
23,1.0,Balatro,contrast,True,487.55,"Totally addictive, it's one of the few games I will always go back to when I can't find another game that interests me. Almost infinite combinations, easy enough to learn and understand but very difficult to master."
23,1.0,Balatro,contrast,True,37.86666666666667,"Ridiculously addictive game, so many combinations it has endless playability."
23,1.0,Balatro,contrast,True,33.1,"So addictive, i love it"
23,1.0,Balatro,contrast,True,30.216666666666665,"once you get it, its so addictive"
24,1.0,Balatro,contrast,True,40.56666666666667,my only wish is that i could bet real money on this game
24,1.0,Balatro,contrast,True,46.05,this game is gambling for discords mod.
24,1.0,Balatro,contrast,True,185.66666666666666,gambling addiction but I am loosing braincells instead of money
24,1.0,Balatro,contrast,True,101.58333333333333,Saved me from my gambling addiction
24,1.0,Balatro,contrast,True,28.866666666666667,Very good game. Well put together and inventive. Just dont think that because you are good at poker you will automatically be good at this.
24,1.0,Balatro,contrast,True,28.95,gambling (imanol sold me fent behind the BDE)
24,1.0,Balatro,contrast,True,51.36666666666667,LETS GO GAMBLING.... AW DANGIT.
24,1.0,Balatro,contrast,False,38.46666666666667,gambling but i dont lose money booooo
25,1.0,Baldur's Gate 3,benchmark,True,580.0666666666667,Think i might respec into a bard/pali
25,1.0,Balatro,contrast,True,59.95,I am john balatro and I approve of this message
25,1.0,Balatro,contrast,True,53.45,RAHHHHHH I LOVE BALATRO I WISH POKER WAS REAL
25,1.0,Balatro,contrast,True,122.65,"*humph* Balatro, Oh how you sooth me straight poggers achieved thanks guys x"
25,1.0,Balatro,contrast,True,145.76666666666668,oh mein gott i love balala
25,1.0,Balatro,contrast,True,24.0,"This game is just great even if you have 100 hours in this game it will still let yo usay ""WOAHH"" or ""huh what does this do"" and that is jsut crazy. I myself enjoy this game very much and each run is different and is fun. if you want a chill game that yo ucan play hours on end while you actually need to sleep then buy Balatro."
25,1.0,Balatro,contrast,True,86.45,"Buy balatro, play balatro, become balatro."
25,1.0,Balatro,contrast,True,18.4,I been playing balatro non stop for the last month (PC and mobile). Easily the top 5 rogue deck builders I’ve played. Exciting build possibilities and endless replayability potentials
26,1.0,In Stars And Time,core,False,14.8,"[h1]In Stars In Time (or Your Guidebook To Creating Insipid Internet-Brained Mediocrity!)[/h1] In Stars And Time by insertdisc5 and published by Armor Game Studios in November 2023 is a game of utter friction, some deliberate, some clearly much less so. The game follows Siffrin, a one-eyed rogue stuck in a time loop, and his party of four other companions: Mirabelle, Bonnie, Odile and Isabeau. Together you’re trying to save the country of Vaugarde from the malaise of the mysterious “[spoiler]King[/spoiler]”, whose mysterious time corruption magic is freezing everyone in the country in place, literally stopping them in time. You (as Siffrin) need to use your wits to bring the [spoiler]King[/spoiler]’s reign of terror to an end and rescue Vaugarde and your friends, no matter how many loops it takes! This game is insipid and the overwhelmingly positive reviews boggle my mind and here is why ---------------------------------------------------------------------- [h3]The highly restrictive word count of Steam's review system didn't allow me to express my full thoughts, so here's the full review on [url=https://infinitebacklog.net/users/indietail/reviews/in-stars-and-time]Infinite Backlog[/url] or on [url=https://medium.com/@indietails/in-stars-in-time-and-you-fe9fc16a3b97?sharedUserId=indietails]Medium[/url] (this version has pictures, extra criticism and jokes) [/h3]"
26,1.0,In Stars And Time,core,True,24.0,"I think this game was amazing. The art is great, the story compelling (i couldn't stop playing it until i was finished even though I was in the middle of uni exams), the music got stuck in my head(although it tends to repeat...), but the thing that made me LOVE this game were the characters. Every dialogue felt real, the main cast all felt like fleshed out people who existed outside of the cutscenes, with their own problems and little worlds. They even all have different religions which I was compelled by. Siffirin's breakdown was so immersive and raw, partly because we both shared the frustration of having to go through the whole game over and over and over again (the battles felt tedious quickly but I just pushed through it, just as siffirin had to). The dynamics between the main cast were heartwarming and cozy and fleshed out the characters even more. It's one of the sweetest found families I've seen :] I think this game is underrated and you should play it!"
26,1.0,In Stars And Time,core,True,43.416666666666664,"the universe leads, and i am so so tired of following it. there is so much more to do, i dont want to do it alone anymore, [b]i need someone, anyone, to help me.[/b] where do i even start? theres something so sweet and comforting about the conversations you get to have in this game. [spoiler]mirabelle's concerns about romance, odile's thoughts about her home and the childhood she missed out on, bonnie's fears and confusion about being cared for, isa's need to change and his lovely view of his old self.[/spoiler] i understood what they all meant and it was both a punch in the face and a warm hug. so many of these dialogues felt like real conversations ive had, and should have. siffrin is so tragic and so very special to me, i relate to his wish. i understand his loneliness, i understand his issues with his memory, i get it. [b]me too. me too. me too[/b] i heard about this from a silly post that related it to some other game's view on the universe and its a 10/10, definitely added to the list of things i wish i could replay blind because of how good the experience was. this game surpassed my expectations in every way, the gameplay loop (hah) is very fun and forgiving, the subtle changes on the dialogues, items and portraits are so so good and smart. the depiction of what someone stuck in a timeloop is feeling and thinking was really really interesting. i loved every part of this. i hope the universe keeps being kind, even if it doesnt feel like it sometimes protect queer art forever!!!! keep making beautiful beautiful things!!!!"
26,1.0,In Stars And Time,core,True,26.216666666666665,"I don't know what is so compelling about the backtracking mechanic in this game, but it works. I'm also a big fan of making maps in Etrian Odyssey, so maybe the meticulous nature of this game just speaks to me. Side note: I've never wanted to give a fictional character a hug more than Siffrin. Poor guy needs it."
26,1.0,In Stars And Time,core,True,26.483333333333334,"One of the best games I've played this year. In stars and time has such great character writing, funny moments, and emotional gut punches. Genuinely the best game at getting you in the same mind set as Siffrin, especially in later loops. Highly recommend to everyone."
26,1.0,In Stars And Time,core,True,48.95,"This is an incredibly underrated game that is almost impossible to put down once you start it. There's nothing I would change about it at all. What stands out the most to me are the characters; they're very believable and their dialogue feels like how real-life people talk. Side characters are also interesting to talk to and are memorable and worth engaging with. The character art is great as well, with many different nuanced and detailed art works, portraits and expressions for the main character (Siffrin) and their friends. What was impressive to me was how the game has a very mature and realistic portrayal of mental health struggles. Siffrin's reactions to the time loops are very relatable, as was much of his internal dialogue throughout the game. I really felt bad for them as the story progressed. The game doesn't shy away from dark topics, and approaches them in a way that doesn't downplay their impact. The time loops themselves are handled perfectly. They don't get (that) tedious due to the various ways you can skip dialogue, areas, or get around certain repetitive tasks. You can always ask a character for help too if you're stuck, and fights get faster and optionally avoidable too the more loops you go through. The combat in general is fun and engaging. I was never bored and enjoyed it until the very end. I had so much fun with In Stars And Time and cannot recommend it enough. Absolutely worth playing AND replaying for all the secrets you can find everywhere."
26,1.0,In Stars And Time,core,True,49.46666666666667,"I have no words in how absolutely amazing this game is and how much I felt seen with Siffrin, I'd love to be able to experience eveything for the first time again (hah!)"
26,1.0,In Stars And Time,core,True,103.65,"I just finished this game and I can not understate how AMAZING the story is. Although I knew how the ending would go by the midpoint of the story, they journey and catharsis of seeing how it was done made it more than worth it. The main message that I gathered from the story has changed my perspective in life in a way that can never be undone. The characters are all delightful, with their own charms and struggles that make them relatable. Siffrin makes a great user character with his silly puns and clear identity. His ideas and thoughts progress changes throughout the story is realistic in a way that hit close to home for me and likely many other people. The dialogue can be very silly and funny, especially when hearing it for the first time. But some conversations had me crying, reflecting on my own life choices. As you continue through the game, some of the dialogue can get tiring to hear over and over again but I think that is an important part of the experience (and there is a skip feature for a reason). I enjoyed seeing how Siffrin's answers to questions did (or didn't) change a characters reaction. I will not lie, some parts of the game can drag, especially if you were to get lost in the loops. Although the game does have enough help in the form of Loop, it can still be a bit confusing to find out how to progress. I did have to look up a guide but I think it's just because I wasn't paying enough attention. It did add a bit more realism to the reason behind Siffrin's actions but I can understand why some players may not enjoy it. What made the game easy to play was the amazing soundtrack and cute artstyle. This OST is played constantly at my work when I have control of the music, lol. And the visuals are clean, cute and simple. Simple changes to Siffrin's sprites throughout the game play make it easier to keep looping since there's something new to see. The emotions in each art work can be seen so clearly. Overall, a truly amazing game that was crafted with love and deserves so much more recognition."
27,1.0,Meg's Monster,core,True,4.583333333333333,"such an amazing game, one of those games ill remember for a long time"
27,1.0,In Stars And Time,core,True,42.5,probably the best game that i have played in atleast a year
27,1.0,In Stars And Time,core,True,15.4,One of the greatest games I've ever played
27,1.0,In Stars And Time,core,True,21.216666666666665,"One of the best games ive ever played, stars"
27,1.0,In Stars And Time,core,True,27.216666666666665,one of my favourite games ever
27,1.0,In Stars And Time,core,True,22.066666666666666,"One of the best games I've ever played, ""nya""~"
27,1.0,OneShot,positioning,True,6.816666666666666,Truly one of the best and most unique games I've ever played. A once in a lifetime experience for sure.
27,1.0,OneShot,positioning,True,19.083333333333332,this is one of the best games ive ever played
28,1.0,Ikenfell,core,True,11.75,"Excellent game. Also, don't listen to Steam: It works on new macs"
28,1.0,OneShot,positioning,True,1.25,"DO NOT BUY if you're on macOS. The crucial gameplay elements don't work on macs and also it keeps crashing. Get the World Machine Edition instead, which provides a virtual OS so the game works flawlessly and besides that it is not much different from the original. I had to refund this edition midway through but finished the story on WME. As for the game itself, it is best experienced completely blind. It's phenomenal and will change the way you see videogames. I loved it. Although be advised because this game's gameplay is basically just exploring and puzzles, just with a fun twist. Also don't forget that fast travel exists."
28,1.0,OneShot,positioning,False,1.5,"Native Linux version does not work, and developers dont bother to fix it. Apparently World Machine Edition does work, but this fixed version sold as separate game, and that feels very greedy to have working version of the game, but keep selling broken one as well, misleading costumers as result: Steam page for OneShot says: ""OS: Your favourite Linux distribution"", while store page for WME does not mention Linux at all :/ Total disappointment."
28,1.0,OneShot,positioning,True,4.866666666666666,"Good game. had to buy WME because of linux support. Worth it, though"
28,1.0,OneShot,positioning,True,4.35,"I will never recover from this. (Does _not_ work well with Linux, use the WME version)"
28,1.0,OneShot,positioning,True,6.1,"a masterpiece. Btw, if you play on linux, you will encounter some issues unfortunately."
28,1.0,OneShot,positioning,False,4.35,"Game doesn't work on Linux AT ALL. Despite having native linux support. this issue has been around for a couple of years now, and the devs don't seem to care about it at all. Either fix the linux support or simply remove the native ""support"". I truly love this game, it's a shame that I have to leave a negative review. but I wasn't able to play it for around 5 years now."
28,1.0,OneShot,positioning,True,10.333333333333334,"This was the most gutwrenchingly beautiful game i have ever played. I cried several times. This is a game about a tower, a young child, and choices. It's about caring for the world and the people in it. I felt sympathy for the inhuman, solved interesting puzzles, played with excellent mechanics, listened to beautiful music tracks. Looking forward to playing Margin of the Strange!!! This game was worth the effort. How to play on linux, btw: https://steamcommunity.com/sharedfiles/filedetails/?id=3211602350"
29,1.0,In Stars And Time,core,True,32.38333333333333,"I spent 4 straight days playing this game, averaging about 6.5 hours of playtime per day. I barely played anything else, and I am so glad I spent this time with this game. The characters are so well fleshed out, and the story is so emotionally driven."
29,1.0,Small Saga,core,False,8.283333333333333,"8-9 hours to beat the game, which is okay but not great. The combat was also very, very easy, with me dying once throughout the 8-9 hours. The story was maybe a 6/10, and is quite heavy on the woke messaging."
29,1.0,Small Saga,core,True,7.45,"just beat it a bit ago, came out to I Think closer to 6 hours than 7. a ton of fun, a lot of heart, worth every penny"
29,1.0,Small Saga,core,True,12.116666666666667,wish this game where harder so I could play it for another 12 hours.
29,1.0,Ikenfell,core,True,3.8,I played for 3.8 hours and I really love this game. You really have to battle a lot and level up to beat the bosses. It is just enough of a challenge to not get you frustrated and the story is quite awesome.
29,1.0,Ikenfell,core,True,4.266666666666667,"I know it says I only played this for 4 hours, but I played and beat this on switch (over 20 hour play time) and it was a fun time. Some of the later bosses and fights can get a little more drawn out, but overall it was a fun game."
29,1.0,Ikenfell,core,True,238.86666666666667,I've played for 238 hours and it's amazing. PLAY IT NOW!!!
29,1.0,Ikenfell,core,True,6.233333333333333,6 hours in and the story is really engaging. the mechanics are difficult enough for it to be fun but easy enough to play casually. I'm having fun.
30,1.0,In Stars And Time,core,True,19.716666666666665,IM ♥♥♥♥♥♥♥ PISSED IM ♥♥♥♥♥♥♥ PISSED IM ♥♥♥♥♥♥♥ PISSED IM ♥♥♥♥♥♥♥ PISSED IM ♥♥♥♥♥♥♥ PISSED I LOST FOUR! HOURS WHAT THE HELL HAPPED :C
30,1.0,In Stars And Time,core,True,20.833333333333332,dude ♥♥♥♥♥♥♥♥♥ this game is POWERFUL
30,1.0,In Stars And Time,core,True,23.9,It's a slow burn but ♥♥♥♥ does it burn good once it gets going
30,1.0,In Stars And Time,core,True,29.133333333333333,this game is so ♥♥♥♥♥♥♥ good i cried also i want isabeau so ♥♥♥♥♥♥♥ bad please marry me oh my god please i need him more than air and water please let me put a ring on your finger please
30,1.0,In Stars And Time,core,True,22.716666666666665,I ♥♥♥♥♥♥ love this story
30,1.0,In Stars And Time,core,True,64.58333333333333,truly the game of all time ♥♥♥♥♥♥♥♥♥ I love this game aogiejaosiejaoiehaoiaf asoieghaoseiga siffrin get therapy please
30,1.0,Small Saga,core,True,10.283333333333333,Game slaps ♥♥♥♥ it's so good
30,1.0,Small Saga,core,True,1.65,"Hey wow this is great, came here from a ♥♥♥♥♥♥♥♥ and was not disappointed."
31,1.0,In Stars And Time,core,True,38.3,this game picked me up and threw me across the room a million times. 10/10
31,1.0,In Stars And Time,core,True,126.36666666666666,I cant explain how much I love this game 10/10
31,1.0,In Stars And Time,core,True,23.266666666666666,"Woek game 11/10 incredible, must play"
31,1.0,In Stars And Time,core,True,44.43333333333333,"eh it was like a 2/10, bump it up to 4/10 for yaoi happy pride guys"
31,1.0,In Stars And Time,core,True,37.15,had the best panic attacks of my life while playing this game recommended 10/10
31,1.0,In Stars And Time,core,True,9.733333333333333,"Played through maybe 2/5ths of this game when I got it around a year ago, recently got it on Switch and MAN did it remind me why I was so devastated that I was too busy to continue playing it at the time. Awesome game, 10/10 I absolutely recommend, I has almost certainly altered my brain chemistry for how I want to tell stories"
31,1.0,In Stars And Time,core,True,5.4,"had to play the game via nwjs directly but it was so good 10/10 (i finished it, ignore my playtime)"
31,1.0,In Stars And Time,core,True,34.55,"10/10 game is incredible, i think if it were any different it wouldn't drive the point home enough."
32,1.0,In Stars And Time,core,True,18.566666666666666,"Wow. Story is amazing!! Gameplay is okay, i guess. 9/10!"
32,1.0,In Stars And Time,core,True,26.6,"Very easily in the top 10 of games that I have ever played in my entire life. The combat is fun (not very challenging, but fun), the story is exquisite, and you are taken on an emotional rollercoaster from start to finish. 10/10 game, I'm def going to come back eventually to platinum it."
32,1.0,In Stars And Time,core,True,34.416666666666664,"pretty good game 9/10. It's not for everyone but I think it's amazing. Oh and Insert disk 5 did the art for a flavor foley song very awesome, very cool. Some of the dialogue could be a bit better in my opinion but ♥♥♥♥♥♥♥♥ is the story written incredibly well"
32,1.0,Small Saga,core,True,7.85,"Absolute master piece 10/10, the story telling is amazing and the combat system hits the spot."
32,1.0,Small Saga,core,True,9.416666666666666,"Actual 10/10 game, the story, the artstyle, the music, the gameplay, the dialog, everything about this game is perfect. I cannot recommend this game enough."
32,1.0,Small Saga,core,True,9.016666666666667,"An immensely enjoyable game full of fun jokes, plays on history, and great combat. While easy at times, the journey kept me enthralled and focused on the game. 10/10 and worth the price."
32,1.0,Small Saga,core,True,8.7,"If you think you might like this game just buy it. Feels like they pulled this straight out of the SNES era with crispy pixel art and fun combat. I hate game dialog but i read every line in this . Music slaps, bosses are fun and sometimes scary my only complaint is i wish it was harder so i could play it again with higher stakes. i don't know if this game is a 10/10 for everyone but it was perfect for me."
32,1.0,Ikenfell,core,True,32.03333333333333,A delightful little game with a charming art style and a surprisingly deep story. 9/10. (I took one point off for the deeply unsettling star thing.)
33,1.0,In Stars And Time,core,True,36.68333333333333,It personally took me awhile but I LOVED IT! the characters were endearing I will admit. and the ending was so sweet ( TO ME PERSONALLY. ) and I loved the world of these characters I want to see more of it!!!
33,1.0,Small Saga,core,False,6.866666666666666,"Game starts strong but then goes off on an internet fueled tangent; which I'd be more tolerant of if the story still followed through with the opening premise, but it doesn't. [spoiler]You kill no humans in this game. What a disappointment.[/spoiler]"
33,1.0,Ikenfell,core,True,13.683333333333334,gameplay was alright. i enjoyed the wholesome ending :)
33,1.0,Ikenfell,core,True,9.933333333333334,"Very fun game, challenging in parts which felt good, good story and characters, a lil irritated at the epilogue as I would have prefer to have some decision over the ending in regards to who and if anyone I ended up staying with (gilda > pretrissia) but ye good writing."
33,1.0,Long Gone Days,core,True,13.933333333333334,"First played this ages ago and I'm so happy it's been completed, great ending, I love Lynn"
33,1.0,OneShot,positioning,True,8.55,Amazing game but teh ending is sad but it's still really good.
33,1.0,OneShot,positioning,True,8.35,"I wasn't really feeling it even after finishing it....But then Solstice happened and yeah I'd firmly say it's a solid indie game. It has absorbing atmosphere , the story is tied to being really 4th wall breaking and it has some cool actual PC gimmicks you have to follow to continue with the game. Vibe was also really nice with soundtrack that complimented the whole world the entire time. That being said perhaps I've seen and read enough but I did not feel the emotional scenes all that much. Regardless of me not feeling the emotional scenes all that much , the ending of Solstice was pretty good. I liked it. 7/10"
33,1.0,OneShot,positioning,True,4.566666666666666,the existence of those two endings was NOT necessary ): hold on what the hell is return achievement
34,1.0,Meg's Monster,core,True,6.533333333333333,you will cry. it's too good
34,1.0,Meg's Monster,core,True,8.1,"This game is a gem. It's more akin to a VN with some RPG elements, but the story is why I played it. The premise caught my eye, the music heightened the emotions and the story broke the dam behind which my tears lie. I will now and alwats hold this game close to my heart, and I hope you give it a shot too."
34,1.0,Meg's Monster,core,True,5.0,"Every moment in this game felt crafted with care. I formed an emotional attachment to each of the characters, and the story even got me to tear up at a few points. The story and music are top notch."
34,1.0,Meg's Monster,core,True,5.066666666666666,"AAAAAAAAAAA IM NOT CRYING YOU ARE Got it in a bundle. Short, 5 hours to 100%. I'd call it a walking simulator more than an RPG. Cute, story goes from sad sad to happy sad."
34,1.0,Meg's Monster,core,True,7.033333333333333,very nice game recommend for a rainny day or if you need a good cry
34,1.0,Meg's Monster,core,True,4.666666666666667,Made me cry several times. Highly recommend.
34,1.0,Meg's Monster,core,True,1.0333333333333334,"Watched Mizumiya Su played this game (The latter part of the 2nd arc) and I cried, like, ugly cried. Even though I didn't really know what is the story is all about. Watched her VOD again from the beginning of the 1st arc, I cried ugly, again. Beautiful game. At first I bought the game to support the devs but I decided to fire it up, I'm not brave enough, for now."
34,1.0,Meg's Monster,core,True,5.783333333333333,Cryin in the club rn
35,1.0,Meg's Monster,core,True,5.016666666666667,Very cute and endearing story overall. It was short and sweet. Well worth the buy!
35,1.0,Meg's Monster,core,True,8.266666666666667,"Highly recommend, great story, told well."
35,1.0,Meg's Monster,core,True,4.95,Really liked this short story!
35,1.0,Meg's Monster,core,True,7.683333333333334,Beautifully written story from start to finish. Cannot recommend enough!
35,1.0,In Stars And Time,core,True,32.93333333333333,very cool very funny very charming
35,1.0,Ikenfell,core,True,79.31666666666666,I've played this through a couple times now. A genuinely lovely story that spoke to me a lot.
35,1.0,Ikenfell,core,True,32.083333333333336,Loved the story and everything.
35,1.0,Long Gone Days,core,True,4.433333333333334,Amazing art and compelling story with very poignant themes.
36,1.0,Small Saga,core,True,8.983333333333333,"a really unique and fun little RPG set in a world where animals are sentient and see humans as gods. you are Guts- I mean Verm, a mouse who lost his bother and his tail due to the yellow god (an exterminator), and swears vengeance upon them, promising to slay the very gods with his god forged greatsword, titan reaper (a pocket knife). This game is like a high fantasy epic, but contextualized in our modern day world. cats are guardians of heaven. garbage is sacred and powerful artifacts. predators are great and powerful monsters. humans are incomprehensible gods, whom create wonders and terrors beyond imagination. the pacing feels a little weird sometimes, but it's worth the price of admission, and has some interesting things to say about animal personhood, the environment, and our relationship with the natural world."
36,1.0,Small Saga,core,True,7.616666666666666,gay squirrels are very cool
36,1.0,Small Saga,core,True,8.916666666666666,"Fun lil game bout rodents fighting us humans, whom of which they consider to be gods"
36,1.0,Small Saga,core,True,10.85,gay rodent game + berserk references its gas
36,1.0,Small Saga,core,True,7.9,i love you woke rodent game
36,1.0,Small Saga,core,True,7.533333333333333,bisexual rat sim very good
36,1.0,Small Saga,core,True,8.533333333333333,"The game is so fun, I love queer rodents :3"
36,1.0,Small Saga,core,True,9.783333333333333,Gay rodents against fascism. SCOTLAND FOREVER!!!!!
37,1.0,Meg's Monster,core,True,5.166666666666667,Good game. Not much gameplay but nice story.
37,1.0,Meg's Monster,core,True,6.466666666666667,Simply a beautiful game with a lovely story.
37,1.0,In Stars And Time,core,True,38.68333333333333,omg best game/story ever if you havent played this WHAT ARE YOU DOINGGGG
37,1.0,In Stars And Time,core,True,25.4,Great story and great RPG.
37,1.0,Small Saga,core,True,12.166666666666666,one of myfav games of all time great story
37,1.0,Small Saga,core,True,15.85,This game rules! What a beautiful story!
37,1.0,Small Saga,core,True,7.55,"Amazing game, good story and game-play overall :D"
37,1.0,Small Saga,core,True,7.45,Great game. simple but with many messages and good story
38,1.0,Meg's Monster,core,True,4.95,"Initially, the game didn't hook me in, but I kept playing and I'm glad I did, because it was worth the whole play-through. The mechanics are simple and familiar, and the story is well-crafted and engaging, providing a worthwhile narrative journey. It ultimately delivers a satisfying and pleasant experience."
38,1.0,In Stars And Time,core,True,24.083333333333332,"The story, dialogues, lore, and art are phenomenal. What holds this game back is a bare bones combat system and some mind-boggling design decisions. Many a time the game needs you to interact with a specific object or talk to a specific person in order to progress, sometimes offering vague hints, resulting in endless looping through the game until you find the thing. Doesn't matter if you've interacted with it in the past. While it ties into the themes of the story, it doesn't make it any less tedious."
38,1.0,In Stars And Time,core,True,30.35,"The dialogue in this game is so well-written that it almost overshadows its incredible worldbuilding and characters. Not only that, it uses the medium of video games excellently in order to tell its story, more than any game I have played before. I cannot recommend it enough!"
38,1.0,In Stars And Time,core,True,21.45,"*Def worth the hype and high ratings! I was sceptical at first but this is definately on the positive spectrum of people who knows how to right interesting and emotionally intelligent characters and comradery, with increasingly suspenseful and tense climax by swerving you half way. They do know what message they want to tell and It will definately make u feel for alot of stuff without being preachy, condescending and all about diversity over quality."
38,1.0,In Stars And Time,core,True,24.883333333333333,"The story is incredible and the emotional journey is unforgettable. The gameplay is simple, but the payoff is absolutely worth it. I loved this game so much. The characters are very charming!"
38,1.0,In Stars And Time,core,False,13.216666666666667,"I really wanted to like this one but found the writing overly self-conscious, and the gameplay eventually started to drag near the end. If one or the other was more compelling, I would have enjoyed it. It's very polished and there are a lot of neat ideas!! And I can imagine younger folks finding more in the character dynamics. But just not for me at this point in my life."
38,1.0,In Stars And Time,core,True,34.516666666666666,"It's a bit light on actual gameplay but hooo boy does the story and writing make up for that. One of the rare games that makes you actually, really, care about the characters."
38,1.0,Small Saga,core,True,7.383333333333334,Very fun game. Good writing. Nice pacing. Doesn't overstay it's welcome. Worth it.
39,1.0,In Stars And Time,core,True,17.683333333333334,A creative take on Click (2006) featuring Adam Sandler
39,1.0,In Stars And Time,core,True,45.56666666666667,"Amazing storytelling, amazing characters, great soundtrack. What more would you want? :3c"
39,1.0,Small Saga,core,True,20.066666666666666,"This is legit one of my favorite games of all time. It's very lovingly made, it is easy to see in the details. Also banger soundtrack!"
39,1.0,Small Saga,core,True,11.35,The soundtrack of this game is worthy of being remembered and cherished for generations.
39,1.0,Ikenfell,core,True,27.033333333333335,"A beautiful story, an amazing soundtrack, wonderfully diverse set of characters and chill gameplay. What else could you want? My heart will always have a special place for this game."
39,1.0,Long Gone Days,core,True,1.6833333333333333,I could listen to the soundtrack all day.
39,1.0,OneShot,positioning,True,8.35,"Good story, creative puzzles, and last but not least, amazing soundtrack. 10/10"
39,1.0,OneShot,positioning,True,6.6,"Good soundtrack, characters, and game overall"
40,1.0,In Stars And Time,core,True,3.8666666666666667,Omori but everyone is transgender.
40,1.0,In Stars And Time,core,True,51.93333333333333,this game was my gay and trans awakening
40,1.0,In Stars And Time,core,True,40.68333333333333,What if Evangelion were a JRPG and openly queer instead of closeted
40,1.0,In Stars And Time,core,True,31.933333333333334,if only our queer eyepatch boy were less insecure and depressed we could've saved a whole lotta time in this dank ass dungeon. very cute cast of characters tho
40,1.0,In Stars And Time,core,True,43.18333333333333,I wish gay people were real
40,1.0,In Stars And Time,core,True,41.13333333333333,"game designed specifically for gay depressed tumblr users. if you fit this description, play this game, and then see a therapist"
40,1.0,In Stars And Time,core,False,3.1166666666666667,"Perhaps one of the worst indie RPGs I’ve played in recent memory, not a great lgbt story either, I don’t believe the creator cooked here, and being tied to a prequel is really dumb. The twist about you being so many different chars didn’t land for me. I can’t recommend this in good faith."
40,1.0,In Stars And Time,core,True,20.816666666666666,play this game if you like gay RPG's
41,1.0,Meg's Monster,core,True,4.016666666666667,Great short little rpg that really hits you in the feels. I think this is one I will find myself thinking about frequently.
41,1.0,In Stars And Time,core,True,18.1,ARO REP? IN AN RPGMAKER GAME? NOW THATS THE COOLEST THING I'VE EVER SEEN!!!!!!!!!!!!!!!!!!!!
41,1.0,In Stars And Time,core,True,35.0,"Genuinely the best RPG i've EVER played, I highly recommend it to those who are a fan of this genre!!"
41,1.0,In Stars And Time,core,True,19.3,"Fantastic lil RPG, one of my favorite games of all time now."
41,1.0,In Stars And Time,core,True,38.53333333333333,one of the greatest rpg maker games
41,1.0,In Stars And Time,core,True,31.6,One of the best RPGs I've played! Highly reccomend!
41,1.0,Small Saga,core,True,4.016666666666667,"wonderfully written,old school isometric rpg. characters and storytelling is top notch needed something a little different and this hits the mark really well."
41,1.0,Small Saga,core,True,0.08333333333333333,An RPG that reminds me a lot of the Borrowers. Also maybe a little bit of Honey I shrunk the Kids. Pretty decent and now with the addition of Achievements it's all the better!
42,1.0,Meg's Monster,core,True,9.366666666666667,"Pretty cool game. Adorable characters, heartwarming story. The gameplay is entirely narrative-driven. Combat is not very challenging, but keeps itself fresh and entertaining. Very much recommended."
42,1.0,Meg's Monster,core,True,7.083333333333333,"Tentative recommendation. I like the story they're trying to tell more than how it's actually told. It's a nice sentiment, really, but it needs more polish and consideration. The story aside, the combat system lacks any meaningful depth and and the game is entirely linear despite occasionally appearing otherwise. As such, systems like the world map don't really serve any purpose."
42,1.0,Meg's Monster,core,True,4.2,"Very cute and wholesome game. Made me tear up a couple of times while playing. It has a beautiful and meaningful story with plenty of relatable or touching moments. The combat is very simple and was easy for me to figure out. It took me about 4 hours to play through the game and side quests. Worth a purchase, especially if it is on sale. :)"
42,1.0,Meg's Monster,core,True,4.233333333333333,"Good game. Simple, effective combat, that is not overused and doesn't get old. A story that seems like it's built to be emotional on the face of it, yet still surprised me with how compelling some of its beats were. The writing could be a bit more subtle, but the plot is compelling and well-thought-out through all of its unexpected turns, and the characters have substance. Worth your money, and at a quick four hours, absolutely worth your time."
42,1.0,Meg's Monster,core,True,0.7166666666666667,"A fun narrative-driven game, I'm enjoying it so far. The combat is more scripted than I expected, resembling one-time puzzles as opposed to actual fights in any other RPG, but at least so far they work very well to further the story itself, which is great."
42,1.0,Meg's Monster,core,True,4.283333333333333,"Beautiful story, beautiful game. I wish there was a more combat and it felt like it definitely could've benefited from being longer, but the overall experience? Absolutely beautiful."
42,1.0,Meg's Monster,core,True,7.55,"An exceptionally cute and sickly sweet game worth the experience tenfold~ If you're coming into this looking for more in-depth combat or gameplay that are as strong as the story itself, you might be a bit disappointed, but the story and characters alike are where the biggest heart of the of the game is from. Treat it more like diving into a visual novel or interactive movie, and you're in for a wonderfully charming story"
42,1.0,In Stars And Time,core,True,19.866666666666667,"This game defintely has its ups and downs, the combat is fun for the first hour but gets repetitve fast. The concept of the game and the story are very good. Would reccomend for anyone looking for a good story game"
43,1.0,In Stars And Time,core,True,64.56666666666666,"Playing this game was an experience I will never forget! :D The art and music draws you in, but the comradery between Isabeau, Odile, Mirabelle, Bonnie, and Siffrin as well as the twists and turns along the way keep you locked in. I had so much fun just reading the dialogue between characters. So much humor and charm behind nearly every interaction, even with the people in the town. Their friendship is an anchor in a world of chaos, and it's so wholesome despite the pressure they faced. I also liked how the battle system was based on rock. paper, scissors, even if it did make combat less complex as a turn-based game. My only gripe with the battle system was how tedious it became to battle over the course of the game. I eventually found an item that allowed me to circumvent some of the tediousness which was nice. My main complaint with the game is that there are certain parts that feel unnecessarily frustrating and difficult to complete. I would say Act 4 gave me the most trouble and I actually had to go through a walkthrough twice in order to finally pass it. The story, characters, art, and music make it worth it but it does feel a little too much at certain points even if I understand it relates to a core part of the story. I highly recommend this game! This is one of those games that can change your life by playing. I will never forget my buddies Siffrin, Odile, Isabeau, Mirabelle, and Bonnie ; u; <3"
43,1.0,Ikenfell,core,True,142.4,"(Note: I left it running in the background a lot which is why there's so many hours on it) Final Thoughts: It's not *great*, but it's still pretty good, except the pacing never picks up the way it feels like it should. Combat starts off fun and interesting as you learn the mechanics, but it never really gets more difficult or complex, there's just *more* of it, and the addition of traps and a few other things that keep the pacing slow left me wanting to just skip combat after a while except for the boss fights, and even then it was really just to see if I could steal some unique loot from them or see if they had any wacky mechanics to them. The story is... weirdly enough, kind of the same way. It's never *bad*, and if you like stories about magic schools and have an aching void in your life because you can't look at Harry Potter the same way anymore, this isn't a bad way to fill it. It's just that the journey to get to it becomes kind of cyclical: go to new place, fight some monsters, get a teeny bit of lore, and now if you want to know more you need this new McGuffin or talk to this other person whom no one thought to talk to prior so now we go to a new area and do it all over again. The whole thing is about 20-25 hours long, and somewhere around the halfway mark I started feeling like I just wanted to get to the end so I could have all of the mysteries unraveled and find out what actually was going on and how it turns out. So yeah, turned on Combat Skipping and just played out fights when I felt like it, and at that point it started to be fun again because the pacing sped up a lot and I was able to get through the rest of the story. Again, not a *great* story, but pretty good. All in all, it's worth playing if either the premise of young adult magic stories or timed tactical RPG intrigued you, although you'll probably want to tweak the settings at some point unless you just REALLY can't get enough of that combat, in which case, have at it I guess :)"
43,1.0,Ikenfell,core,False,23.233333333333334,"I'm sad to give this a negative review but as the game went on, it only got worse and worse until I couldn't take the game seriously anymore. The cast is entirely queer, including one person with neopronouns which is nice to see. The story and characters are generally very shallow, and around the midpoint of the game each chapter starts feeling monotonous as the plot takes too many twists and turns to have been planned out beforehand. Combat is generally enjoyable, though in the late game health pools start scaling up and it's hard not to want a defensive build when a couple bad timings could cost 3/4 of a party member's health bar. Assigning equipment is rather unwieldy, as there's too many choices that are hard to compare to each other and become obsolete every other chapter, as well as completely arbitrary weapon upgrades that are just a money sink. There's adequate accessibility options to both autocomplete action commands as well as fights themselves, and also an option to display content warnings which is very much appreciated. The ending solidified my negative review. No specifics, but [spoiler] after defeating what you'd think to be the final boss, another character unleashes barely-hinted at powers and you have to slog through a whole other multi-phase boss fight with them that I guess is supposed to be sad? the music in the fight is orchestral and somber but it's a full encounter that's only a little lower in difficulty compared to the previous boss. it's just baffling how the pace could be killed THAT quickly. [/spoiler] to its credit, the music is very good, though I think playing songs with lyrics during some boss fights was a mistake. it's undoubtedly the best part of the game, alongside the charming pixel art graphics. if you do play ikenfell, feel free to spin the control stick around in battle to fly into the sky!!"
43,1.0,Ikenfell,core,False,24.666666666666668,"tl;dr -- The storytelling and the soundtrack are pretty good. The gameplay falls off quickly, starting from the mid-game. Early game is balanced well and enjoyable. Chapter boss HP scales exponentially and their damage scales linearly. Your damage from levels and your damage from gear scale VERY linearly. Which means your damage will get outpaced starting from the mid-game. Late game, the bosses start to hit you for 45-80% of your HP while you will hit them for 3-4% of their HP: If you build damage, you deal 4% and take 80-100% of your HP per boss hit. If you build tank, you deal 3% and take 30-45% per boss hit. Either way, the boss fight will take 60-90 minutes and will cycle through the same 3 mechanics. PRO TIP: enable ""auto-victory"" and click it often."
43,1.0,Ikenfell,core,True,15.666666666666666,"Once I set timing to automatic ""nice"" gameplay became more enjoyable. Timing was punishing before that. Some of the fights drag and are repetitive but the story and music are great. Worth playing (just make sure you make those changes to timing in fights)."
43,1.0,Ikenfell,core,True,21.983333333333334,"Very fun, I loved the story and couldn't wait to see what was gonna happen next. Although I will say that this game bounces you around EVERYWHERE, you will explore the entirety of the campus, normally I would be happy but you don't go up and then gradually unlock everything going down or some variation, you go VERY far back, and then you go VERY far forward, repeat for majority of the game. Bosses are okay, most just do the same thing of ""spawn minions wait for all of them to die then spawn more after 3 turns"", my main issue with them is the multiple turns per turn, YOU JUST SPAWNED MINIONS WHY DO YOU ALSO GET TO ATTACK ME??? Lastly, I feel that your characters are too fast, making the enemy turns a huge drag, you have to wait for 6 different enemies to use there turn and attack you, all that so you can spend 20 seconds attacking the enemy and maybe kill 2 of them. As much as I don't enjoy the gameplay for long periods of time, this game's music and story make up for it in the entirety, and despite what I said, you should still buy the game, if you believe what I said here, and feel that the gameplay won't be fun, the game has an auto-win feature in the options, switch it on and enjoy the story."
43,1.0,Ikenfell,core,True,29.8,"After actually finishing the game. I think my review deserves a proper update. This game is something pretty special. It's a simple game, and I mean that in the best way. I took many 3 month breaks between sessions and didn't have any trouble transitioning back into actively playing. [h3] The Combat [/h3] is a mix of mega man battle network and paper mario. Though I've never touched either, I can say conceptually, it keeps combat fresh. The timing system, I found feels pretty forgiving, but it immediately humbled my naivety and growing complacency in the late game fights. Those last a WHILE and the damage is no joke if you fumble, definitely lead me to getting one-shot. The windows may be wide, but you're hurtling into bricks if you miss it. Also nice that there's just a run button to skip encounters because towards the end, I did not feel like fighting all that when it's just chump fights. I kinda dislike it ""winning"" fights sometimes but it doesn't count towards achievements so it was fine on that front, probably just an oversight. The combat also just has accessibility options which are always welcome if you don't want the stress of reflexes. But I really liked how the smaller encounters generally prepared you for each boss fight since a lot of concepts for moves are reused, so the flashier versions don't come out of nowhere. (With an exception of the final boss gauntlet but at that point it's just plain fun to supercede expectations). It's super satisfying to be able to use the whole catalogue of moves, except like, 2 that were pretty redundant. Since they all had different niche-use cases. Definitely adds replayability for minmaxers since you'd know bosses in advance. [h3] Exploration [/h3] The environments are well designed. All the secrets are fairly intuitive where I was only missing 2 out of the 4 dozen or so collectables. I only wish the gems were labelled individually (though there'd have to be an additional inventory menu to prevent clutter) to make backtracking less tedious. Some of the puzzles were pretty slack but not every dungeon is gonna be a banger in an rpg. That being said, every dungeon was unique and rich in colour and theming. This game also has a pretty effective horror atmosphere at times. I wouldn't call the game scary, but it's very believable when characters are supposed to be scared because the environment very much infers it. [h3] Plot [/h3] It's paced pretty well. It plays off the ""3 friends in a magic school"" trope and starts you off the aftermath of a [i]messy[/i] friend group. [i]Oh![/i] the drama is palpable. It's the kind of miscommunication plot I find entertaining because we find out all the withheld information with the characters that should've known it. Since we're seeing everything through Maritte, because she literally doesn't even go here. I think a neat touch is the pronouns on the party screen, I've never seen another game do it, letalone use neo-pronouns (My experience with it was I'd never been exposed to neo-pronouns before so I was confused by what was happening until I referenced the party screen after the conversation). And helps with the kind of subconcious profiling a player might do to identify a character by just laying it out as public knowledge. They don't give my girl Gilda enough screentime though. I'll let it slide because of the secret echoes fight kinda wraps all the character arcs up. [h3] Music/Animation/Sound Design [/h3] This was what got me into the game in the first place. I discovered Ikenfell from finding snippets of the album on Soundcloud and got hooked. I always find that I have the least to say in these sections of reviews because it always boils down to me saying ""It's crunchy, it's cute, and I like watching the models spins around and stuff"". Idk. I really like how this game is presented. (except the character portraits specifically, the cover banner and the album art are just superior renditions of the characters, but it doesn't take me out of it by any means). The animations compliment the combat beautifully and the impacts are tangible from the sound design on every piece of timing. I wish they used a few more tracks for chump encounters. But the soundtrack is solid. [b] Anyways everyone should play this. Took me about 30hrs to 100% it, and I loved every step.[/b]"
43,1.0,Ikenfell,core,True,29.716666666666665,"Really lovely little RPG, had a lot of fun and it's a solid little play. Story has a lot of nice little twists and revelations, for both characters and the overall plot. Characters are all largely likable and party members useful, equipment is mostly 'better number = better' but it does have a nice balance of choosing between some stats like stacking more defense or speed. Combat system is quite decent, though the ranges on abilities can be a little annoying at times and it gets a bit punishing later on, I ended up just turning off the button timing in combat (though you can leave it at 'everything is minimum good' for an okay challenge) Bosses can be a bit brutal with extra phases or they summon extra minions or a lot of enemies have multi hit abilities. Climax falls a little flat with an extra twist/revelation I don't think was explicitly needed and kind of takes away from the big fight before it. Final fight just feels kind of anticlimatic. Wonderful looking graphics, everything looks made with care and character and level design are well done. Wears it's queerness on it's sleeve, happy for the representation and treats everything as normal. Was a delight to see. Really hope to see more from this developer, this was an excellent little game and shows a lot of potential for more. Solid B+"
