cluster_id,cluster_probability,title,group,voted_up,playtime_at_review_hours,detected_language,analysis_text
1,1.0,Small Saga,core,True,7.083333333333333,en,"Fair warning: achievements are listed, but not implemented in the game. If you care about those, be warned. That being said, I truly think you should play this game. It has a well written story, supported by the gameplay in clever ways. I never struggled, Small Saga is not a hard game, but it doesn't need to be. Cool story, cool mechanics, what else can I say?"
1,1.0,Small Saga,core,True,7.133333333333334,en,"Small Saga is a game I'm quite torn on. While there are many aspects of the experience I absolutely adore, there is a large element to this game which I feel drags the experience down, making it not an immediate recommend I know it should be. To get to the best part of the game over with: presentation. The visuals are absolutely breathtaking and I found myself entranced playing through this game. Every character had personality oozing from their design alone and each boss you encounter feels lovingly thought of. [spoiler]I really felt this way about the Yellow and White Gods you see in the game. There is a sense of scale each of them have which does make you feel how daunting these 'Gods' are to our characters.[/spoiler] The visuals, alone, are not solely what carries this game. The music brought me into the world. Where many games I find enjoyable, but something I'm not going to think back on, Small Saga's soundtrack heightens the overall experience. The emotions are brought to another level when you play through, aiding to the story in more ways than you realize. From the lows to the highs, and the bosses through, the soundtrack assists in making a memorable presentation in the time you put in. The story is nothing amazing, but it's quite serviceable enough. The writing, overall, is enough to get you through. Yet I did find myself wanting more in. I would have loved more quests which allow you to learn more about the characters in the game. More people to interact with. I just found myself wanting more. The lore you do find in the books just feels a little clunky to me, making me just wish there was another manner to explore this world I'm shown. That said, the writing was enough to make me want to see more of this game. Now, the gameplay, which is where my experience takes a dip. It feels like the game focused on every other issue, yet the gameplay and everything surrounding it took a step back. Lacking is a word that immediately comes to mind, but even that might not properly do it justice. Despite the presentation and writing which all kept me coming in, the mechanics in the game was pushing me away. The game felt like it needed a vehicle to have their game, and made a passable RPG experience in order to do so. What is here was clearly given enough time to make it not completely arbitrary, yet not delved too deep into and allowing for a more fleshed out playthrough. For $20, this game is on the edge for me. Everything truly is incredible for this game, yet the game mechanics bring it down quite a bit for me. It takes what could easily have been a homerun and makes me more on the fence. Yet, if the game goes on sale at all, I would highly recommend picking this game up. Despite my feelings on the gameplay, Small Saga clearly had passion put behind it when it comes to presentation. And I think, if you can get past the mostly average mechanics, you do have a beautiful game awaiting you on the otherside."
1,1.0,Small Saga,core,False,9.05,en,"Small Saga was pretty mediocre. There are some pretty cute moments where I enjoyed the characters and how they reacted to the events unfolding. However, the overall story operates at so much of a breakneck pace that it makes character development incredibly jarring; characters will flip motivation on a dime just to railroad the main plot. In the span of ~6 hours, you [spoiler] help a child run away from home, start a prison break which leads to overthrowing an authoritarian town and installing a new leader, start a revolution against the monarchy, overthrow a slaver, and help a person reconcile their past[/spoiler]. The game honestly tries to do too much too fast, which makes transitioning between main story beats turbulent. This results in characters not realistically offering pushback on others or having instantaneous changes of heart. Simultaneously, new ideas and information on people’s past are constantly introduced, but never meaningfully utilized or elaborated on. Many of the main story conflicts are resolved off screen and are only barely mentioned being resolved in a few sentences. A few characters are particularly loathsome with cringy dialogue in the form of forced memes. There are also several references to memes that were topical at the time. Constant attempts at humor are made but they mostly fall flat. The story takes up the vast majority of the game with some light amount of boss combat near the climax of each plot point. The combat is extremely vapid to the point it feels like a fantasy story masquerading as an RPG. There aren’t any meaningful decisions to make in terms of building character skills or gear. In fact, the game has several skills that increase damage to different types of enemies that either appear in only 2 combats or only in one chapter. I never felt in danger during combat and it boiled down to spamming damage abilities with no thought. It is very dissonant to be a meek rodent trying to rise up against larger creatures while combat is never dangerous. The final boss of the game was doing attacks that did 2 damage to me. There is a lack of polish that hampers the storytelling experience. Many important story moments had no music or ambient sound that made reading the dialogue emotionally hollow. Nearly every cutscene in the game used fades to black to hide actions being performed, items being placed, etc. There are also many incredibly long walkways between story areas that don’t serve any purpose to gameplay or storytelling. They don’t build atmosphere and just pad playtime as you meander through empty halls in dead silence. Overall, I found Small Saga to be entertaining enough to want to see the game through. The game was gifted to me and I think if I had spent the $15 myself, I would be more disappointed. For that reason, I can’t really recommend this game to others for its price. The plot is too hasty and needs to take more time so that many of the introduced threads are not hand waved away."
2,1.0,ELDEN RING,benchmark,True,489.98333333333335,en,"I ♥♥♥♥♥♥♥ love elden ring, Best game of my life and ever."
2,1.0,ELDEN RING,benchmark,True,166.08333333333334,en,"Praise the moon! Praise the message! ENG / CZ The Elden Ring, a game where you can have as much fun as you absolutely want. A game with so many options of build, from bullying enemies with baseball bat, to archmage where you bully them with one spell. A game so perfect that you can kill 200 hours and yet have so much fun, if it's too easy for you go play the new game +7 and prepare for your anus to be demolished more than many porn actresses. This game of course comes with beatiful graphics and absolutely magnificent sounds and soundtrack itself, if it's not enough, you can play The Shadow of Erdtree dlc where you get bullied for many and many hours. This is Elden Ring, a game where your role is the victim. Elden ring, hra kde se budeš bavit jak jen moc budeš chtít. Hra s tolika možnými Buildy, od šikanování protivníků s basebolkou po arcimága který bude oponenty týrat s jedním kouzlem. Hra tak perfektní kde můžeš zabít 200 hodin svého času a i tak tě to bude bavit dál, a jestli je to pro tebe jednoduché, zapni si new game +7 a připrav svůj konečník na větší demolici než většina porno hereček. Tato hra samozřejmě přichází s nádhernou grafikou a naprosto úžasnými zvuky či hudbou samotnou, jestli ti to nestačí, můžeš si stále zahrát The Shadow of Erdtree dlc, kde budeš šikanován na mnoha a mnoha dalších hodin. Toto je Elden Ring, hra ve které tvá role je být oběť. Try fingers, but hole. Praise the message!"
2,1.0,ELDEN RING,benchmark,False,2010.55,en,"A short review of Elden Ring (Shadow of the Erdtree DLC included) Pros: - Simple controls and good playability. - Music and sounds are generally great. - Quite enjoyable single player campaign. - Graphics are good in most areas. Some are rather ugly or even disgusting, but this might be expected from a horror RPG. Cons: - Outdated combat system copied from earlier games without much revision. Every major flaw that existed in game mechanics over 17 years ago are still present in Elden Ring. - Game consists mostly of combat with very little other RPG elements. This might not be a bad thing if the combat system was better. - Worst co-op game of all time. Very little options and PVP cannot be disabled. - No real reason to play this more than once. The world is always the same, and you can do everything that's worth doing with just one character."
2,1.0,ELDEN RING,benchmark,False,75.08333333333333,en,"I have played Elden Ring for 73 Hours over the last, 3 years or so. I really like the game, but it simply isn't for me. I have restarted the game on a new character three times now, and am constantly failing at the games leveling system. I play through, wreck havoc on bosses, and more, but eventually, I hit the mid-late game area's and I'm ♥♥♥♥♥♥. Not because the enemies are tough, which they are, but because I'm kinda under leveled. Throughout the game, you are given hundreds of really, really ♥♥♥♥♥♥♥ cool weaponry. And during this entire process, it feels like you are expected to pick one, and stick with it for the entire game. That isn't really how I like to play RPG's. I love my Claymore sure, but I want to try out other weapons on bosses, different builds, constantly. And this game makes it very hard to do that. I always end up with incredibly evenly spread out stats, because I wanted to try out a certain weapon effectively, and it blisters my supposed build. Bosses begin to take upwards of 20-30 minutes to kill. It, becomes a slog. So I put down the game that year. And I pick it up 8 months later to continue this cycle. Every time I play again, it feels fresh, my build, though ♥♥♥♥♥♥, feels somewhat fresh again. And then it dulls, and I drop it again. At this point, I'm just going to mod it. I love this game, but its progression isn't for me."
2,1.0,ELDEN RING,benchmark,False,184.58333333333334,en,"Elden Ring on PC does not natively support PlayStation button prompts, what a joke of a game"
3,1.0,In Stars And Time,core,True,25.416666666666668,en,"""I DIDN'T NEED TO REDO ALL OF THAT?????"" and ""♥♥♥♥♥♥♥♥ NOW I GOTTA DO THIS ALL AGAIN"" were common phrases I said. Still peak"
3,1.0,In Stars And Time,core,True,49.766666666666666,en,Peak game Don't spoil yourself Just play it
3,1.0,OneShot,positioning,True,9.966666666666667,en,"game so peak, the final decision had me pondering for hours"
3,1.0,OneShot,positioning,True,4.783333333333333,en,holy peak. Also if you have wallpaper engine and play this I suggest turning it off. you might get stuck on something
3,1.0,Small Saga,core,True,6.833333333333333,en,"Absolute peak. It's a short experience, no grinding necessary; amazing story, amazing music, amazing graphics. I wish I knew about this game sooner."
3,1.0,Small Saga,core,True,9.833333333333334,en,Ts so PEAK 🙏 Please please PLEASE play this masterpiece of a game.
3,1.0,To the Moon,positioning,True,7.333333333333333,en,this is complete and utter PEAK no cap on god bro
3,1.0,ELDEN RING,benchmark,True,326.51666666666665,en,It's like peak I guess
3,1.0,ELDEN RING,benchmark,True,374.06666666666666,en,The literal definition of peak.
3,1.0,Baldur's Gate 3,benchmark,True,248.3,en,Peak. Besides Act 3 that was... That was something.
3,1.0,Finding Paradise,positioning,True,4.916666666666667,en,"Genuinely, it's the most emotional and good game i played its literally peak"
3,1.0,Finding Paradise,positioning,True,5.233333333333333,en,peak game good and sad story 10\10 one of the emotioal game l ever played
4,1.0,OneShot,positioning,True,9.95,en,"Probably one of the best puzzle RPGmaker games there is. The art style is IMMACULATE and the story is perfect (you might cry in the end if you're emotional). The bond you make with Niko is something you won't experience in most of the games. For the whole game experience i recommend playing the game (since there are a lot of 4th wall breaks). Like most of the Indie games, the OST is PHENOMENAL. There's no need explaining it. It just fits the game perfectly. Story - 10/10 Art style - 11/10 Gameplay - 7/10 (I'd give it more but there's a lot of wandering. Puzzles are cool though) OVERALL SCORE - 9.5/10 (And remember, Niko is not a cat :D)"
4,1.0,OneShot,positioning,True,7.85,en,"Game genre: Puzzle, Indie & Computer interactive Gameplay: ★★★☆☆ Graphics/Art style: ★★★★★ Story/Ambience: ★★★★★ Difficulty to play: ★☆☆☆☆ Difficulty to master: ★☆☆☆☆ Replayability: ★★★☆☆ Overall: 9.5/10 Recommended: Yes, this game is beautiful and it's replayable too because of the different endings, also Niko is such as a great character Until we meet again"
4,0.33816713259003967,Impostor Factory,positioning,True,3.2333333333333334,en,He really does not miss.
4,0.20291932172569022,In Stars And Time,core,True,28.166666666666668,en,"This game is special, in ways i can't describe. In the beginning i was thinking ""wow, this is the wokest game in world, i love it."" and if that doesn't appeal to you, that's on you. And it's still that, but my god is it so much more. This game is on par with oneshot for games that will never leave my soul, i feel guilty that i got it on sale."
4,0.20291932172569022,In Stars And Time,core,True,33.45,en,this game shot me in the chest 63 times i want odile
4,0.20291932172569022,To the Moon,positioning,True,4.883333333333334,en,"To those who loved OneShot, this is another story-driven game. Of course, this game is much more tame compared to the puzzle aspect of OneShot. As the description suggests, you follow two scientists fulfilling a man's wish to go to the moon. You go through his old memories, and ones he's blocked off mysteriously. The game is composed of three acts, and each one develops the old man's past more and more. You'll be left with many questions, and not enough answers by the end of your playthrough. While I haven't played the other two games in the trilogy, this is a must-play for those who want to indulge in the indie scene. It had me crying at the end of the game, if it goes to show anything for it. I cannot describe it in words how I grew attached to the characters so easily. To the Moon, my friends."
4,1.0,OneShot,positioning,False,12.05,en,"Let me be clear I don't think that this is a bad game. If there was a neutral option I would have picked it, I just have a little bit more negative than positive. First the positives. I like the character designs. Everyone really sticks out and the different kinds of creatures make the world feel unique. I think that the concept of not only having to solve puzzles that have a point and click adventure style, but also having to do things on your computer is a nice concept and it had a few puzzles that I thought were really cool and had a lot of fun playing with. Niko is a very cute and fun protagonist and I definitely grew to really like him over the time i spent playing the game. My problems though are as follows. I think that the character writing is overall weak other than Niko. We don't get enough time with each characters or have conversations enough about them to really get an idea of who they are, and it's really disappointing. you always feel like the characters are just in the world that you are passing through and you only ever interact with them because you need them to solve a puzzle. It's a dang shame, because I really like the designs of each of the characters, I just wish there was more substance there. I wish that there were more dialogue options when interacting with Niko to give you more of a relationship with him. As I said previously, I really like him as a character, but I wanted more things to talk to him about and maybe have him remember things you told him before and have reactions to things in the world based on that. You have a few moments like that around the end, but you don't get to really interact with him in depth more than the main plot demands, and even then you only get two options that don't cover a lot of ground. The Solstice route, which could have been upping the anti by a lot in some really interesting ways as well as fleshing out the characters more, ended up being the weakest part of the game. The puzzles were either things you have already seen or were things that were done in a way more impressive manner in earlier playthroughs, leading to an underwhelming feeling when doing them. The characters get a little bit more dialogue but end up just treading over the same ground that they already did in the fist route rather than adding to the characters in any meaningful ways. some of which don't even get names until the end of the game. Some of the new characters are okay, but ultimately they just take away time we could be connecting further with the already established characters just to add more characters that we spend even less time with. The overall tension in the story felt force and predictable, and the ending felt cheap like it made everything that happened before meaningless. it was very disappointing. Overall it is not a bad game and has real potential and cool game mechanics, it just feels like it always falls short of the mark and leaves me wanting more."
4,0.9912244065088667,OneShot,positioning,False,3.6166666666666667,en,"[h2]A great puzzle game, but not a good story[/h2] [h3]I overall wouldn't recommend this game because I don't think it ties together as a ""story,"" based on these reasons:[/h3] - Most of the characters that are introduced are thrown in for puzzle progression rather than for any real world-building or companionship. Every character other than Niko does not have a fully-developed personality. By the end, they all sort of blend together, and I'm more concerned with solving the puzzle I'm working on than talking to the characters or interacting with the world, since the game doesn't really give me a reason to. - This game is far too short for my liking compared to other games in this genre. I completed it in just a few hours, even though I was taking my time with the puzzles and interacting with everything I could. There's just not a whole lot of content. As for the positives: - The puzzles were amazing. [spoiler]Especially the fourth-wall-breaking puzzles.[/spoiler] I would recommend this game if you're into puzzles and puzzles alone. Finding the solutions is VERY engaging. - I was invested in the world. It seemed like a living, breathing world. In the end, [spoiler]I chose Niko because I felt like there was literally no reason for me to choose the world that didn't make me try to care about it. Niko was the only character who was fully fleshed out.[/spoiler] - The music is pretty decent. It fit the vibe of every region, and no track felt out of place. [b]Given these points, I would recommend games like Undertale or OMORI to someone looking for a game with this kind of theme. If you're looking for a good puzzle game, though, this is definitely for you. The game succeeds as a puzzle game, but fails to deliver the compelling narrative and character development that I was looking for- and that I was constantly told about.[/b] SPOILERS: P.S. I completed the [spoiler]Solstice and normal endings[/spoiler], and I'm still left feeling unfulfilled."
5,1.0,Ikenfell,core,True,22.816666666666666,en,"Ikenfell is a sweet little RPG I do like the game; the music is good, the story is nice. The gameplay left a bit to be desired, though. I found later-game activity to be rather frustrating and I ended up turning on easy mode; the two main grievances I have are routinely getting screwed over by the enemy party having too many turns in a row, and some actions, such as placing traps, not counting as a turn at all unless you do it. The last few sections of the game were so frustrating to me that they ended up souring the game in general a bit. I can't hold it against it too much, though: I'm not great at RPGs, and I don't like them much. Unfortunately many of the really good indie games seem to be RPGs. I'm not over the moon about this game but it's pretty good and probably worth your time, especially if you like this sort of game."
5,1.0,Ikenfell,core,True,19.033333333333335,en,"Ikenfell is a story-rich, wholesome game with beautiful, grounding music and a world that feels warm and inclusive, especially in how it embraces LGBTQ representation. The characters and setting are so charming that it’s hard not to wish the game would go on longer. The instant victory option was a great touch, letting the story shine without combat frustration. I would happily play any sequel, prequel, or new story set in this universe."
5,1.0,Ikenfell,core,False,8.883333333333333,en,"[b]Ikenfell[/b] is a game that I really could not bring myself to enjoy. As a big fan of JRPGs and great pixel art, I was excited to see what this game had in store. 9 hours of slowly becoming more and more jaded later, I cannot get behind this game in any light. First of all, the sprite art is alright. Nothing insanely pretty, it’s obviously an RPGMaker game that takes a lot of inspiration from Earthbound and Undertale. I usually love the visuals in these games but in Ikenfell it was only so-so. The character sprites were peculiar to me, opting for 3 different styles, in exploration, in dialogue, and during combat. The most appealing version is during dialogue, where you can actually see the character’s faces, while during exploration they give a strangely large amount of pixel real estate to the character’s hair, only giving 3 tall pixels worth of a face. It makes the characters look very odd during top-down cutscenes and really disconnects me from the characters (because I cannot see their eyes). In addition, I found the combat to be an absolute slog. While I did find the idea somewhat interesting, and the lack of MP gave a lot more freedom to what spells you used, EVERY single fight is dragged on horrendously long. Even the most basic enemies take at least 3 or 4 turns from the player, complete with enemies moving AND attacking AND you having to block it. It turns what could be a 30 second encounter to 4 or 5 minutes, which in the long run becomes agonizingly long. Enemies become insane damage sponges and become entirely dependent on the timing of your attacks (which can be done automatically through settings). Also, the vocal tracks during the boss battles, while a novel idea, did not mesh at all with the gameplay, in fact it really took me out of the game. The story itself felt embarrassingly shallow for how much dialogue there is. I understand in a 10-15 hour game with lots of characters you can’t be expected to get huge development out of each of them, but every character felt so insanely cookie cutter that I couldn’t connect with a single one of them. Each character’s arc just flipped from one end of the other, the mean girl suddenly becomes nice, the shy girl gets brave, it’s just so tiring and I found myself caring less and less about the characters as the game progressed. The actual story of the game is even more unengaging but in the opposite way, plot threads get so quickly muddled and confusing that by the end of the game you’re unsure what is actually happening, somehow the characters talk so much but never about the thing you want to know more about. I respect the hell out of video-game creators, as they’ve made some of my favorite experiences I’ve ever consumed, and I think this is a great team with a lot of potential to make something truly special. But I don’t think this game respects the time of the consumer, it got to the point where I just started using the auto-victory for every boss near the end because it was becoming such a slog. I do think that if you really don’t mind a standard story and you auto-victory through some of the longer, more tedious bosses you could enjoy this game. But as it stands, Ikenfell, to me, is a dangerous combination of a monotonous battle system paired with fiercely rooted archetypal characters and a confusing story that they never bother to truly explain beyond “it’s magic!!”."
5,1.0,Ikenfell,core,False,0.25,en,"Ikenfell is one of literally thousands of 2D JRPG ripoffs infesting Steam, although at least this one was ""genuinely"" made instead of being asset flipped from the godawful RPG Maker construction kit. That doesn't mean, by a long shot, that this lazy, badly done console port is the kind of game any self respecting PC gamer would touch with a 10' pole. From a technical perspective, the game doesn't meet basic minimum requirements that most PC gamers expect as standard. A choice was made to use obsolete, decades old retro pixel ""art"" as a substitute for contemporary PC graphics. It's unclear if this is due to lack of budget or talent, regardless, the overall visual quality of the game is extremely low as a result. There's no options to change the resolution for the game or customise the graphics settings. There's no way for gamers to ensure this is running at the native resolution of their displays... there's no guarantee this game will look right on any PC as a result of this hamfisted design decision. There's no way for gamers to try improve the low quality graphics. PC gamers will be insulted by the presence of console peasant children's toy controller prompts, despite this being on PC. Developers should try to be aware which platform they're developing for. Because this is a console game, it carries a number of deliberate design deficiencies. Compromises were made to cater to the inferior console gaming appliances that the game was designed for. These are unfortunate compromises and limitations that PC gamers shouldn't be forced to accept, but it's evident that PC was a second thought for the console-centric developers. The game is deficient as a result of these choices, and would have been so much better without the handicaps that designing games for consoles forces upon a game. Once more, console peasants have made gaming worse for everyone. These technical defects push this game below acceptable standards for any modern PC game. Ikenfell has a truly insulting price of $20 USD, for which you could easily get any number of older AAA games (with 3D graphics instead of pixelcrap!), let alone the sheer number of free games available on Steam. Given the defects and quality issues with the game, coupled with the unrealistic price, and the questionable ethical nature of the developer and/or their associates (as outlined above), this is impossible to recommend."
5,0.8786795189395391,Ikenfell,core,False,22.366666666666667,en,"Ikenfell is by far the queerest game I have ever played. I do appreciate the representation, but it can be a bit much. Not that it's a detriment, but as the story progressed it got a bit silly. However, the writing was decent, mostly, and it didn't come across as pandering... just a bit hamfisted at times. The gameplay itself was solid. The battle system was inspired by megaman battle network... but it does get repetitive. Around the halfway point of the game you get the best character. And it just makes all battles battles of attrition over difficult. The hidden bosses just really show it too. Not difficult, just gets tedious. But, that brings to mind a different strength of the game... accessibility options. One of which I had no problem enabling... ""Instant win battles"" for these long annoying fights. So overall, I'd say it's a pass and instead you can read any of your favorite gay star wars fanfiction."
6,1.0,Finding Paradise,positioning,True,4.683333333333334,en,"Great follow-up to To the Moon and another reminder that I really love these playable novel type games. What makes this one so fun is the mix of mystery and banter. I was always curious about what was really going on, what we were about to learn, and where the story was heading next. That kept me hooked the whole way through. At the same time, Dr. Watts and Dr. Rosalene make everything entertaining scene by scene, and Watts especially was a huge part of the fun for me with all his sarcasm, jokes, and random references. The low-friction interaction helps too, because the game stays focused on what it does best. The music and atmosphere were excellent! Now I’m really looking forward to Impostor Factory. I feel so lucky getting to play these all at once given these games originally came out years apart!"
6,1.0,Impostor Factory,positioning,True,4.0,en,"While some critics have pointed out that the story did not live to its ""true potential"", I personally think that for what it is; a story about finding meaning in an artificial world, it delivers its intended message exceptionally well. Impostor Factory doesn't need to be a complex sci-fi epic to be brilliant. It shows us that a physical reality doesn't really matter all that much. If you are feeling genuine love, grief or joy, then those emotions are 100% real to you in that moment. It's honestly my favorite so far from the series."
6,1.0,Impostor Factory,positioning,True,10.733333333333333,en,"Impostor Factory is interesting in that it challenges the philosophy presented in the previous games and sets up the Beach Episode for success by starting to put the hypocritical actions and beliefs of characters front and center. Also, compared to the other games, it also seems to focus a lot more closely on the emotions of the characters without them having to explicitly state how they were feeling. Characters cry and don't need to state why exactly they cry. You just know. I could notice that Kan Gao was making a clear effort to improve his writing and storytelling within Impostor Factory and, even if it isn't perfect, it still tells a cohesive story that can be enjoyed on its own. I also feel the need to pay some respects to Jordan Baer as this was the last game of the series that he was directly involved in (funny that his last game was very focused on being caught between living a normal life or a life dedicated to lighting the way for others). I hope his family is doing alright."
6,1.0,Finding Paradise,positioning,True,4.6,en,"This is the second game in a trilogy that starts with To The Moon and ends with Impostor Factory. In my opinion, they should absolutely be played in order, so go play the first one if you haven't before even looking at this one. There's a lot of setup for the third game in this one, yet it still manages to tell a complete and satisfying story. This game also tells a much grander narrative than its predecessor, with higher quality writing. Definitely recommend it if you enjoyed the first one."
6,0.8051226601694644,To the Moon,positioning,True,8.416666666666666,en,"Over a decade later since I've seen this game for the first time and this is still one of my most favorite games of all time. Very emotional, very addicting, amazing and beautiful soundtrack, I think about this whole series constantly. If there are ever more games in the series, I WILL BE THERE!! In fact I've even played Impostor Factory twice. Love Love Love this game! Perfect for people who like emotional and story-driven games. Thank you, Freebird and Kan for creating this blessing of a series! <33333"
6,0.49225981731729496,Ikenfell,core,True,12.766666666666667,en,"[code][url=https://store.steampowered.com/curator/33025671-Missi-the-Achievement-Huntress/] Please see my curator page for more games that are well worth your time[/url][/code] [b]Approximate amount of time to 100%:[/b] ~10h with victory mode one, without it I would guess it is around 20h [b]Estimated achievement difficulty:[/b] 2/10 with Victory mode on, 6/10 without victory mode [b]Minimum number of playthroughs needed:[/b] 1 [b]Has it been in a bundle:[/b] Yes [b]Is there a good guide available:[/b] Yes, I used the following 3: [url=https://steamcommunity.com/app/854940/discussions/0/2967267880885433654/] Gem locations [/url], [url=https://steamcommunity.com/sharedfiles/filedetails/?id=2419607878] Hidden achievements guide [/url], [url=https://www.xboxachievements.com/game/ikenfell/achievement/208609-defeated-the-specters.html] Gwenora's locations [/url] [b]How many people have completed this game at the time I'm writing this review:[/b] 4 on Astats [b]Multiplayer achievements:[/b] No [b]Missable achievements:[/b] No [b]Grinding Achievements:[/b] No [b]DLC-Only achievements:[/b] No [b]Speedrun achievements:[/b] No [b]Time-gated achievements:[/b] No [b]RNG-achievements:[/b] No [b]Does difficulty affect achievements:[/b] No [b]Unobtainable/glitched achievements:[/b] No What a superb game! I really loved this puzzle RPG game. The storytelling starts off a bit cringy but gets better very soon into the game. You play as Maritta who is searching for her sister that didn't come home for the summer from Ikenfall, her magic school. Here you'll enter a world that is very unknown for Maritta, but the characters you meet will also feel on edge because there is something weird going on in the magic world. I love how every party member has their own story and characteristics, which plays a big part in the story. They are not generic party members at all. Another thing I love about this game is the accessibility of the battle system. The game has a turn-based tactics battle system with timing elements. You have the option to turn off the timing elements in the options menu in case you don't like that. You also have the option to turn on ""victory mode"" that way you get the option to win the battle as soon as it is the turn of one of your characters. I played with this mode on, which makes the game a whole lot easier, but I did it because I wasn't a fan of the battle system. There was nothing wrong with it but I just didn't like it and this way I had the option to play through this fantastic game without being annoyed with the battle system. The game has some great music. Some can be found on Spotify. During one cutscene there was playing an amazing song and I used ""Shazam"" on my phone to check which song it is and I was so happy to find the song on Spotify. ""Yearn To Bloom - Aeldra's theme"". Have been playing it while writing this review, I just love it, The game has no missable achievements, after finishing the last boss you can go back to your save just before the last boss. I would even suggest waiting with the final boss and first complete the sidequests. The ending is wonderful but long, and going through it a second time for a minor change at the ending might not be worth it. There are a lot of gems you have to find in the game, those are hidden. There is a great guide here on steam (linked above) which you can use while playing through the game. I did it afterward and only needed an hour to mop them up, which wasn't so bad, and that way you can play carefree through the game. It took me around 10h to complete the game with victory mode on."
6,1.0,Impostor Factory,positioning,False,3.1,en,"After two emotionally moving masterclasses in video game storytelling from this developer — ""To the Moon"" and ""Finding Paradise"" — I really wanted to love this third installment, but I think they may have bit off somewhat more than they could chew here. Impostor Factory wants to be this much darker, more cerebral plot, with mysterious murders and time loops, and then it dovetails into a much more linear version of the sort of story we've come to expect from Freebird Games, chronicling one person's life from start to finish, and then it tries to tie everything together with a very meta plot twist. But this means the tone of the story is all over the place. Sort of an aside, but there's also a plot thread that really gets under my skin, and it hampered my enjoyment of this game. [spoiler]There is a point where the timeline diverges in response to an important family-planning decision. In the ""bad"" timeline, the mother's life is prioritized over her child's, the child lives a very short and tortured life, and this leads to the family splitting apart forever after he dies. In the ""good"" timeline, the child's life is prioritized over his mother's, and he grows up to do great things and the family stays together, but his mother must now live out the rest of her days battling a terminal illness that would've been cured otherwise. It smacks of those arguments that anti-abortion activists use: ""no matter what you might be going through, or how much your own life might be put at risk from pregnancy, you should absolutely give birth because your child might theoretically become the next Einstein.""[/spoiler] I really did not like this undertone to the story, for reasons I hope are obvious. Both of this developer's previous titles made me cry, or at least tear up a bit. Here, I mostly felt confused and annoyed by the end."
6,1.0,Impostor Factory,positioning,False,4.883333333333334,en,"I really enjoyed To The Moon and Finding Paradise. They could be a bit overly sentimental but ultimately the emotional themes resonated with me and I came away from them thinking they had something valuable to say. Sadly, the 3rd game in the series, Impostor Factory, falls flat on its face in this regard. This was my experience of the narrative of Impostor Factory: Act 1 - The game seems like it's doing something completely different from the first 2 games in the series. It's creepy and exciting and I was curious as to where it was going. Act 2 - The novel, creepy, exciting bits fall away and the game now proceeds with a boring, drawn-out rehash of many of the same exact themes and narrative beats of the first 2 games in the series. Act 3 - The game now throws some twists at you to reconcile Acts 1 and 2, fully cementing the fact that you have no real reason to care about anything that's happening. It attempts to manufacture some last minute stakes that ring utterly hollow. It is a truly misjudged narrative that feels gimmicky, boring, and annoying to progress through. Add to this the fact that the already limited gameplay of the series has been stripped down even further and I see little reason to recommend this game."
6,1.0,Impostor Factory,positioning,False,4.716666666666667,en,"I loved all the previous games. But this one was a miss for me. Impostor Factory leaves absolutely nothing to the imagination. Game controls every little aspect of the narrative. And it's just... not fun. [spoiler]At the end I really hoped I'd at least be given the opportunity to think what ""the perfect life"" would look like for these characters, but nope. Game shows you e v e r y t h i n g, so you finish it and never think about what happened ever again. You don't need to think or wonder, it's all there. Closer to the middle I was so exhausted and bored out of my mind, I hoped the ""data"" wasn't representing of how much is left of the history to see. But yeah, it was. I was hoping for something to go wrong in the machine, but, again, nope. It starts as an interesting murder mystery with clones or time travel, I got hooked. But ends up as a boring and unimaginably long life story.[/spoiler]"
7,1.0,To the Moon,positioning,True,14.95,en,"To The Moon ~ tbh i played the original just for easy perfect game (achievements) and that was years ago i even forgot the story but it was great thats what i remember and then it got remastered version so i just found myself play it again i just finished it and i can say its looks simple but for me it was really worth it story so emotional nice characters , nice music , etc... i guess i will buy all freebird games because of ""To The Moon"" <3"
7,1.0,To the Moon,positioning,True,8.333333333333334,en,the impact this lil game had on me within the span of playing will last a lifetime. thank you FreeBirdGames. 🕊️💖
7,1.0,Finding Paradise,positioning,True,6.233333333333333,en,"I definitely recommend it! I mean, I liked the storytelling, the pixel art, the art style, the game design, and the soundtrack, and I got a bit emotional :D Nothing more to say! I already played the other Freebird games... I don’t really remember ""To the Moon"" since it’s been years since the last time I played it, but I liked that one too."
7,1.0,Finding Paradise,positioning,True,5.95,en,"1. This game = Super Brillent Story telling + heartwarming. 2. This game takes less than 6 hours to complete. 3. Every movement of this game is worth your time playing it. 4. For me this game was easily 10/10. (Must Play game ) 5. 100% Recommended and all the other games from ""Freebird Games"" developer."
7,1.0,Impostor Factory,positioning,True,3.3,en,"Wow there's such a leap forward with the animations and writing from the past games, not to say those weren't good as well but the atmosphere set during the different acts of this chapter of the freebird games is really compelling!"
7,1.0,Impostor Factory,positioning,True,4.716666666666667,en,One of the most unexpected games regarding every aspect. Insanely underrated. FreebirdGames gained a huge fan
8,1.0,Meg's Monster,core,True,6.5,en,"BUY THIS GAME! If you've been waiting to feel that Too the moon experience over again look no further. Pros: - The Combat is fun and brings variety - Great art style - Top Tier story Cons: - Some parts of the story are a bit slower then others - You will cry, so if you are on a no cry break it'll be over - the side mission parts were neat but kinda felt like an artificial way to not make the game feel linear. I really hope this game wins award and gets the recognition it deserves because it truly was lovely. I give it 4/4 Council Monsters."
8,1.0,To the Moon,positioning,True,5.4,en,"[I]To the Moon[/i] is bitter sweet pixel-adventure game about how love and live and last wishes. Its not very long, the game elements are simple but it is nicely made and a very emotional story. Definitely something for people enjoying story driven and emotional touching of games."
8,1.0,To the Moon,positioning,True,15.45,en,"Let me start by stating that I love pixel art, rich soundtracks, and narrative-driven titles. To the Moon checks all three boxes. I first played this game in 2018. While its beautiful soundtrack stayed with me over the years, most of the plot had faded from memory. During a recent multi-hour train ride, I was scrolling through my Steam Deck library and rediscovered this gem. I decided to give it another shot, playing through both the main game and the two free ""Sigmund Minisodes"" DLCs. There is so much to love here. It’s a deeply emotional story about life, love, family, and loss, following a dying man and his late wife, alongside two doctors who rarely agree on anything but always have each other's backs when it counts. The soundtrack, in particular, is stunning and carries the weight of the narrative effortlessly. Just don't expect traditional gameplay. The experience consists almost entirely of searching for objects, clicking through environments, and solving the occasional light puzzle. It leans far closer to an interactive visual novel or walking simulator than a standard video game. Because it's relatively short, it never overstays its welcome. For me, replaying it was an absolute pleasure. The optional minisodes also add a fantastic touch, fleshing out Sigmund Corp., exploring its employees, and leaving you with a few intriguing mysteries to chew on. If you enjoy story-driven experiences with great art and music, and don't mind minimal gameplay, you owe it to yourself to give To the Moon a try."
8,1.0,Finding Paradise,positioning,True,6.083333333333333,en,"i think this game was even better than to the moon. equally intriguing and beautiful story, with great callbacks to the first game and some funny references and slightly different and more interesting game mechanics in this game. i absolutely loved it/"
8,1.0,Finding Paradise,positioning,True,5.716666666666667,en,"[h2]A solid addition to the world of ""To the moon""[/h2] I think if I had to pick, I'd probably say I preferred to the moon, but that could just as well be because I played it first, it's not uncommon to be biased towards your introductory game or episode of a series. I thought this was pretty sweet, it's still a narrative game with some puzzle elements, but the writing is great, if the writing wasn't as top tier as it is I definitely wouldn't have enjoyed this or to the moon one bit, and for a dyslexic person who struggles to maintain focus when reading, that says a lot to it's quality. The sprites are mostly just the same as to the moon, but still just as amazing, I did notice some weird mixels during Neil's transformation sequence, and some tiny spots where pixels didn't line up fully or were a bit jittery, nothing that'd ruin your experience but they did stick out to me during my playthrough. The music is phenomenal as you'd expect, maybe a bit samey at times, but better that than incohesive, a little more variety in some spots wouldn't hurt, and might heighten the impact of the emotional tracks when they come in, but again, nothing that'll detract from your experience. I played ""A bird story"" prior to this, and honestly I didn't quite get the connection, I mean, yeah, same character, it's a standalone look into a point of his life that's been abstracted, but for a chunk of the game I was just like ""so she's the bird maybe?"" But no, the bird is kind of just insignificant outside of ""A bird story"", which was kind of sad to me, but it is what it is, it's not like it ruined the experience for me. I think Asher could've done with a bit more character development maybe, more screentime, more moments with his family, but the story does go on a bit as is, so I'm not mad they didn't try to shove more in there; I [i]am[/i] mad about the walk speed though, it's just too slow, for ""To the moon"" I think it worked better because the environments were a bit smaller, sometimes you'd be on a long walk from one area to another, but having most segments be smaller walkable areas made the walk speed feel reasonable for the majority of it, here it felt like it was padding the length of the game a bit, a sprint button at least would've been appreciated, I'm not saying we need to be running the whole game, just a slight increase, because as is, I felt like the walkspeed alone added at least half an hour to my playtime, maybe even a whole hour. But overall, great game, I thought it was really sweet, teared up a little at the end, I had minimal gripes with the story, the art, the music, the gameplay, I'm not gonna pretend there wasn't any friction with any of it, but it's so minimal compared to the master craftsmanship behind the entire rest of the game that they're just insignificant. If you're not a narrative game type, or you prefer games with intricate gameplay mechanics, multiple routes or endings, maybe this won't be for you, but if you like a good story with some interactive elements, I think this is worth your time."
8,1.0,Impostor Factory,positioning,True,3.6333333333333333,en,"The series never disappoints me, but I think this is the best chapter I've played yet. Definite recommend for fans of the original series, and I hope if you're a passerby with no clue about the To The Moon series, if you like novel-type games, please do give this a try! All sorts of warm, funny, mysterious, and touching little tales await!"
8,1.0,Impostor Factory,positioning,True,5.4,en,"This game will make you watch somebody's entire life in your own view. I cant say much without spoiling, but the beginning of the game is extremely confusing until you finally reach the core of what is to come. This game takes an entirely different approach from the other games in the 'To the Moon"" game series, yet this game is worth it as it provides the context for the underlying issues in the past two games and minisodes. Overall an extremely good game, except you have to play the other games fist to understand this."
8,0.6352409970824572,Baldur's Gate 3,benchmark,True,82.0,en,"Permanent ""Charlie Day conspiracy"" meme state along the story"
8,0.8862148874527862,Finding Paradise,positioning,False,2.216666666666667,en,"The sequel to To the Moon, a game about a pair of scientists who can go into the mind's of dying people to grant them their dying wish by editing their memories so that, as far as they remember, they fulfilled their dreams. The premise of the game is interesting, but the writing is only okay and I find the gameplay plodding and slow."
8,0.8577124779673666,To the Moon,positioning,False,3.6666666666666665,en,"You play this walking simulator for the story, honestly it could have done without it but then i guess it wouldn't be a video game? Anyway, I tried To the Moon because it was a short story driven game and after I played Omori, I was looking for something with a good story. While I think the story is ok, I don't think it made me feel what other people who played it felt. Like good for this guy wanting to go to the moon but as you go through the story, you see how other characters were affected throughout his life and I just thought, ""oh ok, so they don't get a happy ending but this guy just does."" Overall its a decent game, I would not dissuade anyone from purchasing this game, I just would not recommend it. 3/5"
8,0.8071413787758528,Impostor Factory,positioning,False,5.366666666666666,en,Story was of such a vastly much lower quality than the previous two games that it genuinely leaves a bitter taste in my mouth for all of the to the moon games.
9,1.0,Finding Paradise,positioning,True,12.716666666666667,en,"I'm not sure why exactly I'm always hesitant to play through Finding Paradise when I go through the whole series. It could be that it's the longest entry and kind of suffers from dragging a bit in a few places compared to the extremely tight pacing of To The Moon. It could also be that I don't connect as much with Colin as I do with Johnny (of course this could change with time.) It could even be that the funny banter between Neil and Eva somewhat breaks the pacing more in this entry compared to To The Moon. Even if it is a weaker entry, Finding Paradise will still find a way to make you cry and question your own existence and relationships. It might even give you a whole new way to look at your own reality. Who knows? It's the perfect opposite side of the coin to To The Moon in more ways than one."
9,1.0,To the Moon,positioning,True,3.9166666666666665,en,"Great story, great music, great art, great game. Can't wait to start playing Finding Paradise."
9,1.0,Finding Paradise,positioning,True,4.333333333333333,en,"It is rare that a sequel matches the quality of its predecessor and even rarer that it exceeds it. I would say that Finding Paradise is the greatest installment of the To the Moon series, with all the qualities of the first game, along with masterful handling of suspense and mystery by the writer. The theme as well is very nicely expressed, though my only criticism of the game is that it gets quite on the nose and obvious with just that toward the end; nevertheless, this is a masterpiece of video game storytelling. 9.5/10"
9,1.0,Impostor Factory,positioning,True,3.816666666666667,en,I feel sorry for the people who could not bring themselves to enjoy this game. Truly a beautiful finale to the trilogy. Do not play this game until you've played both to the moon and finding paradise.
9,1.0,Impostor Factory,positioning,True,5.016666666666667,en,"[h1] INCEPTION [/h1] Definitely the zaniest of the games that have come out of this series thus far, but not without its heartfelt moments, amazing music, and great writing. Consistently, these games deliver a new and engaging story while building off each other and expanding the world slightly every time. This game in particular has major lore implications and is a must play for fans of To the Moon and Finding Paradise. If you haven't played those, start there."
9,0.602955792510971,To the Moon,positioning,True,4.95,en,Beautiful storytelling that made me cry. The sequel Finding Paradise is fantastic as well
9,1.0,Impostor Factory,positioning,False,5.25,en,"I really want to enjoy this game - I really do. Having experienced the first two - To the Moon and Finding Paradise, I was hopeful that I'm going to enjoy this game as well. But sadly I didn't. It didn't resonate with me at all. I can't recommend it. I'm sorry."
9,1.0,Impostor Factory,positioning,False,7.883333333333334,en,"I can't recommend this, even on sale, To the Moon and Finding Paradise were both interesting and the latter built on top of the former with character development. This game's plot, sequencing, and point is confused and does not add anything to either of the two previous games. The ending payoff leans far too much on a part of these games that has never been the focal point."
9,1.0,Impostor Factory,positioning,False,7.983333333333333,en,"Eh... call it nostalgia, but I really prefer the other two games. To the Moon and Finding Paradise are damn masterpieces. This here not so much."
10,1.0,Baldur's Gate 3,benchmark,True,73.4,en,"amazing game, the best souls-like I ever played"
10,1.0,Baldur's Gate 3,benchmark,True,136.46666666666667,en,This game nourishes my soul in way I wouldn't thought is possible.
10,1.0,ELDEN RING,benchmark,True,3.3833333333333333,en,Got all the achievements on Xbox it was peak then and its still peak gaming now. Amazing story if you enrich yourself in it. It is a souls game so difficulty may vary on the person. Picked it up as my first souls like and ended up playing ds3 and will be trying to %100 the trilogy on pc. It is a game that you have to just kind of get good at in my experience but would highly suggest if your looking to get into your first souls game.
10,1.0,ELDEN RING,benchmark,True,69.48333333333333,en,"Its extremely fun, I never played a souls game and it kinda throws you into the deep end on figuiring it out but you get used to it and have a bunch fun. I beat in like 70 hours, yes some boss fights are harder than others but most players dont spend countless attempts on one of 100+ bosses. Definetly worth $60 if you do buy it, have fun"
10,0.744062388778862,Small Saga,core,True,6.7,en,"cool art, cool lore, cool bosses, kinda easy tho"
10,0.744062388778862,Ikenfell,core,False,5.033333333333333,en,it was fun but the bosses became stupid after a while and when i made it to chuckles after 5 hours it was just a dumb boss. i beat him after a while of fighting over and over again but not fun and not worth the grind.
10,0.634042714551492,Small Saga,core,True,9.783333333333333,en,"I had good fun with this game. Love the World, love the characters in this game, good music and I would say a reasonable length, however the game lacks a lot of RPG elements. Sure you can level up but I didn't had much reasons to use some of the perks since the game is VERY EASY, no mini maps, not a whole lot of exploring, would've loved to see more of this world but you get a small room to explore different areas, not a lot of shops to spend your seeds on for better items, besides just getting decent armor or food but that's pretty much it, this game is very easy, just once did I had a follower of mine get knocked out of combat but other than that never had a game over or a close call moment. The bosses are what Dark souls reviewers wish for, they're very easy, like really, really easy. Still a good game just with some minor issues but still doesn't make it a bad game by any means. I had a good fun with it, don't really see a reason to replay it again since I think I 100% it but it's hard to tell when this game doesn't have achievements which is very cringe. 8/10"
10,0.5555556776322076,Ikenfell,core,False,43.1,en,"Wooo! Nothing like entering the spelltower where you get no save points and entering an unwinnable battle and being forced back to your save point back ages ago................ freaking dumb ass designers, go fk yourselves."
10,1.0,ELDEN RING,benchmark,False,352.55,en,This ♥♥♥♥♥♥♥♥ company is a far cry from the one who made Dark Souls 3.
10,1.0,ELDEN RING,benchmark,False,0.11666666666666667,en,"Worse than DS3, DS2, Sekiro Better than DS1 Never played Bloodborne or Demon's Souls (stupid game name btw)"
11,1.0,Meg's Monster,core,True,4.566666666666666,en,"beautiful pixel art, diabetes touching story, couldn’t put it down 👌👌👌"
11,1.0,Meg's Monster,core,True,3.9,en,"Beautiful heartwarming story, great pixel graphics and BGM, reminds me those simple gaming time."
11,1.0,In Stars And Time,core,True,74.28333333333333,en,"Great game, great story, good pixel art, i did fill a few frames of pixel art felt a bit off but a majority of it was very good."
11,1.0,In Stars And Time,core,True,91.21666666666667,en,"At the fist this game was not that fun for me until the act 2 and sometimes it was gettin' on ma nerves but JIZZ - now look at my play time . Literally I played this game 3 TIMES. seriously this is one of the best pixel art game with Contains all the emotions of Character well ""I Don't wanna say more because for spoil"
11,1.0,Small Saga,core,True,14.816666666666666,en,"Amazing pixel art, outstanding soundtrack, and a captivating story makes this turn-based rpg simply a joy to play. The game really gives strong vibes of many of the cRPGs of the 80s and early 90s. I think anyone that enjoys turn-based RPGs, pixel art, and the nostalgia of retro games will enjoy this game. I honestly hope they make a sequel one day to continue the adventures of Verm and his friends."
11,1.0,Small Saga,core,True,7.15,en,"Great Storytelling, simple gameplay, great pixelart. Overall, a great chill rpg to play on a weekend."
11,1.0,Ikenfell,core,True,32.38333333333333,en,"Adorable pixel art and animations. Great feeling captured in just a few pixels. Very LGBT+ friendly, with cute romance story bits between the save-the-world story and turn-based combat. Combat gets a bit samey-by the end, but changing your team helps provide interest. Plays great on Steam Deck."
11,1.0,Ikenfell,core,True,7.183333333333334,en,"pixel rpg. combat mechanics are unique, though not groundbreaking. good and wholesome story but a bit cliche. art is decent, especially the ending scenes. a lot of gay romance."
11,1.0,To the Moon,positioning,True,4.583333333333333,en,pixel games shouldn't make me cry this much. THE BEST!!
11,1.0,To the Moon,positioning,True,3.2666666666666666,en,"Went into it thinking it was going to be another generic boring pixel art game, came out in tears and with a snotty nose </3"
11,1.0,Long Gone Days,core,True,9.416666666666666,en,Great looking pixel art and a good story (so far!) with things not commonly seen in the genre. Music is nice and the morale system is an interesting mechanic- looking forward to the conclusion
11,1.0,Long Gone Days,core,False,0.15,en,Cringe writing by an elementary school edgelord. Ugly top-down pixel art movement in contrast with a completely differently styled battles with no depth or strategy. The game requires manual saving without warning you when you live. I'm not reliving those 8 minutes again. No wonder this is part of a cheap bundle.
11,1.0,Ikenfell,core,False,0.26666666666666666,en,"What is it with the square inch pixel art in these games? Is everyone playing on 14"" EGA screens or something? I have a 4K 34"", I imagine I'm not the only one. At least make the text smaller and easier to read."
11,0.7177225684472527,Small Saga,core,False,1.5666666666666667,en,"Adorable art, engaging setting, inoffensive gameplay, completely ruined by insidious anti-civilization messaging."
12,1.0,In Stars And Time,core,True,32.38333333333333,en,"I spent 4 straight days playing this game, averaging about 6.5 hours of playtime per day. I barely played anything else, and I am so glad I spent this time with this game. The characters are so well fleshed out, and the story is so emotionally driven."
12,1.0,Small Saga,core,False,8.283333333333333,en,"8-9 hours to beat the game, which is okay but not great. The combat was also very, very easy, with me dying once throughout the 8-9 hours. The story was maybe a 6/10, and is quite heavy on the woke messaging."
12,1.0,Small Saga,core,True,7.116666666666666,en,"6-7 hour experience with all side quests done. Pretty charming experience, though the ending is a bit sudden. Mad respect for the rage ability having different lines for each enemy. The attention to detail is crazy good."
12,1.0,Ikenfell,core,True,26.716666666666665,en,Best 28 hours spent. Great story telling and side quest. Each character has a purpose both in story and combat. Characters has person dev throughout the game. 9/10 would recommend.
12,1.0,Ikenfell,core,True,3.8,en,I played for 3.8 hours and I really love this game. You really have to battle a lot and level up to beat the bosses. It is just enough of a challenge to not get you frustrated and the story is quite awesome.
12,1.0,Long Gone Days,core,True,13.65,en,"about 14 hours for a playthrough. Good story, nice cut scene art and music. Combat and puzzles are more of a means to get through to the next story bit and not terribly difficult. Nice way to spend a weekend."
12,1.0,Finding Paradise,positioning,True,3.7,en,Four hours i wish could have this game take away again
12,1.0,To the Moon,positioning,True,4.166666666666667,en,"Thought it was kind of slow in the beginning, but when I finished 4 hours had passed so I guess I had fun. Peak game tho."
12,1.0,OneShot,positioning,True,8.05,en,Got only 3 hours of sleep because of this game. (Probably need to revisit a few dialogues)
12,1.0,OneShot,positioning,True,12.416666666666666,en,i liked it so much that i completed all the achivements in 2 days
12,1.0,Finding Paradise,positioning,True,5.2,en,you're telling me you don't have 5 hours to play this game. close dead by daylight and have fun for once in your life.
12,1.0,To the Moon,positioning,False,0.7833333333333333,en,I suffered through 47 minutes of gameplay. The most intriguing thing about this game is its extremely high rating.
12,1.0,Baldur's Gate 3,benchmark,False,11.866666666666667,en,I gave it 11 hours or so. Reload Simulator.
13,1.0,In Stars And Time,core,True,29.35,en,"Incredibly interesting take on the ""time loop"" trope, great writing featuring many heartfelt moments between memorable characters and countless funny exchanges that had me giggling and chuckling, a simple but fun turn-based combat system based on rock-paper-scissors, lovely art both for sprites and CGs, and hands-down the best depiction of time loop nihilism that I have seen, where you as the player get handed tools to speed things up which mimic the way that the main character slowly spirals into eventually seeing all the other people in the loop as characters in a play and not actual people the complete opposite to ludonarrative dissonance, this game is a great example of ludonarrative harmony play it as blind as possible 10/10"
13,1.0,In Stars And Time,core,True,42.55,en,"Ive personally loved evrey aspect of this game i love the mechanism of looping , how evreything turned out only critisism i would have is its a bit stupid to get infomation sometimes"
13,0.7606377114456703,Baldur's Gate 3,benchmark,True,5.616666666666666,en,i get to see wifey star :3
13,0.6563153204695124,To the Moon,positioning,True,3.783333333333333,en,"It's sad and tragic, but also heartwarming and beautiful, - but for me, the real star of the show is the fantastic and genuinely funny banter between the two main characters."
13,1.0,In Stars And Time,core,False,14.8,en,"[h1]In Stars In Time (or Your Guidebook To Creating Insipid Internet-Brained Mediocrity!)[/h1] In Stars And Time by insertdisc5 and published by Armor Game Studios in November 2023 is a game of utter friction, some deliberate, some clearly much less so. The game follows Siffrin, a one-eyed rogue stuck in a time loop, and his party of four other companions: Mirabelle, Bonnie, Odile and Isabeau. Together you’re trying to save the country of Vaugarde from the malaise of the mysterious “[spoiler]King[/spoiler]”, whose mysterious time corruption magic is freezing everyone in the country in place, literally stopping them in time. You (as Siffrin) need to use your wits to bring the [spoiler]King[/spoiler]’s reign of terror to an end and rescue Vaugarde and your friends, no matter how many loops it takes! This game is insipid and the overwhelmingly positive reviews boggle my mind and here is why ---------------------------------------------------------------------- [h3]The highly restrictive word count of Steam's review system didn't allow me to express my full thoughts, so here's the full review on [url=https://infinitebacklog.net/users/indietail/reviews/in-stars-and-time]Infinite Backlog[/url] or on [url=https://medium.com/@indietails/in-stars-in-time-and-you-fe9fc16a3b97?sharedUserId=indietails]Medium[/url] (this version has pictures, extra criticism and jokes) [/h3]"
13,1.0,In Stars And Time,core,False,40.75,en,"I don't think I have wasted more time on anything in my life. Spoilers, the answers friendship and the looping gimmick has no consequences. And yes, it is just doing the same one dungeon 124 and not one more (for me) times. This will forever be my least favorite game of all time."
13,1.0,In Stars And Time,core,False,22.833333333333332,en,"Nice art style and direction, I love the music as well! but there are several instances of gameplay where I find it's so tiring. (Spoiler? It's a mechanic thing tho not related to the story) During act3 of the game I need to done all the friends quests and finished the whole castle without looping... which I did... I have every memories for each party members as a reward and didn't loop once, I don't think you can even loop at that point, can't you? Anyways I did do that, but I also exist the game and resume the next day because it's been like 7 hours. I am not sure if that was the reason or there was other explanation for it but I guess that doesn't count... truthfully I don't even know why I can't get pass act3 when there is nothing I haven't done. I beat the king many many times and got memory of memories yet I can not pass. I look it up on google but still not sure, the only explanation I have is that because I save and exist the game while playing... the questline I was doing got discontinued? I didn't know that can happen in the first place. It's tiring to try to find a way to die when the enemies are extremely easy, you can get lock out of the door for that entire loop just because you want to see the other option and if that's the only way to progress? find a way to die and start from the first room again. I feel like half of the gameplay are just looping to the floor you want, run to 1 item that you need, try to die and loop to other floor to get 1 information, die and loop to the boss to ask 1 questions and try to die during fight. Yes, this game boss mechanic is that you need to find information (in a place you already looked, but it was locked away until the game want you to know it) just to ask the boss question, you need to go die then run left and right passing through every enemies for one new information, go to the boss again and ask one question about this new info. and die again for more infos... it's like this for many hours straight and I am not sure which part can I quit and exist the game. The story... honestly if this game wasn't a gift I would have ask for a refund, but since I have it for free I will try to be open mind. The story is actually really good! It's just that it was told like a high-school or teen drama, there are many scene where if the characters burst out and sing I would believe it. Every character is very extra and sometimes feel like a caricature the way they talk and behave... and I mean it in a non offensive way. Even the way it's narrate a story is very much YA novel. It's very obvious that it was meant for a younger audience (13-17?) and that's fine, Overall; good story tiring gameplay, just don't expect much from the writing and just enjoy it. If you are tired or considered giving up just do it. I almost done with the story and there was no unexpected or plot twist except for the first few hours of the game, watched the endings online and... If you like the game so far? go for it. If you want to give up then yeah dropped it it's not worth the time man."
14,1.0,Finding Paradise,positioning,True,2.683333333333333,en,I'm Sean Prime and I approve of this game!
14,1.0,Baldur's Gate 3,benchmark,True,111.76666666666667,en,The ultimate way to experience dungeons and dragons by yourself
14,1.0,Baldur's Gate 3,benchmark,True,42.233333333333334,en,For any DND fan this game is great.
15,1.0,Meg's Monster,core,True,2.0,en,♥♥♥♥ THE STORY. IT MADE ME FEEL
15,1.0,Meg's Monster,core,True,2.6166666666666667,en,"Yoo monster is actually so good my friend brought me monster cause i’m 13 and ♥♥♥♥ got me high as hell like i was laughing and doing stupid stuff all over the place and my English teacher asked me why are my eyes are so red, like ♥♥♥♥♥ i’m high leave me alone 💀💀💀"
15,1.0,In Stars And Time,core,True,33.36666666666667,en,I hate the smell of burnt sugar
15,1.0,In Stars And Time,core,True,19.716666666666665,en,IM ♥♥♥♥♥♥♥ PISSED IM ♥♥♥♥♥♥♥ PISSED IM ♥♥♥♥♥♥♥ PISSED IM ♥♥♥♥♥♥♥ PISSED IM ♥♥♥♥♥♥♥ PISSED I LOST FOUR! HOURS WHAT THE HELL HAPPED :C
15,1.0,Small Saga,core,True,30.516666666666666,en,♥♥♥♥ those two stupid ass french birds 10/10 game
15,1.0,Small Saga,core,True,1.65,en,"Hey wow this is great, came here from a ♥♥♥♥♥♥♥♥ and was not disappointed."
15,1.0,Ikenfell,core,True,1.5833333333333333,en,"1/3 the price of ♥♥♥♥♥♥♥♥♥ ♥♥♥♥♥♥♥, has actual heart, cute characters, doesnt fund trans genocide, and theres little cat meow meows x333"
15,1.0,Ikenfell,core,False,26.4,en,"Excellent everything, nothing against the pronounces and gay stuff, loved it... but ♥♥♥♥♥♥♥, ♥♥♥♥♥♥♥ change the ""ze"" and 'zir"" ♥♥♥♥♥♥♥ BS, WTF is that. really takes away from your ♥♥♥♥♥♥♥ story. use, ""they"" or ""them"" I think is what you're looking for. Sorry Ima, they did you dirty, hunny."
15,1.0,OneShot,positioning,True,14.866666666666667,en,This game is so ♥♥♥♥♥♥♥ beautiful
15,1.0,OneShot,positioning,True,10.333333333333334,en,"best 5 ♥♥♥♥♥♥♥ euros of my life dude, this game is HELLA fun, the way the game makes you actually search your computer to progress in certain parts is actually very cool. only down side is while doing solstice ending prophet bot made me feel like im an absolute piece of ♥♥♥♥, by him telling niko that [spoiler]everything is fake and i basically control the world they are in, also seeing niko sad after he heard about this made me feel more like a piece of ♥♥♥♥[/spoiler] edit: forgot to mention that the solstice ending made me super ♥♥♥♥♥♥♥ sad but at the same time super ♥♥♥♥♥♥♥ happy (also, i dont think getting wme is necessary if you are playing on a pc, i would get it tho just for the emoticons, they are super cool) 10/10"
15,1.0,To the Moon,positioning,True,7.983333333333333,en,Now I know how to fold a paper rabbit. 10/10
15,1.0,To the Moon,positioning,True,4.183333333333334,en,I CRIED SO ♥♥♥♥♥♥♥ MUCH
15,1.0,OneShot,positioning,False,0.7666666666666667,en,"Game straight up calls you (the player) a ""god"" as soon as you start the game, what is this ♥♥♥♥♥♥♥♥. Get out of here, ♥♥♥♥♥♥♥ story writing."
15,1.0,Impostor Factory,positioning,False,3.966666666666667,en,WHAT THE ♥♥♥♥ WAS THIS STUPID ASS GAME?!
16,1.0,Meg's Monster,core,False,12.2,en,"a fairly boring VN with a light JRPG veneer, but interesting enough to complete. was going to complain more, but then realized it was developed for children, and now I feel like some sort of overgrown idiot. I want to impregnate Nancy"
16,1.0,Meg's Monster,core,True,0.65,en,Nice little game totally in style of Odencat's (the developer) other games. Linear adventure in the guise of a jrpg.
16,1.0,Long Gone Days,core,True,13.6,en,"Story is fine , short jrpg , too much yapping at times , no voice acting which is a big minus for me , overall 6/10 buy on sale."
16,1.0,In Stars And Time,core,True,24.966666666666665,en,"I thought this was gonna be a silly little JRPG-style game. Now that I've finished it, easily on my top 5 games of all time."
16,1.0,Small Saga,core,True,5.816666666666666,en,"I had this game in my wishlist for over 2 years, why in the world did I wait this long??? You want a character and story driven JRPG, with wonderful visuals, music, solid world design, and doesn't over complicate the combat? Here's your game!"
16,1.0,Small Saga,core,True,8.966666666666667,en,very charming little JRPG that served as a great detox game for me
16,1.0,In Stars And Time,core,False,0.6666666666666666,en,"Disclaimer: I don't think this is outright a bad game, but it just isn't for me What I thought I was getting: A JRPG with time loop mechanics and a good story What I got: A visual novel with a tiny JRPG stapled to it with extremely juvenile writing. The type of people who will enjoy this game: Fans of Undertale I made it almost an hour in and had to tap out when I realized I was falling asleep during the combat tutorial due to the CONSTANT interruptions because the game is more concerned with being quirky and HiLaRiOuS than being first and foremost: a game."
16,1.0,Ikenfell,core,True,5.1,en,"Very polished, extremely well done game. It's takes it's roots from jrpg's, but somehow simplified gameplay make it more modern view on the genre. It's also a stress-free game, where you can save your game easily, and if you lose a battle the game just let you restart the last battle. It's highly playable, enjoyable game, totally recommended! A."
16,1.0,Ikenfell,core,True,0.18333333333333332,en,"While I have to admit, this is definitely NOT my play style in the slightest, this game actually seems to have a bit of charm to it. If you're after a game that has a vibe like the old Nintendo GBA style games and plays similar to most JRPGs, this is probably going to be right up your alley. Again, not my thing, but I think this is going to be a great game for the right person. 7/10"
16,1.0,Long Gone Days,core,True,18.116666666666667,en,"Very interesting mechanically and thematically, especially for a jrpg. Good story, colorful cast, nice artstyle, atmospheric soundtrack. Made for a unique and memorable tone, pretty good experience overall."
16,0.6420848559317519,OneShot,positioning,True,9.6,en,"An unexpected gem, didn't thought much about the game coming in, but left with a new favorite. While being so short, it manages to do so much. The sheer spectrum of emotions. Absence of enemies felt weird at the start, i've expected it to be like jrpg but i appreciated it more and more, i don't have to get torn from the story and beat another common foe, the world is dying, everyone is rooting for you, you are the only hope. It really felt as i was the part of the story and ~8 hours that i spent playing felt like days. Plot, characters, music, art, level design everything is at its best. If you don't mind narrative based games, give it a try."
16,1.0,Ikenfell,core,False,1.75,en,"pretty shallow story with one dimensional characters and the usual jrpg combat with ""press on time deal more/receive less"", if you're sucker for queer witch kids jrpg, then go for it, otherwise hard pass :D"
17,1.0,Meg's Monster,core,True,5.116666666666666,en,Very cute game. I loved the story-line and how much it develops the characters. Really well-made game. 10/10 would recommend
17,1.0,In Stars And Time,core,True,24.483333333333334,en,some dialogs in this game really cut deep... it's a 10/10 for me
17,1.0,In Stars And Time,core,True,18.566666666666666,en,"Wow. Story is amazing!! Gameplay is okay, i guess. 9/10!"
17,1.0,Small Saga,core,True,7.85,en,"Absolute master piece 10/10, the story telling is amazing and the combat system hits the spot."
17,1.0,Small Saga,core,True,9.416666666666666,en,"Actual 10/10 game, the story, the artstyle, the music, the gameplay, the dialog, everything about this game is perfect. I cannot recommend this game enough."
17,1.0,Ikenfell,core,True,32.03333333333333,en,A delightful little game with a charming art style and a surprisingly deep story. 9/10. (I took one point off for the deeply unsettling star thing.)
17,1.0,Long Gone Days,core,True,2.15,en,"I am so impressed with this game and I honestly wish there were more like it. 10/10: Art is amazing, the combat is straightforward (and not motionsickness inducing which is a big win for me!), and it tackles some serious topics. I’m having a hard time putting it down and it’s still in early access, might replay the entire thing once the final product is released!"
17,1.0,Ikenfell,core,True,4.966666666666667,en,great characters + great story = 10/10 game
17,1.0,Long Gone Days,core,True,9.0,en,Good Story. Good Gameplay. Challenging. Overall 9.0 out of 10.
17,1.0,OneShot,positioning,True,11.083333333333334,en,"An absolutely amazing game with great characters, fun puzzles, and a great story. A solid 9.5/10 on my scale Edit: I just completed a Solstice Run, easily brought this game to a 10/10"
17,1.0,OneShot,positioning,True,7.183333333333334,en,"this game left me speechless, and it will be the best 10 dollars any living being will ever spend i'd give up all of my assets for a story like this story 11/10 gameplay 11/10 extra features 11/10 overall 100/10"
17,1.0,To the Moon,positioning,True,3.816666666666667,en,Probably the best story in an indie game I ever experienced. 9/10
17,1.0,Impostor Factory,positioning,False,5.233333333333333,en,"10/10 story, but its not really a game is it?"
17,1.0,ELDEN RING,benchmark,False,73.51666666666667,en,"its a ps port, so 0/10"
18,1.0,Meg's Monster,core,True,5.016666666666667,en,Very cute and endearing story overall. It was short and sweet. Well worth the buy!
18,1.0,Meg's Monster,core,True,4.95,en,Really liked this short story!
18,1.0,Ikenfell,core,True,32.083333333333336,en,Loved the story and everything.
18,1.0,OneShot,positioning,True,5.316666666666666,en,short but one of the best stories oat : also the lore was great. i recommend
18,1.0,Long Gone Days,core,True,4.433333333333334,en,Amazing art and compelling story with very poignant themes.
18,1.0,To the Moon,positioning,True,5.766666666666667,en,A cute story about a woman who marries a guy who like Animorphs and kills herself.
18,1.0,To the Moon,positioning,True,5.4,en,A short but rather beautiful story.
18,1.0,Ikenfell,core,True,79.31666666666666,en,I've played this through a couple times now. A genuinely lovely story that spoke to me a lot.
18,1.0,Finding Paradise,positioning,True,6.9,en,"Another good story. It reminds us that we are always our own best friend, and the one who supports ourselves."
18,1.0,Finding Paradise,positioning,True,5.116666666666666,en,Really nice cute story. Amazing ending and really good song writing.
18,1.0,Impostor Factory,positioning,True,4.5,en,"Magnificent! You never miss. Amazing writing, amazing delivery. Great art and music. Just marvelous."
18,1.0,Impostor Factory,positioning,True,3.783333333333333,en,Good story building with some some suspense. enjoyable.
18,1.0,To the Moon,positioning,False,4.15,en,couldn't really connect w the story
19,1.0,In Stars And Time,core,True,55.95,en,A real indie gem and an emotional rollercoaster. Super impressed with all the little details and foreshadowing... this thing has layers!!! The true ending left me utterly devastated.
19,1.0,In Stars And Time,core,True,32.38333333333333,en,"Perfect ending, I have no words, just brilliant."
19,1.0,OneShot,positioning,True,8.833333333333334,en,"pretty good story + the main dude you play as likes pancakes and i like pancakes too which is good. Very memorable ending and the true ending was the cherry on top for me, 10/10"
19,1.0,OneShot,positioning,True,3.2666666666666666,en,"Haven't even finished the game, but I definitely know that the ending's about to be amazing."
19,1.0,Small Saga,core,False,6.866666666666666,en,"Game starts strong but then goes off on an internet fueled tangent; which I'd be more tolerant of if the story still followed through with the opening premise, but it doesn't. [spoiler]You kill no humans in this game. What a disappointment.[/spoiler]"
19,1.0,Ikenfell,core,True,15.616666666666667,en,"Final Update : Worse then I could have imagined. No pay off for the end. Final boss is a ""out of no where"" but also not really and it's a big let down. They gloss over any actual impact the end could have had for a non-offensive ending. If everyone in this world is gay, how do they keep the population? Come on guys, you want inclusion but you didn't actually have inclusion. That aside, the game-play is good and the only thing that carries the game. Seeing Ze and Zir is just so out of place. My theory was not correct but would have been a much better and dramatic ending, you know actual writing! Why is the last boss easier then the 2nd to last boss? The ""lost sister"" has no pay off and she doesn't deserve the happy ending she got because there was only a few scenes showing her that were there to make you think something else. I did call/predict the one twist that came true at the very very end after the credits. (Like I said predictable but also not predictable but in a very bad way) Oh and the end credits song... wow what a pile of ♥♥♥♥♥. Why did only a few of the characters get lyrics in their ""theme song""... I could go on for paragraphs but I'll stop, it's not worth my time. I never give scores but for this I have to. Story 1/10 Game-play 9/10. Update 2 : Yet it still manages to be worse. I thought it was very predictable before and it just keeps NOT surprising me because I can tell what's going to happen. Also just about every other character is just so badly written and cookie cutter forced to be ""non-conforming"" it's laughable. I mean if you want to do inclusion at least TRY and be good about it. The game-play is the ONLY reason I'm still playing. Update : Oh god the writing got worse! At least the combat is fun. Mixed so far. Most of the characters are annoying and VERY cookie cutter stereotypes. Also why is it that everyone in the game has to be LGBT? Look, I'm an ally and all but come on, not everyone is ""gender fluid"". You want inclusion, I get that, that's great. However that also means you need some other types in there too. You go all in like that and it just feels forced. Also why are kids/very young teens constantly saying someone else is cute or hot? Needless to say the writing is pretty rough. Gameplay is ok so far. Some annoying enemies."
19,1.0,Long Gone Days,core,True,13.933333333333334,en,"First played this ages ago and I'm so happy it's been completed, great ending, I love Lynn"
19,1.0,Ikenfell,core,True,9.933333333333334,en,"Very fun game, challenging in parts which felt good, good story and characters, a lil irritated at the epilogue as I would have prefer to have some decision over the ending in regards to who and if anyone I ended up staying with (gilda > pretrissia) but ye good writing."
19,1.0,Finding Paradise,positioning,True,12.333333333333334,en,"The story was incredible, and so was the ending twist. I was going to still leave a recommended review before that, but I wasn't as moved, but knowing what I know about the ending made my heart shatter into a million pieces and it BROKE me. Another absolutely beautiful piece of work from these people. Highly recommend."
19,1.0,Finding Paradise,positioning,True,1.0833333333333333,en,I remember this warming my heart and making me cry. I only wish I left a review sooner so that the story was fresh in my mind but 100% recommend. I love the main characters too.
19,1.0,To the Moon,positioning,True,4.65,en,"""The ending isn't any more important than any of the moments leading to it."" Such a wonderful experience to have on a afternoon, everyone should give this game a try!"
19,1.0,To the Moon,positioning,True,5.533333333333333,en,"This game punched me in the gut. Felt the story was dragging on at first and was starting to get annoyed. Then, one scene... everything clicked, and the waterworks never stopped till the end. This game is purely for the story not the gameplay fyi. Heartfelt, wholesome and beautiful."
19,1.0,To the Moon,positioning,False,3.1166666666666667,en,It was a solid play. Gave it a shot after seeing the overwhelming positive reviews. I'd be lying if I said that the endinghad me in tears but I could also see how some people could feel that way. + narrative music characters - weak ending to some (me)
19,1.0,Finding Paradise,positioning,False,3.816666666666667,en,"Not what I expected. Sad ending. Sad story. All in someone elses head. Honestly, without spoiling anything, borderline not even a game."
20,1.0,ELDEN RING,benchmark,True,1313.6833333333334,en,The worst perfect game I've ever played.
20,1.0,ELDEN RING,benchmark,True,170.56666666666666,en,Could be the greatest game of all time
20,1.0,OneShot,positioning,True,10.7,en,10/10 one of the best games ever made. Once in a lifetime experience. Best monet ever spent
20,1.0,OneShot,positioning,True,6.666666666666667,en,One of the best games I've ever played
20,1.0,Baldur's Gate 3,benchmark,True,120.11666666666666,en,One of the best games ngl
20,1.0,In Stars And Time,core,True,22.066666666666666,en,"One of the best games I've ever played, ""nya""~"
20,1.0,In Stars And Time,core,True,15.4,en,One of the greatest games I've ever played
20,1.0,Baldur's Gate 3,benchmark,True,295.5,en,"one of the greatest games of all time, no exaggeration."
20,1.0,Impostor Factory,positioning,True,3.0,en,Massive W. Best game in the series in my opinion.
20,1.0,Impostor Factory,positioning,True,3.466666666666667,en,"genuinely one of the best games I've ever played 100%, I'm going to be thinking about this one FOREVER."
20,1.0,Finding Paradise,positioning,True,35.03333333333333,en,One of my favorite games of all time from one of my favorite game series of all time.
20,1.0,To the Moon,positioning,True,5.316666666666666,en,Best game ever made by humanity
20,0.6668892019508018,Ikenfell,core,False,38.43333333333333,en,bro wut is this game
20,0.6089681299701403,ELDEN RING,benchmark,False,9.45,en,this game is genuine slop
20,0.6027705780799298,ELDEN RING,benchmark,False,2.6666666666666665,en,Not my type of game but hopefully someday
21,1.0,ELDEN RING,benchmark,True,176.95,en,I had the most fun and despair times of my life.
21,1.0,ELDEN RING,benchmark,True,892.25,en,"If you ever find yourself in a dying relationship or just sad in general, this game is a perfect distraction from those feelings"
21,1.0,Baldur's Gate 3,benchmark,True,266.0,en,"When I see how much I spent on the game I want to cry, but also I don't regret it"
21,1.0,Meg's Monster,core,True,6.533333333333333,en,you will cry. it's too good
21,1.0,Meg's Monster,core,True,8.1,en,"This game is a gem. It's more akin to a VN with some RPG elements, but the story is why I played it. The premise caught my eye, the music heightened the emotions and the story broke the dam behind which my tears lie. I will now and alwats hold this game close to my heart, and I hope you give it a shot too."
21,1.0,Baldur's Gate 3,benchmark,True,183.55,en,I hope this doesn't awaken anything in me...
21,1.0,Impostor Factory,positioning,True,3.85,en,"Amazing game, had me crying."
21,1.0,Impostor Factory,positioning,True,4.15,en,"Please give me my tears back, they are precious to me."
21,1.0,Finding Paradise,positioning,True,5.166666666666667,en,"no fair, who's gonna pay me back for the tears I dropped..."
21,1.0,Finding Paradise,positioning,True,3.3666666666666667,en,"I didn't cry, my room was just very dusty... I swear!"
21,1.0,In Stars And Time,core,True,131.56666666666666,en,the most ive cried at a game ever i think its pretty good
21,1.0,In Stars And Time,core,True,24.083333333333332,en,"ts so fire, i genuinely cried"
21,1.0,OneShot,positioning,False,5.616666666666666,en,made me cry too hard
21,1.0,To the Moon,positioning,False,5.15,en,"What a monumental waste of time. I am in utter disbelief this has such a high rating. It's raining outside in NZ, and instead of hiking, I wanted to play a cozy game with easy gameplay and a nice story, and I got this hallmark movie. I'm upset I just spent 5 hours playing this game that shows every bit of its age. The dialogue is cringe, there is no nuance to the story or the characters and the benign gameplay disrupted the muted emotional story beats anyways. I witnessed a better love story this afternoon when a stray cat came in to the apartment and my gf tried to kidnap it. This was less like a visual novel and more like a ♥♥♥♥♥♥ telanovela. The score was alright, albeit unimpressively inspired by actually good JRPG scores. Go watch Eternal Sunshine of a Spotless Mind instead, it will only take half the time and you'll have a better experience and an actually good soundtrack."
21,0.9424828856143979,Small Saga,core,False,4.1,en,"got to the tower invasion, the group turned into a bunch of republican hating erotards emediatly turned me off from playing the rest of the game even after the mc getting stabbed in the eye i just couldn't care anymore"
22,1.0,Meg's Monster,core,True,3.966666666666667,en,"10/10 this game is funny, yet sad at the same time that it almost made me tear up, go play it! you can finish it in a day if you just play it casually"
22,1.0,In Stars And Time,core,True,30.683333333333334,en,"This game destroyed me. I will never recover from this. 10/10, best game ever."
22,1.0,In Stars And Time,core,True,38.3,en,this game picked me up and threw me across the room a million times. 10/10
22,1.0,Small Saga,core,True,11.466666666666667,en,Loved everything about this game 10/10
22,1.0,Ikenfell,core,True,11.733333333333333,en,2/10 not enought testosterone jk 10/10 This game deserves way more attention!!!
22,1.0,OneShot,positioning,True,11.766666666666667,en,"A heartbreaking tale with a bittersweet ending, 10/10 would not play again."
22,1.0,Small Saga,core,True,10.3,en,"Damn this was a blast, i really wish i didn't beat it so i could play more, overall amazing game 10/10 would recomend"
22,1.0,ELDEN RING,benchmark,True,274.5,en,"SO GOOD Amazing amazing game, I love dying 1000 times and then feel happy for 10 seconds then back to the next boss and 1000 deaths! 10/10"
22,1.0,Finding Paradise,positioning,True,3.65,en,waited too long to play this because i knew it'd hurt it did 10/10
22,1.0,To the Moon,positioning,True,4.65,en,The best game I’ve ever played in my life. An absolute must play. 10/10.
22,1.0,Finding Paradise,positioning,True,5.716666666666667,en,10/10 - A beautiful game about an old man's life and the decisions he has made.
22,1.0,To the Moon,positioning,True,4.616666666666666,en,this game is beautiful 10/10
23,1.0,Meg's Monster,core,True,11.75,en,"This is the best game I've played in years. The story is top-tier, a tearjerker if you will. The action this game built into the narrative is amazing. There are an insane number of twists and turns (some you see coming, others you don't). There are very few games I feel deeply, hell let alone write a review about, but this one touched me. Go play this, you won't be disappointed."
23,1.0,Meg's Monster,core,True,7.516666666666667,en,"I never do reviews I rarely do but I had to for this one: I just wanted to say, that I adored this game more than I thought i would. The characters are all very loveable and easy to get attached to! If you crave monster and human games kind of like the undertale series then this game is for sure it. I highly recommend it, and you'll cry a lot too, this game will pull your heartstrings."
23,1.0,In Stars And Time,core,True,38.71666666666667,en,"This game has done irreversible damage to my psyche to the degree it has literally reshaped my identity. This game is not difficult, the fights are simple enough, even an RPG hater should like this in my opinion. Ironically giving a review is difficult because so much of the game is spoiler-heavy."
23,1.0,In Stars And Time,core,True,25.05,en,"Apparently I still haven't reviewed this game. Alright. It's good. Like, really good. Play it. Please, I beg of you, just play it."
23,1.0,Small Saga,core,True,12.466666666666667,en,I suck at writing reviews but the game's really good (Shoutout to my friend for buying me the game for my birthday)
23,1.0,Small Saga,core,True,14.616666666666667,en,"I never write reviews before finishing a game, i rarely write reviews at all...but this game, damn, I did not think it would hit that hard. I did not know what to expect but it wasn't this. Do yourself a favour and give it a try, right now."
23,1.0,Baldur's Gate 3,benchmark,True,139.2,en,Anything I could say has already been said. 3 thumbs up
23,1.0,Ikenfell,core,True,32.266666666666666,en,"👍 I don't want to write a review for this game, but I do want to give this game a thumbs up to help the games ratings because I enjoyed my experience with it 👍 Great game. Though definitely could've done with cutting some content. There definitely is unnecessary padding in this game."
23,1.0,Long Gone Days,core,True,228.83333333333334,en,"i never written a review before, i just want to give it a thumbs up because the story line, characters, art, everything is just chef's kiss"
23,1.0,OneShot,positioning,True,10.016666666666667,en,Literally my first Steam review ever. I cannot begin to describe how deeply this game resonated with me. You just have to experience it for yourself.
23,1.0,OneShot,positioning,True,10.533333333333333,en,Dude just stop looking at reviews and please play this game
23,1.0,To the Moon,positioning,False,5.616666666666666,en,"Played the game per recommendation by a lot of friends, encouraged by ""overwhelmingly positive reviews"", but this really is just not for me -- and I'm not even talking about the ""gameplay"". Story was not bad, but I really can't find it in me to recommend this. Touching BGM though."
23,1.0,To the Moon,positioning,False,3.6166666666666667,en,"You guys are such glazers man nah nah nah that was the most lukewarm story I've ever done sat through. One of the top games when I sort my library by steam review score you gremlins need to get real. Just a RPGmaker walking simulator with random barebone ""puzzles"" breaking up the dialogue for the first 2/3rd of the game. The music was pretty good until I heard each track for the 50th time while working my way through the text walls. I couldn't care less about the old dude croaking but admittedly I am a bit invested in the main characters knowing there's 2 sequels. But reviews at 96% come on now come on now breh"
23,1.0,Impostor Factory,positioning,False,1.1666666666666667,en,"maybe it's about me but i'm VERY bored of the game. i'll probably give it another go and update this review after that, but for now, even though it has some interesting stuff going on it doesn't excite me."
24,1.0,Small Saga,core,True,30.083333333333332,en,Cute and fun RPG with an interesting take on the modern world through the eyes of a rodent/animal civilzation. Now even with some harder fights via added arena battles
24,1.0,Small Saga,core,True,7.616666666666666,en,gay squirrels are very cool
24,0.6550036723784143,Baldur's Gate 3,benchmark,True,34.083333333333336,en,Grinded out levels just to lose honor mode to rats. 10/10 wouid ♥♥♥♥ the bear again
24,0.5438713997852953,To the Moon,positioning,True,4.366666666666666,en,"Pickled Olives, Platypuses, Aliens and Mind controlling slugs"
24,0.36874832415794745,Ikenfell,core,True,21.65,en,ate too many queerberries...... I need more
24,0.38102642797759745,Small Saga,core,False,3.65,en,"As a long time fan of RPGs this game started out great. It had a unique setting and theme unlike any other RPG I've ever played, the story was interesting, the writing was decent, engaging and enjoyable along with the game play. I really wanted to see what would happen on the hero's honorable journey to avenge his brother from the perspective of small actual rodents and how they view our world from their small holes and burrows with their medieval culture in our modern world that all can enjoy. Then right when it gets really good suddenly the story takes a hard turn and becomes full on political, and the writing becomes that of a tumblr fan fic that gets really preachy. One second the theme is medieval and the modern world is unfathomable to these tiny animals, then next thing you know the dialog become that of out dated internet slang and it becomes about fighting the 'nazis right wingers"" dressed with red arm bands and US Marine dress uniforms that wanna oppress those who are different. I could of forgave all of this if it didn't go full furry out of nowhere. When I interacted with the book shelf and had my eyes assaulted with a deviant art type suggestive photo of a female mouse i just couldn't go on anymore. It was cute, fun and different but it feels like someone else wrote the whole second half of the game. if you're looking for a unique RPG that doesn't get political go play Fear and Hunger not this."
25,1.0,Meg's Monster,core,False,5.95,en,"I just don't see what the hype is about. The actual gameplay is ~ 10-20 minutes. The rest is just a linear, pretty mediocre story. It becomes so incredibly tedious by the end of it, that I just started clicking without reading any of it, just to get it over with. There are many better RPG like indie stories out there that are much more worthwhile than this."
25,1.0,Meg's Monster,core,True,6.4,en,"This game is simply amazing, I've 100%'d it in a single afternoon in 6 hours and a half, the story is amazing, the characters are amazing, the pixel art is so good, the story is also so well paced, combat is easy but still really fun. This really feels like a ""Odencat"" game, they do amazing games, if you liked any other games from them and you liked them, then you should really give this one a try. If you want to play this as your first and you end up liking it, I recommend you to check the rest of the games! I just love the Odencat world they are making, I loved all the ""afterlife"" story that it is told in bear's restaurant and fishing paradiso, and I've love the story that it is told in snowman story. This game tells something different from the same world. I can't wait for future games with more stories about this world they have been cooking up! And I can know for sure that I'll love future games as much as the ones that I've already played. I love Odencat company and their creations as a whole!"
25,1.0,In Stars And Time,core,True,24.083333333333332,en,"The story, dialogues, lore, and art are phenomenal. What holds this game back is a bare bones combat system and some mind-boggling design decisions. Many a time the game needs you to interact with a specific object or talk to a specific person in order to progress, sometimes offering vague hints, resulting in endless looping through the game until you find the thing. Doesn't matter if you've interacted with it in the past. While it ties into the themes of the story, it doesn't make it any less tedious."
25,1.0,In Stars And Time,core,True,30.35,en,"The dialogue in this game is so well-written that it almost overshadows its incredible worldbuilding and characters. Not only that, it uses the medium of video games excellently in order to tell its story, more than any game I have played before. I cannot recommend it enough!"
25,1.0,Small Saga,core,True,7.666666666666667,en,"Amazing. It's such an incredibly well made experience - because it's so tight and focused, as it's promising. There's no artificial game stretching, no grinding. It's a pretty focused game - but because of that controlled nature, it shines. The writing is great, story events are flowing, rewards and progression are tied to the story (and not random grind). There is place for things going non-linear, with a little bit of tasks and side quests, but it's all nicely tied together. The world is just well designed, fantasy adjusted to reality of rodents - giving the same vibe as Kingdoms of The Dump, playing with a different perspective on the world and doing it in many creative ways. It's a joy to play, even if this is not a very challenging experience difficulty wise - but it's just your own fable story that you can't put down."
25,1.0,Small Saga,core,True,18.166666666666668,en,"The writing just has absolutely no business being this good. Most AAA games aren’t written half as well or with nearly as many fully realized characters. Not a challenging game, played it and loved it in one day. Definitely worth purchasing!"
25,1.0,Ikenfell,core,True,26.0,en,This game is one of the more intriguing games I have played in a long time. A well-written story with good characters. This game also has neat accessability options. Highly recommend it. Update: I want more.
25,1.0,Ikenfell,core,True,34.11666666666667,en,"A cute humble indie RPG, the gameplay gets repetitive after a while but I'd say if the story intrigues you, then why not, you know?"
25,1.0,OneShot,positioning,True,9.85,en,"The story, and the gameplay too, is just so good, I usually dont enjoy reading text, but in Oneshot, the story just... you stop thinking about how its a game, and you start thinking about the characters themself, you change how you play the game, just so you dont upset the characters, now knowing not quite as much, that they aern't real."
25,1.0,OneShot,positioning,True,8.583333333333334,en,"very good story game, it makes you remember (or realize) that a game doesn't have to be long or expensive to have an impact on you. Good story and character design i loved playing it."
25,1.0,To the Moon,positioning,True,7.483333333333333,en,"The base game is a short (~4h) story more than anything else. It's nice, intriguing and worth the time I'd say. The two SigCorp minisodes, even though they're much shorter than the game, really got me more invested in the characters and interested in checking out the other titles."
25,1.0,To the Moon,positioning,True,4.433333333333334,en,"I mean its alright, nothing extraordinary. Just a game with rich story, gameplay is ♥♥♥♥, controls are ♥♥♥♥, but we play these type of games just for story, aren't we? It's not too long, story is good enough, in general not bad"
25,1.0,In Stars And Time,core,False,13.216666666666667,en,"I really wanted to like this one but found the writing overly self-conscious, and the gameplay eventually started to drag near the end. If one or the other was more compelling, I would have enjoyed it. It's very polished and there are a lot of neat ideas!! And I can imagine younger folks finding more in the character dynamics. But just not for me at this point in my life."
25,1.0,To the Moon,positioning,False,0.7666666666666667,en,"It's not worth the hype. I have played 45 minutes so far in one sitting and there isn't really anything making me want to continue, gameplay or story-wise. The dialogues in this game physically hurt me.. and I played throughout the whole House in Fata Morgana and loved it so that's saying something. I get from where the positive reviews are coming from (and there is likely more to this game that I haven't discovered yet), but I just did not enjoy the experience. The overly in-your-face simplicity and storytelling just don't make for an enjoyable experience, along with a linear design that tries hard to feel like exploration but in the end leaves you feeling trapped gameplay wise in a non-engaging loop. With all that, I am glad that so many people found it beautiful and it brought wamth to them. And glad that I tried it to see for myself."
26,1.0,In Stars And Time,core,True,24.8,en,"I love queer people I really liked the art direction and main story of the game, along with the visual of what happens when someone is forced to repeat seeing the same script of people over and over and over again My biggest gripe with the game is ironically the repetition of everything but it makes sense - Siffrin is getting so frustrated looping the same rooms over and over again, so of course you are too. Quite literally as immersive as it can get. Lovely art style, characters, interesting literal rock-paper-scissors combat, had a great time!"
26,1.0,In Stars And Time,core,True,40.68333333333333,en,What if Evangelion were a JRPG and openly queer instead of closeted
26,1.0,Ikenfell,core,True,4.566666666666666,en,This game is queer as hell and I'm loving every part of it! I haven't gotten too far yet but so far the characters have all been great! The combat system feels very smooth and keeps you engaged. A solid RPG with some very good LGBT representation. Highly recommend!
26,1.0,Ikenfell,core,True,20.55,en,Honestly a really solid game. Way better then I thought it would be. Theres some nick picks here and there like some of the bosses being slogs near the end of the game or the sub-par writing when it comes to everyone not being straight. Writing is good for the story and characters mostly. However the LGBTQ stuff isnt written very well into the story and took me a little out of it whenever it comes up. Music and sound is top notch. Visuals and sprite work also quite good. For the price point its a smart pick-up and if you're super desperate for LGBTQ representation you'll love it even more.
26,1.0,Small Saga,core,False,7.1,en,"Would be an amazing game if there was a good story without needless overtones of homosexual persecution. There was no need for any of that, really took me out of the game and it wasn't even well done just forced in there. This side of the game was hidden during the demo which was amazing and really had me excited for this but its a stinker."
26,1.0,Small Saga,core,True,7.733333333333333,en,"I wonder what this game is? *plays the whole playthrough from start to finish* Oh, I'm gay now."
26,1.0,ELDEN RING,benchmark,True,139.9,en,i wuv dis gaym so much is so gud and i wuv it
26,0.9326705034183903,ELDEN RING,benchmark,True,338.05,en,I like this gfame and I am hgomo-sexual !
26,0.8430647530815802,Baldur's Gate 3,benchmark,True,72.96666666666667,en,"this game is just fantastic in all aspects, my main problem with it is that I can't choose my character's sexuality so that men wouldn't try to sleep with me."
26,0.7792811963353976,Baldur's Gate 3,benchmark,True,25.9,en,"who doesn't love being a bisexual adventurer? so easy to get lost in the depth of this game, even from the beginning, not in a bad way either"
26,0.40278484065776654,Long Gone Days,core,False,2.283333333333333,en,"No romance option in a game I feel should have and especially when it focuses so much on the interactions with the group. Played it way back in beta, so the numbers of hours I have right now is not indicative, idk why they don't record the hours I have back then too, but whatever. The game's biggest strength is its storytelling and dialogues between people, at least it should have. I feel like most dialogues are so unnatural, and tone deaf towards certain situations. Relationships I feel should've developed, not necessarily romantic, never developed... be it between the casts or outside npcs. For a game centred around war, I wanted to see more bloodshed, especially ones focused around the main casts. There's way too many situations where we spare people and are not cold enough. It's like they're not aware of the situation they're all in sometimes, or their initial resolve to rid the world off a hidden evil is just forgotten..."
26,0.37551420925681195,To the Moon,positioning,False,2.216666666666667,en,this game has like the worst depiction of autism i've seen and i'm tired of stories about women being told through the man's perspective. maybe if this came out in the 90s i'd f orgive it for being implicitly sexist
26,1.0,Ikenfell,core,False,26.666666666666668,en,"I kinda like the game, but there's not a single straight person in it,"
26,0.9529953302174259,Ikenfell,core,False,2.9,en,The character Gilda straight up sexually harassed the mc the minute she met them. I think the writers thought that because she is a lesbian it's 'quirky' or 'funny'. It's not. It's disgusting. For a game that is all about progressivism one would think they wouldn't forget basic human dignity- don't treat people as sexual objects. It's not that complicated.
27,1.0,Meg's Monster,core,True,3.8833333333333333,en,"Thanks to my friend for gifting this for my birthday! Solid game with lots of little details, excellent music, and some really sweet story. Definitely worth playing."
27,1.0,Meg's Monster,core,True,8.7,en,"I LOVED this game. A beautiful little character-driven RPG full of twists and turns that you will NOT see coming. You'll see some of them, but it'll also surprise you; I promise! I fell in love with all of the characters and their constantly evolving relationships with one another. Highly, HIGHLY recommended. Oh, just fantastic character designs and spritework, and a beautiful soundtrack, to boot!"
27,1.0,In Stars And Time,core,True,40.4,en,This is game has become my favourite game of all time! It's just an impeccable game with a moving story and incredibly well written characters. I could not recommend this game enough!
27,1.0,In Stars And Time,core,True,5.75,en,"Love the characters, Love the gameplay, and love the story highly recommend this game."
27,1.0,Small Saga,core,True,25.166666666666668,en,"Genuinely a really good game! I had a lot of fun with the art style, characters, and story. I can tell someone put a lot of time and effort into this game and it is easy to see where inspiration came from for this game :) 10/10 from me!"
27,1.0,Small Saga,core,True,20.066666666666666,en,"This is legit one of my favorite games of all time. It's very lovingly made, it is easy to see in the details. Also banger soundtrack!"
27,1.0,Ikenfell,core,True,24.166666666666668,en,The best game about a magic academy I've ever played. And the soundtrack is pop rocks and liquid fire.
27,1.0,Ikenfell,core,True,16.883333333333333,en,"Just a fantastic beautiful little game. The story is on point, and the music SLAPS HARD AF. If you do not own this game GET IT. YOU WILL THANK YOURSELF."
27,1.0,OneShot,positioning,True,6.6,en,"Good soundtrack, characters, and game overall"
27,1.0,OneShot,positioning,True,5.283333333333333,en,"Great atmosphere and soundtrack, gameplay is interesting and the story is really interesting so far"
27,1.0,To the Moon,positioning,True,0.9,en,great game with an amazing story & soundtrack
27,1.0,To the Moon,positioning,True,4.916666666666667,en,"I've played this game almost ten years ago, and just for the sake of reminiscing I wanted to play it once more. Loved the story, the characters, even more so the music that has still stuck with me since the first time I played"
28,1.0,Meg's Monster,core,True,5.166666666666667,en,Good game. Not much gameplay but nice story.
28,1.0,Meg's Monster,core,True,6.466666666666667,en,Simply a beautiful game with a lovely story.
28,1.0,In Stars And Time,core,True,20.283333333333335,en,An incredible story attached to an amazing RPG.
28,1.0,In Stars And Time,core,True,22.1,en,"Interesting plot, and gameplay that supports the story."
28,1.0,Small Saga,core,True,12.166666666666666,en,one of myfav games of all time great story
28,1.0,To the Moon,positioning,True,7.4,en,one of the best story games out there.
28,1.0,Small Saga,core,True,11.533333333333333,en,Very good game. Great story and characters.
28,1.0,Ikenfell,core,True,32.016666666666666,en,Wonderful game! Loved the story and the character. <3
28,1.0,Ikenfell,core,True,27.55,en,Lovely game with lovely representation and a great story.
28,1.0,Long Gone Days,core,True,3.566666666666667,en,Interesting story. Interesting gameplay. Amazing artwork.
28,1.0,Long Gone Days,core,True,9.516666666666667,en,"Fun game, great story reall. Cant wait for more like this"
28,1.0,OneShot,positioning,True,2.2,en,The best story game to have ever existed.
28,1.0,To the Moon,positioning,False,6.166666666666667,en,played this forever ago. The game is nothing but story and it was so unmemorable i can't remember a thing. I think that says a lot about a story based game
29,1.0,Meg's Monster,core,True,4.016666666666667,en,Great short little rpg that really hits you in the feels. I think this is one I will find myself thinking about frequently.
29,1.0,In Stars And Time,core,True,35.0,en,"Genuinely the best RPG i've EVER played, I highly recommend it to those who are a fan of this genre!!"
29,1.0,In Stars And Time,core,True,18.1,en,ARO REP? IN AN RPGMAKER GAME? NOW THATS THE COOLEST THING I'VE EVER SEEN!!!!!!!!!!!!!!!!!!!!
29,1.0,Small Saga,core,True,4.016666666666667,en,"wonderfully written,old school isometric rpg. characters and storytelling is top notch needed something a little different and this hits the mark really well."
29,1.0,Small Saga,core,True,5.5,en,Quick Final Fantasy like RPG that is well worth your time! Especially on Steam Deck!
29,1.0,To the Moon,positioning,True,1.0166666666666666,en,One of the greatest game I've played. A rare quality RPG game.
29,1.0,Baldur's Gate 3,benchmark,True,224.23333333333332,en,one of the best RPG games
29,1.0,Ikenfell,core,True,43.03333333333333,en,Amazing game with old school RPG feel.
29,1.0,Ikenfell,core,True,15.4,en,"An RPG taking homage of the games like Final Fantasy, Chrono Trigger and many others. The Story is top notch and the gameplay is entertaining throughout"
29,1.0,Baldur's Gate 3,benchmark,True,93.18333333333334,en,"One of the best, maybe the best RPG game of all times"
29,1.0,ELDEN RING,benchmark,True,102.43333333333334,en,The best RPG ever played
29,1.0,ELDEN RING,benchmark,True,45.78333333333333,en,Possibly the best survival/rpg game i've ever played and it's the number 1 rpg game by a mile
30,1.0,Meg's Monster,core,True,9.366666666666667,en,"Pretty cool game. Adorable characters, heartwarming story. The gameplay is entirely narrative-driven. Combat is not very challenging, but keeps itself fresh and entertaining. Very much recommended."
30,1.0,Meg's Monster,core,True,5.383333333333334,en,"Friend got this for me as a joke due to me getting them a game with their name in it, ended up absolutely enjoying the experience. The game is rather simple, combat is not excessively complicated. But that is not where this game shines. The game shines more in the layering of their storytelling with battle mechanics. The game is tagged as linear, and yes... it is VERY linear in terms of progression on what you are doing. If you're interested in the story, it is worth the pick up."
30,1.0,In Stars And Time,core,True,18.1,en,really great game. Captures a lot of really difficult-to-capture ideas and handles them all beautifully. And the combat is engaging althroughout and never gets fully stale.
30,1.0,Small Saga,core,True,7.966666666666667,en,"Great game. the combat was fine, but the story and visuals are great"
30,1.0,Small Saga,core,True,7.216666666666667,en,"Great story, great world building, excellent visual style, overall very enjoyable game. Battle system is a little simple, but still fun, so not a big drawback. Absolutely worth buying and playing."
30,1.0,Ikenfell,core,True,4.116666666666666,en,"Still progressing through the game, but seems quite good so far. Combat timing mechanics are varied and interesting, story is well-written."
30,1.0,Ikenfell,core,True,27.95,en,"Genuinely such a fun game, the combat is fun and expands as you play, the story is happy and makes you feel content. I loved it and hope that those who made it are living great lives bc waow. :3"
30,1.0,Long Gone Days,core,True,7.2,en,This game is quite good although it may be more of an interactive VN and this may be just me but every battle is easy the closet thing i got to loosing was when i battle the Liutenant other than that great game will play again even tho ik what will hapend.
30,1.0,ELDEN RING,benchmark,True,3.033333333333333,en,"Good graphics, great combat, the controls can feel rather clunky at times (even more so on mouse and keyboard) but overall it's quite the fun challenge."
30,1.0,OneShot,positioning,True,10.216666666666667,en,"This game is a lot more immersive than you think upon first playthrough, no combat but it's not really necessary. The puzzles are easy enough; the story line is what makes this such a masterpiece. Definitely recommend."
30,1.0,Long Gone Days,core,True,12.966666666666667,en,"Good one, but defiently not the greatest. Imo 88% raiting is a bit too much for it. Writing itself is pretty basic, you will know what its about in a minute and will for sure predict every big thing happening here, but it has a good mix of basic things so its enjoyble. Combat is nice but too easy, you just go into and win everyone without a beat, I don't even know why you need so much items here. Last boss combat is just very slow and boring, I was just smacking enter by the end. Still a ""Yes"" though, just for artstyle and that it's quite short(especially if remove all this combat time)."
30,1.0,ELDEN RING,benchmark,True,28.366666666666667,en,Very good game.Nice combat and brithe taking Bosses
30,0.9384351168278842,Baldur's Gate 3,benchmark,False,3.1666666666666665,en,"I am not impressed. Combat is clunky. Camera control is pretty terrible. I just don't like it. Guild Wars 2 beats this in every way, and it is 14 years old. They seem to focus way to much on graphics, and i don't find them very good. Good thing i held out and got this on sale, i would be pissed if i paid full price for this crap. I'm sure i am in the minority here, but playing this is so slow and cumbersome that i just couldn't get into it."
30,0.9229187570825825,Ikenfell,core,False,8.433333333333334,en,"Great concept with great characters and a fun (albeit tedious) combat system, held back by poor prioritisation. This game features little-to-no story and what story is does have is all written around the gameplay, not the other way around. It's honestly disappointing how little time you spend in the school doing school things, I expected something like Persona but instead got the shell of a promising game made by people who very obviously care. I honestly hope that someone else enjoys this game, but I truly didn't. (Also, the game's levelling is ♥♥♥♥♥♥, there's a lot of grinding and new party members never match the level of your party)"
30,0.8974105484160045,Ikenfell,core,False,2.783333333333333,en,This game feels like about 75% cutscenes and 25% gameplay. Combat is fun but there is so much fluff between actual opportunities to play and the story isn't nearly engaging enough to make that experience enjoyable.
31,1.0,Meg's Monster,core,True,4.75,en,[b] 5 Point review [/b] 5 pros and 5 cons. Thumbs up or down is just my personal like or dislike of the game. Pro [list] [*] A genuinely emotional story that will hit many in the feels. [*] Fun combat that is more puzzle/story then typical turn based combat. [*] Simply great pixel art perfect for smaller screens and the steam deck. [*] A short adventure that doesnt over stay its welcome without dlc coming in at about 5 hours give or take an hour. [*] Achievements are nearly all story based but upon beating the game chapter select lets you go back if skipped a side content. [/list] Con [list] [*] While the combat feels very undertaleish it never goes far enough with it. [*] The story uses a odd plot device to give a connecting point rather then doing a good and bad ending based on actions or choices. [*] While it has a lot of varied gameplay this is a heavy dialogue story which will not be for everyone. [*] While the music goes from good to decent in range there simply isn't enough to give the bigger story fights enough to highlight them. [*] The price point is a tad high for what it takes to 100% the game but it has been in bundles before making it easier to recommend. [/list]
31,1.0,Meg's Monster,core,True,3.566666666666667,en,"Overall I enjoyed the experience I had playing this game, though it was different than I expected it to be. I think anyone going into this should expect it be more like a visual novel than anything else. I feel like it's got something it's trying to be but doesn't really hit the mark. The art style and music aren't quite cozy and the dialogue goes from nearing cringe territory to quite hard hitting. The end gets very long as it repeats the scenes over and over again with slight variations and I didn't totally feel like it had been earned yet. I've seen other reviews complaining that the story is very linear, but I don't see that as a negative. Not every story needs explorations and million different endings and a billion things to do. If you want to play those games, then avoid this one and go play those. The combat only gets interesting in the end-game. It feels like it was added on and not intended for this game. I did find the mechanics a bit interesting but for the most part it's pretty simple to sort out a strategy that works most of the time. When they started throwing new things at me in the end-game it only took two or three tried to get the right combo/luck."
31,1.0,In Stars And Time,core,True,64.56666666666666,en,"Playing this game was an experience I will never forget! :D The art and music draws you in, but the comradery between Isabeau, Odile, Mirabelle, Bonnie, and Siffrin as well as the twists and turns along the way keep you locked in. I had so much fun just reading the dialogue between characters. So much humor and charm behind nearly every interaction, even with the people in the town. Their friendship is an anchor in a world of chaos, and it's so wholesome despite the pressure they faced. I also liked how the battle system was based on rock. paper, scissors, even if it did make combat less complex as a turn-based game. My only gripe with the battle system was how tedious it became to battle over the course of the game. I eventually found an item that allowed me to circumvent some of the tediousness which was nice. My main complaint with the game is that there are certain parts that feel unnecessarily frustrating and difficult to complete. I would say Act 4 gave me the most trouble and I actually had to go through a walkthrough twice in order to finally pass it. The story, characters, art, and music make it worth it but it does feel a little too much at certain points even if I understand it relates to a core part of the story. I highly recommend this game! This is one of those games that can change your life by playing. I will never forget my buddies Siffrin, Odile, Isabeau, Mirabelle, and Bonnie ; u; <3"
31,1.0,In Stars And Time,core,True,18.5,en,"If there one characteristic I'm certain on, In Stars And Time's writing takes out many dialogue flourishes and facial expressions to make the characters WORK, especially across many, many, many, loops. Those interactions changing across the loops is how I see this story suits itself to a game. On the flipside, I not so sure I felt like gameplay should really take this long, owning to how combat is ""required"" with a certain fast traveling resource that feels somehow separate from the story, and yet is part of the story. I suppose that resource is just-- not gelling with the story in a game technical sense. I suppose, the story doesn't have much interactions with that resource outside of the resource being used to force the player to battle enemies? Except, enemies aren't *the* problem, rather it is the environment that acts as the challenge posed by the story. Enemies are just there, with very little interactions compared to the environment. With that said, I enjoyed In Stars And Times for bringing out these lovable dorks of main party, and an excellent showcase of dialogue tricks... Oh, I suppose I should say the game does a lot with very little in regards to maps & music. Classic pitch shifting, hahaha!"
31,1.0,Small Saga,core,True,10.616666666666667,en,"Yeah, it was okay. More theatrical than tactical, this game offers a casual RPG experience that is hard to lose at even if you find only the bare minimum in equippables yet contains enough content and sidequests to hold a seat at the table of the Game for RPG Players Union. Level ups come to the player at set points instead of through number gains (some of these set points are optional), battles will go by swiftly if you pay enough attention to the arrangement of skill points on your character grids (and they can be arranged freely), and the story plays out in a fashion meant for the coolness factor rather than in meaningful prose. It has nowhere else to go when it's about rodents looking to kill humans and only able to deal bare minimum damage even with a Swiss Army Knife, lol. Of course it contains a bunch of other inter-rodent strife and matching politics, some of them matching real life politics which will probably annoy you if you're not left-leaning, but nothing too serious. Come to this game if you'd like ten hours of fun, good music, and a decent narrative themed ""no gods, no masters"" to pass the time."
31,1.0,Small Saga,core,True,10.083333333333334,en,"Very solid and fun RPG. Characters are lovable with cute designs and great writing with fun moments for all of the main party members and their various acquaintances. The game also does not hide its inspirations at all which can be pretty funny (such as the buff that the main character can apply to themselves after the prologue lol) It is a bit on the shorter side for an RPG, but it also doesn't waste your time with any grinding or tedious sidequests. Every fight you get into is relevant to the main story at hand, and you usually only have a handful of fights before you get to the next big Boss Fight. And the Bosses are universally really fun, usually sporting their own unique gimmicks to set each of those fights apart from each other. The side quests that do exist are few, but again, they don't waste your time and are very fun individual quests. The levelup system is also pretty simple too, but it gives you a good few ways to lean each of the characters in different directions. So I do feel like there's a good bit of agency. And I also love how the item system works, where once you get a consumable that can heal you or cure a status effect or something, you can just equip it to a party member, and then that person can always use that item once per fight, so you don't have to worry about running out of them or anything like that. My one complaint about the game is that I felt like by the end I got a bit too powerful for the game to handle. If you do all of the sidequests to unlock everyone's ultimate abilities, you can kinda become absurdly unstoppable and as a result the final boss was a little underwhelming since I was able to just blow right through it while barely taking any damage to my party. Other than that, like I said the game is fairly short, and I certainly wouldn't have complained if there were maybe 1 or 2 more seasons worth of content with a couple more story arcs to go through, but when my biggest complaint with a game is that I want more of it, that's usually a good sign. Overall very much worth the price of admission, and in many ways I think is also a good intro RPG to the genre if you're not as familiar with its conventions. But even as a long time fan of RPGs I still loved what it had to offer."
31,1.0,Ikenfell,core,True,25.416666666666668,en,"I cannot recommend this game enough. The storytelling is compelling, the music is enthralling, the art is stunning, and the character development is so, so realistic. Conversely to many, I enjoyed the battle mechanics; I loved mixing & matching characters, and optimizing field movement. Moreover, I felt the timing mechanism was intuitive (for me) but even if it's harder to understand timing, the game is forgiving if you save often. And who wouldn't save often, when to do so you must pet a cat (which heals you entirely)?!? Even if grinding out battles doesn't help you with the timing, and you hate the battles, you can just turn on ""auto victory"" and tap out when the going gets tough. Another reason to promote is for the puzzles. Golden Sun is one of my all-time favorite games and I have been searching for a long time for a game that emulates those out-of-battle puzzle mechanics; Ikenfell comes close, with the hidden rooms/pathways and logic puzzles (though sadly not as focused on interacting with the environment as G.S.). Lastly, if you are an LGBTQIA+ person (or ally) I would highly recommend supporting this game: the characters are well-written, spanning the spectrum, and the banter is charming. We need more games like this!"
31,1.0,Ikenfell,core,True,32.583333333333336,en,"This game is extremely cute! All the characters are lovely and their queerness is apparent without overshadowing the rest of their personalities. The story is very interesting and has strong emotional beats, though the plotting is occasionally a little messy. The high points more than balance out the low ones though and the game's conclusion and character arcs were very satisfying. I enjoyed the battle system, which was a mix of grid-based tactical RPG party combat and Paper Mario-style action commands. Each party member has their own move set with unique timings, range, and area of effect. Figuring out who to bring and how to use them effectively in each fight is very satisfying. The game has a bit of a steep difficulty curve as enemies (especially bosses) ramp up their damage very fast if you can't do blocks with good timing, but healing is plentiful and the ability to restart a fight immediately after losing helps to make re-doing tough fights less frustrating. Since enemies can be encountered (or avoided) in the overworld to start battles, I was hoping to have some sort of first-strike system to get an edge going into a fight, but that didn't seem to be available. Overall, I had a great time with this game, both in the main story and in the handful of secret side trips lurking around. Highly recommend to anyone who is a fan of action-command RPGs and queer witches."
31,1.0,ELDEN RING,benchmark,False,88.55,en,"[h1]Probably the biggest letdown of a game.[/h1] I have to preface this and say that this is my first soulslike experience. Elden ring videos and players promise hard gameplay, great story, and cinematic experience. In reality? It's [b]unmeasurable disappointment[/b] on several fronts. My first issue is that this game was supposed to be made for controllers. You'd think with controllers your movement would be optimized with omnidirectional movement, variable speed, etc. No. No it is not. Too simple of concepts for these simple devs. In order to sprint in this game you have to hold the same button you dodge with (B as I'm on Xbox controller). So if you were to do something as simple as dodge while running, you have to hold the direction and quickly release and tap your dodge button again. This is already awkard of a movement and you'd think it'd be fixed in early builds of the game. Nada. On top of this awkward movement, your dodge actually only starts once the dodge button is released. This wonderfully stupid idea of a mechanic makes reactive playstyles (what'd you'd expect to play as a game centered around boss fights) useless. The amount of time it takes for you to actually do what you inputed is elongated by dumb design. This leads to another problem later on. [i]I'm just gonna forego the horrible auto-lock and let other players tell you about that dumpster fire.[/i] My second issue is FPS being locked. 60hz is stone age. People have to spend $60 to get this game (crazy ik). When you can get a 60+fps monitor for $80. Let's think here, are your customers going to say ""God I hope this cinematic game is locked at 60fps"". Seriously unless you're a foot in the grave you can see the slop that is 60 fps. Did you buy a actual monitor? Something beyond 60fps? Yikes you're going to see some stuttering if your hz isn't divisible by 60 f*cking fps or has freesync. Now in the defense of this game, I understand that the game is based around the 60fps for engine reasons and for console players. Yet, WHY is it 60 fps when ported to PC. I'm writing this review 4 years later and there is still no support for higher framerates. Dollar per frame game. My third issue, difficulty. This game isn't ""hard"", it's tedious. I started playing this game in hopes of dodging bosses last second, paying attention to a flurry of attacks as they came out, and getting bested because I lacked the mechanical skill to beat a boss. Reality? This game has THE MOST BORING BOSS FIGHTS. Let me explain. Every boss has movepools. Which when learned make the boss easier, but Elden Ring makes it BORING. However, the fun should lie in going against new bosses right? Maybe getting lucky and beating them first try? Well unless it's one of the billion copy print dungeons with bosses that might as well be 2D for the lack of depth to them, you're going to die (probably in those dungeons too). You'll be hit with a move you can't properly dodge because well you've never seen it before.Or even worse, you have yet the timing is slightly different, with extensions of range or attack(s). Some people may not have a problem with this whole ""see a new move, die and come back pattern"". And to those people I say, ""Keep flipping those burgers."" The allure in bossfighting games is making yourself a betterplayer. One able to become better in any situation as you progress. Not dying 2-3, 4 times before you get the boss to a next phase where you'll have to repeat the same steps. This loop? It's not skillful dodges, parrying, or anything cool like that. It's just dying, learning, and coming back. That is profoundly boring. If all your bosses can just simply be put into a youtube video devolving strategies to counter every situation, you didn't make a skillfull game, you made a knowledge gap. [u]Seriously the bosses might as well be a quizlet looking at each boss's attacks like flashcards and memorizing.[/u] And you'd know I'd take it all back if the story was redeeming. Stories can carry bad gameplay after all. But truth be told you won't really even learn the story in this game. You have to go OUT of your way to find what this game is about. Other RPGs I've played such as Fallout 4, Cyberpunk 2077, Pokémon, all find ways to sprinkle in story if you just go a little bit off the game's main course. This game? You pretty much need a guide to get a inkling of it at all. You will have many questions when the game starts and as it progresses, you'll just have more and more. It's hard to find motivation to do quests with characters you know nothing about. This game doesn't motivate you to do anything, you pop in the world, you look around a bit, and you're confused. I understand that it is a game for adults, so make the story a bit complex. However at the start of the game, you as a protagonist get the sole goal of becoming the Elden Lord from a good cutscene. Now it may just be me, but [u]why does it sound like we're setting up a tv show?[/u] Could it be that it just said a bunch of characters nobody knows, gave the tiniest amount of backstory that you don't really understand, and had a vague direction? Maybe...maybe. But surely this is a good story. It will tell you a bit more as you start the game... Yeah no, this game has bad storytelling. Not necessarily a bad story I hear if you have thousands of hours to waste reading every item, replaying for minute things you missed because the game [b] Doesn't Have Story Direction [/b]. My advice F-Soft, narrow the guage just a little bit more so people can know why they should give a crap. Then the whole discover the lore thing works. But hey, if all that sounds appealing to you, go ahead and pay your $60 for 60fps. Have fun wasting your time memorizing an interactive textbook everyone else has already read, memorized, condensed, and posted the results of online. Edit 1: I've since beat Elden Ring and it was unfulfilling. I have yet to play the DLC (got a gamekey bundle for cheap). At this point in time everything still stands. Play modded if you can. But unless you're an achievement hunter like me, better steer clear, there's some enjoyable moments in this game, but the bad camera control, crappy controls, and 60fps still make this game hard to enjoy. It's sad that unpaid modders make the fixes that paid devs couldn't. That said, if you have a fit girl you know, go there. Don't buy."
31,1.0,ELDEN RING,benchmark,True,768.1833333333333,en,"so at 3/4 of 1k hrs into this game i feel i have the ability to leave a actual worth while review for it. To start this off, i will say this is the easiest Soulslike to get into and i adore how it lets you either do everything or do minimal, not only because some of us just arent completionists but also because it helps if you Elden ring RP like i do in my own little head canon at times. The only two main negatives i can say anything about are the two that make my eyes rollll playthrough after playthrough. horse combat Boss variety. For the horse combat, its janky, itsdifficult to do properly, and its lame. as a spell caster i even have issues doing that on horseback as a lot of times the character will fire their shots in the way youre facing and not in the way the target youre locked onto is. for boss variety, i would have liked to have seen more options. but i also understand that with the base game having 147 bosses in it total that it would be a pain in the ass to even have 60 unique types outside of legacy bosses. So while disappointed on that one, i do understand it at least. Otherwise i dont really have any complaints. This game is one of my favs and is legit always installed on my rig. The evironment, the sound design, the combat, its all spot on for me. this game gives a ♥♥♥♥ ton to experience and i personally think that if you can enjoy it then you should experience it all the way at least once. if you dislike this game, happy trails and make sure to review your fav game so maybe some of us will be apt to try it. If you decide to try this game and enjoy it. Welcome to the lands between ye tarnished and may you never lose the touch of grace."
31,1.0,Long Gone Days,core,True,2.683333333333333,en,"This Game for being in early access is coming along fantasticly. The game looks great except for a few problems with the full picture art showcased in some areas. While the combat can be difficult at some points. It provides a fair challenge. My main problem with the combat is the item VS. moral system when you finish a battle. The game gives you the option to take a item usually a healing item or on some occasions a equipment item. Or moral the game's MP system which in my playthrough I only encountered one item that gave moral. The problem is that at least I couldn't find anywhere to buy the items that I needed. So I ended up having the problem that the ememies wouldn't take much dammage from normal shots. So I had to use moral. Useing more than the game gave me for winning the battle. But at the same time since I used to much moral. I had to use my items to heal. So by the end I was having a major problem with moral and healing items. And was only saved by a story point during the boss battle. Hopefully when the full game comes out this moral and healing problem will be fixed by the incluison of a in-game shop or more items scatured around the overworld. All in all I highly recomened the game for it's great art, engageing story, and challengeing combat with only slight problems"
31,1.0,Long Gone Days,core,False,2.183333333333333,en,"So. This game looked quite good at first glance, but its actually terrible. The sprite work is good, the enemy design is interesting and kinda fresh, very well done. The battle system is neato too, but the real problem is the story. Its written horendously. They repeatedly forget to capitilize the beginnings of sentences and the story makes no sense. Dystopia is a very interesting genre with a lot of interesting different potential facets. This game has none of that. Spoilers ahead to the story, I'll try to keep it limited by to explain the issues with the story I need to, you know, talk about the story. The main character, Rourke, is sent on a mission in Poland and finds out he's really purging a bunch of civilians. He then tells the first person to listen that he can't POSSIBLY live this kind of life, and that he's gonna desert even if it gets him executed. What the ♥♥♥♥ man, who does that. Now, going through a panic attack after you found out you murdered a bunch of innocent people is totally reasonable, but who the ♥♥♥♥ would tell someone that. Its insane. You'd have to really think about it, mull it over and THEN decide to bail on your country. Not only that but the dialogue people have is weird and stilited, they don't talk like real people they talk like someone is trying to beat me over the head with the tragedy of war or some nonsense. TL;DR most of the game is good, but the story sucks ass, and an RPG with bad story is pretty much wortheless."
31,1.0,Meg's Monster,core,False,7.933333333333334,en,"A heartfelt story that visually might be very reminiscent of another game that features monster and human tensions, but it stands out with a nice focus on a set main cast that I couldn't help but just adore. Pretty good Pixel art, nice colour palettes that set the mood. With a mix of overworld sprites and more detailed combat sprites, the latter while not being the most animated compared to the former, I welcomed them to break the story from time to time. Combat. Every fight being unique, going the route of every fight is a boss rather than a random enemy. Most if not all of the fights have a unique THING going on to try and not be a repetitive turn based game, this is more expanded on in later fights Beautiful soundtrack, hitting the right notes in the correct places, though I felt it's a little limited and not too memorable, but that's purely personal. The combat feels a little tagged on, while there is variety in the enemies you typically only fight once, game overs tend to fall down to extremely bad luck since you are on a linear path with no real options besides your established mechanics. How the player avoids a game over, I'd say it's at least unique, so a bonus for that. Despite having a world map, the game is purely linear (you are pretty much locked into your linear route too) With no real reason to explore any place further outside of areas being no more than 2-3 rooms large at most points. Side quests don't really add much bulk to the game play or plot, with one side quest being awkwardly placed tone wise and the other being multiple side quests that seem almost shoe-horned in to bulk up the plot and twist (or someone just REALLY liked a certain character idk lol) While I think the ending is certainly a nice one, some elements of the plot and characters could've been explored more, the setting of the world REALLY should've been explored more, certain plot points I have either missed or the game didn't bother to tell me. (If it's left up to interpretation then that's totally fine) I feel the game could've just been MORE that what it already is if it was given more time to work on rather than a nice little shortened story to get done in a few hours. Despite what I feel, I do think it was a cute little game, However I would REALLY recommend one buys it SUPER discounted or just watch someone else play it, you will both share the same experience. I just don't think the price is worth a 5-7 hour experience. I'd like to recommend it but it's just lacking in content and replayability."
31,1.0,Small Saga,core,False,6.483333333333333,en,"+ extremely good art direction in general, I liked the character designs, the battle arenas and weaponry/props design + very good quality and variety of music + no random encounters and milestone level ups are great ideas! I wish we saw it more in other games +/- the game is short, which I liked but I think it could have used more side things +/- the game is easy, it's not bad to the point of being tedious but I would have liked more challenge +/- the battle system is pretty basic and it doesn't do anything new - my biggest problem with the game is the writing, classic RPG games are expected to deliver in this area more than any other genre, the story in general is ok but the way it's written is direct and as spoon feed-y as possible! the beginning gave so much potential for the story to go and explore interesting things but it didn't deliver, it turned to basic ""these bad guys are bad and these are the good guys"" with nothing subtle or even worth thinking about, the characters are all one note to the extreme! the developer is skilled in writing comedy as we have seen from the previous game (aviary attorney) but in this game it's nearly non existent! it shows its head one time or two and both are my favorite part of the writing. as silly as the previous game was it tackled inequality and social issues in a clever way that I'm still thinking about to this day! the characters from that game are so memorable and their stance in a lot of issues can be inferred from their actions, it's exactly why I expected a lot from this game! I struggled with rating the game but ultimately decided on negative because I found the game forgettable after two days of finishing it. I would really like to see the developer try to stab again at the genre with the previous style, I think the combination has potential to be something really special."
31,1.0,Ikenfell,core,False,11.9,en,"A monotonously unimaginative narrative, strung along by an upsettingly tedious and shallow combat system. The novelty of the colourful pixel world and tile-based combat system are fine at first, but only get worse as the game rolls out more content to reveal there's no more depth to the experience than that. The combat system is not very tactical at all. Every single combat encounter the map is the exact same three by twelve grid with no obstacles or hazards or anything. Every single map is just that. All the player does is move the characters in range of the enemies on this confined, barren grid and then chunk out the same damage skills over and over again. To artificially make the experience more engaging players need to perform a quick time event every single time they use an ability or are attacked. These quick time events drastically impact the outcome of each turn and encounter as a whole. Missing the quick time will generally result in an enemy attack dealing triple damage compared to pressing at the very last moment for the most reduction. Same goes for when the player controlled characters attack, it will be anything from a fraction to full damage based on the quick time event. Players have to do this quick time event for every single action in every single combat encounter throughout what is probably a fifteen or more hour campaign. And every single new enemy attack and new character ability has a completely different timing, sometimes it's about when the hit lands other times it's a fraction of a second after the hit lands other times it's not the hit at all it's based on some random other part of the animation. At first it's not so bad but after over ten hours of combat which is only engaging because quick time events force the player to pay attention, it's exhausting and unfun. The map layout is the same every fight, there's barely even any room to move around in, there's no dynamic strategies or synergies between items and abilities, players have minimal access to buffs or control affects that allow for actually strategy, there's little players can do to tactically respond or counter or account for enemy actions at all in any way, and players have to take up a whole turn if they want to use an item so items are a waste of time outside of higher difficulty fights. If players don't waste time fighting against anything other than the boss, then players end up being underpowered for the boss fight and have to waste ridiculous amounts of time chipping the boss down; which negates all the time the player saved from skipping the previous fights. There doesn't seem to be much variety in gearing for statistics either since players can't really focus anything enough to make a huge difference, although without speed enemies will start taking multiple turns before the player gets to. Admittedly the game does actually give players a toggle in the settings menu to allow for instantly winning combat and, I think, bypassing the quick time events as well. But if entire core mechanics of the game need to be removed just to make it less unfun then that's a problem. Similarly to the combat, at first the story is also decent if not especially exciting. But it doesn't get anymore exciting as it advances. The world is just a bunch of bland, unimaginative copy paste magic whatever. Nothing special, nothing unique or creative about any of it. The lore of how the world was created gets even worse. Arbitrarily large whale, mammoths and a raven who for some reason have the ability and desire to create things; created things. That's it that's the universe lore. Same with the plot, it does try to at least do something different yet it's still just a vague asinine problem that has a vague asinine solution and overtime it just becomes less vague. None of the twists the plot provides in twelve hours are actually exciting, especially because most of the specific details that the plot revolves around are arbitrarily thrown at the player out of nowhere; and the player just has to nod along. The characters are about the same. Not awful, but not unique or interesting either. Very copy paste predictable personality categories without much depth beyond that initial category. Half of the characters either don't have any major drama problems but also supply absolutely no reason for the player to be interested or intrigued by their existence at all; while the other characters do have drama problems but it's all petty obnoxious issues that make zero sense to be showing up in the middle of such a drastic world saving whatever plot. The most consistently fresh aspect of the game is simply just running around the world collecting items and advancing from room to room while solving mild puzzles. The game has decent pixel graphics and fairly diverse, if not still uninspired, environments along with a solid amount of nice music. The select few songs that actually have sung lyrics tend to be shallowly written and extremely out of place though. Ironically the least music variety appears to be in combat. Players get to listen to the same song for the fiftieth time while performing the same quick time event for the two hundredth time. As referenced I was genuinely fine with the game at first. But after twelve hours of the same quick time events, the same empty maps; the only reason combat even started becoming especially difficult was because the characters had become underpowered due to me desperately avoiding enemy encounters to save time, and I actually started missing quick time events more often because of how tired I got of doing them. Meanwhile the story just keeps going on with the same inane fantasy save the world discover the boring details of the predictable secrets and now one of the characters is having a tantrum again so time to stop everything for them before immediately resuming once the petty social crisis is over. There's just nothing new about this in terms of gameplay or story. Yet it's over twelve hours long and demands constant attention from the player the whole way despite not providing anything of genuine intrigue. This game actually would of benefited from being much, much shorter. If you're interested in finding some games that I do positively recommend they can be found on my curator page [url=https://store.steampowered.com/curator/38950844-Anoemalous/] here [/url]."
