cluster_id,cluster_probability,title,group,voted_up,playtime_at_review_hours,analysis_text
0,1.0,In Stars And Time,core,True,30.383333333333333,"Estuve a literalmente una pizca de ponerle una mala calificaccion no porque crea que el juego es malo sino porque creo que tiene muchos puntos negativos que sopesan los buenos, Este juego pierde demasiado por ser hecho en rpg maker y dejen me explico el problema es que rpg maker es demasiado rigido este juego hubiera ganado muchisimo si no fueran bloques y bloques de texto sino que fueran minijuegos a lo largo de la aventura, desafios, puzles, mas cosas de verdad se hubiera convertido de un juego normal a una obra de arte En los puntos negativos que le encuentro es, la musica no porque sea mala sino porque tiene muy poca resulta que el juego tiene 41 canciones pero si les soy sincero solo me acuerdo de las 3 que se repiten en bucle durante las 20 horas de juego, el game desing no porque sea malo sino porque es muy insipido Y LOS DIALOGOS demasiados dialogos demasiado texto de verdad las primeras 2 horas del juego son literalmente puro texto dialogo, dialogo, dialogo, dialogo De verdad estuve a nada de darle pulgar abajo porque este juego casi casi hubiera funcionado mejor como un libro ya que es un juego linea donde tus desiciones no importan no cambia nada no hay final diferente nada de nada y miren yo entiendo que toda la mecanica de los bucles es para ponernos en los zapatos de zilfrin y esta bien pero dios este juego hubiera ganado muchisimo mas siendo mas corto y con un motor que permitiera meter mas cosas pero entonces llegue al acto final y que les puedo decir soy un romantico ese final me mato ese final me encanto solo ese final me hizo sentir que todo valio la pena supe que era el final porque despues de 300 horas se dignaron a poner una cancion nueva me encanto una experiencia unica que nunca mas pienso volver a jugar porque dios no permita pasar por este calvario de nuevo argumentalmente un 10 a forma de gameplay un 4"
0,1.0,In Stars And Time,core,True,53.983333333333334,jogo filho da puta me fazendo chorar que nem otario
0,1.0,In Stars And Time,core,True,19.5,"Puta merda esse jogo é bom, compre, vale a pena"
0,1.0,Small Saga,core,True,11.45,la mierda menos rejugable que existe
0,1.0,Small Saga,core,True,26.783333333333335,Uma aventura curta e divertida ♥
0,1.0,Ikenfell,core,True,4.516666666666667,Un muy buen juego - acuérdense de usar las opciones de accesibilidad si se les hace muy difícil.
0,1.0,Long Gone Days,core,False,6.833333333333333,"la historia esta decente pero el combate es horrible, vean un gameplay en YT y ahorrense la plata"
0,1.0,Long Gone Days,core,True,6.166666666666667,"Très bon jeu. Les graphismes sont géniaux, tout comme l'histoire. Etant donné que je ne suis pas très au courant de la suite, je me demandais si la version finale sera gratuite pour les joueurs ayant acheté la vesion en accès anticipé ?"
1,1.0,Small Saga,core,True,7.083333333333333,"Fair warning: achievements are listed, but not implemented in the game. If you care about those, be warned. That being said, I truly think you should play this game. It has a well written story, supported by the gameplay in clever ways. I never struggled, Small Saga is not a hard game, but it doesn't need to be. Cool story, cool mechanics, what else can I say?"
1,1.0,Small Saga,core,True,7.133333333333334,"Small Saga is a game I'm quite torn on. While there are many aspects of the experience I absolutely adore, there is a large element to this game which I feel drags the experience down, making it not an immediate recommend I know it should be. To get to the best part of the game over with: presentation. The visuals are absolutely breathtaking and I found myself entranced playing through this game. Every character had personality oozing from their design alone and each boss you encounter feels lovingly thought of. [spoiler]I really felt this way about the Yellow and White Gods you see in the game. There is a sense of scale each of them have which does make you feel how daunting these 'Gods' are to our characters.[/spoiler] The visuals, alone, are not solely what carries this game. The music brought me into the world. Where many games I find enjoyable, but something I'm not going to think back on, Small Saga's soundtrack heightens the overall experience. The emotions are brought to another level when you play through, aiding to the story in more ways than you realize. From the lows to the highs, and the bosses through, the soundtrack assists in making a memorable presentation in the time you put in. The story is nothing amazing, but it's quite serviceable enough. The writing, overall, is enough to get you through. Yet I did find myself wanting more in. I would have loved more quests which allow you to learn more about the characters in the game. More people to interact with. I just found myself wanting more. The lore you do find in the books just feels a little clunky to me, making me just wish there was another manner to explore this world I'm shown. That said, the writing was enough to make me want to see more of this game. Now, the gameplay, which is where my experience takes a dip. It feels like the game focused on every other issue, yet the gameplay and everything surrounding it took a step back. Lacking is a word that immediately comes to mind, but even that might not properly do it justice. Despite the presentation and writing which all kept me coming in, the mechanics in the game was pushing me away. The game felt like it needed a vehicle to have their game, and made a passable RPG experience in order to do so. What is here was clearly given enough time to make it not completely arbitrary, yet not delved too deep into and allowing for a more fleshed out playthrough. For $20, this game is on the edge for me. Everything truly is incredible for this game, yet the game mechanics bring it down quite a bit for me. It takes what could easily have been a homerun and makes me more on the fence. Yet, if the game goes on sale at all, I would highly recommend picking this game up. Despite my feelings on the gameplay, Small Saga clearly had passion put behind it when it comes to presentation. And I think, if you can get past the mostly average mechanics, you do have a beautiful game awaiting you on the otherside."
1,1.0,Small Saga,core,False,9.05,"Small Saga was pretty mediocre. There are some pretty cute moments where I enjoyed the characters and how they reacted to the events unfolding. However, the overall story operates at so much of a breakneck pace that it makes character development incredibly jarring; characters will flip motivation on a dime just to railroad the main plot. In the span of ~6 hours, you [spoiler] help a child run away from home, start a prison break which leads to overthrowing an authoritarian town and installing a new leader, start a revolution against the monarchy, overthrow a slaver, and help a person reconcile their past[/spoiler]. The game honestly tries to do too much too fast, which makes transitioning between main story beats turbulent. This results in characters not realistically offering pushback on others or having instantaneous changes of heart. Simultaneously, new ideas and information on people’s past are constantly introduced, but never meaningfully utilized or elaborated on. Many of the main story conflicts are resolved off screen and are only barely mentioned being resolved in a few sentences. A few characters are particularly loathsome with cringy dialogue in the form of forced memes. There are also several references to memes that were topical at the time. Constant attempts at humor are made but they mostly fall flat. The story takes up the vast majority of the game with some light amount of boss combat near the climax of each plot point. The combat is extremely vapid to the point it feels like a fantasy story masquerading as an RPG. There aren’t any meaningful decisions to make in terms of building character skills or gear. In fact, the game has several skills that increase damage to different types of enemies that either appear in only 2 combats or only in one chapter. I never felt in danger during combat and it boiled down to spamming damage abilities with no thought. It is very dissonant to be a meek rodent trying to rise up against larger creatures while combat is never dangerous. The final boss of the game was doing attacks that did 2 damage to me. There is a lack of polish that hampers the storytelling experience. Many important story moments had no music or ambient sound that made reading the dialogue emotionally hollow. Nearly every cutscene in the game used fades to black to hide actions being performed, items being placed, etc. There are also many incredibly long walkways between story areas that don’t serve any purpose to gameplay or storytelling. They don’t build atmosphere and just pad playtime as you meander through empty halls in dead silence. Overall, I found Small Saga to be entertaining enough to want to see the game through. The game was gifted to me and I think if I had spent the $15 myself, I would be more disappointed. For that reason, I can’t really recommend this game to others for its price. The plot is too hasty and needs to take more time so that many of the introduced threads are not hand waved away."
1,1.0,Small Saga,core,True,9.216666666666667,"Small Saga is a whimisical game, with its fair share of funny as well as thought inspiring dialogue. World Building, Characters and Story were all very captivating to me. The combat is serviceable, It was a tad easy for my taste at times though. But this isn't a bad thing, it made for a nice and relaxing gameplay experience, without being boring. Also, the soundtrack is phenomenal! All things considered, it was an allround grand experience o7"
1,1.0,Small Saga,core,True,7.933333333333334,"Small Saga is a wonderful bite of nostalgia. A tale reminiscent of an era of role playing games last seen on game consoles of old. Filled with classic character tropes, zany antics and comic mischief layered on top of darker themes. The game itself is not expansive, but what it lacks in exploration and experimentation it more than makes up for in humor, story-telling and presentation. The average play through would be equivalent to that of Final Fantasy or Dragon Warrior(Quest), the first in their respective series. But–I would argue that the story experience of this title will feel genuinely closer to that of Final Fantasy IV or Suikoden (the first.)"
1,1.0,Small Saga,core,True,10.216666666666667,"Small Saga, in essence, isn't just a love letter to classic PSX-era JRPGs. There are moments in this game that brought me back to the same wide-eyed wonder that games like FFIX or Chrono Cross gave me as a child. A simple combat system, surprising exploration, lovable characters, the whole deal. The only real complaint I have for this game is I wish there were MORE. It's fitting that there isn't more, being called ""Small Saga"" and all, but a lot of the emotional climaxes just couldn't hit nearly as hard as something that had more space to breathe. It's all tightly, beautifully written, and it'll stick with me for a long while. I hope these devs continue to make games as wonderful as this."
1,1.0,Small Saga,core,True,14.683333333333334,"[h2]I'm Ashamed I Forgot About This Gem![/h2] You know that feeling of once playing through something fantastic, something that gave it its all with strong visual identity, memorable characters, and a story that genuinely sticks, only for it to slowly fade into the back of your mind years later? Well... I know that feeling well. That’s Small Saga. A JRPG that proves you do not need a massive open world to sell the idea of an incredible RPG. As even the smallest creatures have a big story to tell. [h2]Issue[/h2] Small Saga’s biggest issue was it's visibility. It released quietly and never quite got the spotlight it deserved, releasing around the same time that huge RPGs like (Baldurs Gate 3) were gaining traction. This of course made it easy to overlook or forget entirely. On top of that, I would have to say that a lot of people just don't like the idea of a linear RPG, you know, like myself. I prefer to overlevel and overexplore until I am a god, but here it's all on the rails story progression. Pacing can also feel somewhat quick, leaving some moments you wish had more time to breathe and fully come to life, but that's more on the small side. [h2]Impression[/h2] At its core, this is a classic JRPG. You manage a traditional party setup with a healer, support, and two fighters with some debuffs and buffs to help you on your journey. Progression is tied to boss fights, with a level gained after each one. For some players, this is where the experience can feel overly streamlined and, at times, unfun when you can't power level. This is similar to how a game like Chained Echoes handled progression, which was not fun. Combat itself is rarely challenging as long as you lean into the game’s powerful combo effects, which can make most encounters trivial. That lack of difficulty may leave some players underwhelmed. Where the game truly stands apart is its story, which is genuinely amazing. This is elevated even further by the pixelated, cinematic presentation during boss fights and key story moments. Those sequences are striking and memorable, and they do a lot of heavy lifting in setting the game apart from others in the genre. It's a solo developed masterpiece in every possible way. [h2]Story[/h2] You play as a small mouse in a vast, dangerous world. After your brother is killed by the Yellow God, you swear revenge and set out to end this particular humans tyranny. With your life destroyed, the rodent population of Rodentia lives in fear, until you march into the den of beasts on a quest far larger than you could realistically handle alone. Along the way, you grow stronger, learning from allies and experiences, as your journey shapes not only Verm, the sole survivor of the Yellow God’s reign, but also the other characters you encounter. The story emphasizes growth, resilience, and the bonds formed in the face of overwhelming odds, giving the narrative depth beyond the typical revenge tale. It's surprisingly emotional, and for once again a mostly solo-developed title, this is one such game you don't want to miss out on for various reasons. It's one of the best of it's kind. [h2]Conclusion[/h2] I’ve played through this game once and am now finishing a second full playthrough. I had completely forgotten how good it truly was. That’s the thing with games like this: no matter how memorable they were, over the years the impact of the story, character development, and world-building can gradually fade, but returning to them is like starting over fresh. You get to re-experience the joys of this world and appreciate for what it offers. Then one day, you decide to give it another try, expecting little more than a dull story because you personally feel bored of all the other games you have or haven't played, and suddenly you’re completely absorbed, hooked by the story, invested in the characters, and captivated by the presentation. So do yourself a favor: take a deep breath, stop hesitating, and pick up Small Saga. It’s an experience you won’t soon forget, unless you well... Forget like I did, over time. [quote] Please consider following my [url=https://store.steampowered.com/curator/41005226/]Curation page[/url]. I cover a wide range of genres both paid and unpaid, providing unbiased opinions as well as regular giveaway events. [/quote] [b]Video Review[/b] https://youtu.be/th4cpTBCYDQ"
1,1.0,Small Saga,core,True,14.383333333333333,"I had such an absolutely wonderful time with Small Saga. I greatly enjoyed the story, art, and music. So much heart and soul has been poured into it. And without a doubt its going to stick with me for a long time."
2,1.0,ELDEN RING,benchmark,True,489.98333333333335,"I ♥♥♥♥♥♥♥ love elden ring, Best game of my life and ever."
2,1.0,ELDEN RING,benchmark,True,166.08333333333334,"Praise the moon! Praise the message! ENG / CZ The Elden Ring, a game where you can have as much fun as you absolutely want. A game with so many options of build, from bullying enemies with baseball bat, to archmage where you bully them with one spell. A game so perfect that you can kill 200 hours and yet have so much fun, if it's too easy for you go play the new game +7 and prepare for your anus to be demolished more than many porn actresses. This game of course comes with beatiful graphics and absolutely magnificent sounds and soundtrack itself, if it's not enough, you can play The Shadow of Erdtree dlc where you get bullied for many and many hours. This is Elden Ring, a game where your role is the victim. Elden ring, hra kde se budeš bavit jak jen moc budeš chtít. Hra s tolika možnými Buildy, od šikanování protivníků s basebolkou po arcimága který bude oponenty týrat s jedním kouzlem. Hra tak perfektní kde můžeš zabít 200 hodin svého času a i tak tě to bude bavit dál, a jestli je to pro tebe jednoduché, zapni si new game +7 a připrav svůj konečník na větší demolici než většina porno hereček. Tato hra samozřejmě přichází s nádhernou grafikou a naprosto úžasnými zvuky či hudbou samotnou, jestli ti to nestačí, můžeš si stále zahrát The Shadow of Erdtree dlc, kde budeš šikanován na mnoha a mnoha dalších hodin. Toto je Elden Ring, hra ve které tvá role je být oběť. Try fingers, but hole. Praise the message!"
2,1.0,ELDEN RING,benchmark,True,190.31666666666666,"Foul Tarnished, In Search of the Elden Ring. Embolden By The Flames of Ambition. Buy This Game, It's Very Fun"
2,1.0,ELDEN RING,benchmark,True,200.16666666666666,"You should play Elden ring, what an amazing game"
2,1.0,ELDEN RING,benchmark,True,930.0833333333334,"No other game has amazed me more than Elden RIng. Forget your standard rpg with quest logs, quest markers on the map, skill tree. You emark on a personal quest, free to use any available tools to overcome the many challenges. And there are plenty. So much fun to be had exploring the different ways there are to play the game. This is an open adventure where you are free to roam and carve your own path to the Elden Throne to become Elden Lord."
2,1.0,ELDEN RING,benchmark,True,37.9,"Man, what can I even say about Elden Ring. I have platinumed this game on PS4 and PS5, finally got it here on Steam cause f**k Sony. This game, to me, is quite simply the greatest video game of all time. Controls are smooth, story is fantastic, gameplay is of course difficult but seldom unfair, and there's just no way to accurately describe the feeling of venturing into the open world for the first time unless you experience it for yourself. This is an absolute must play for any gamer, although I personally didn't like the DLC (Shadow of the Erdtree) that much but the base game remains solid even after many years. Do yourself a favor and get this game, it rarely goes on sale but that hardly matters when the value you're getting far exceeds the price."
2,1.0,ELDEN RING,benchmark,True,80.13333333333334,Elden Beast is a joke of a boss. Besides that everything else about this game makes it one of the greats. One of the best gaming experiences I have had in my life.
2,1.0,ELDEN RING,benchmark,True,2120.733333333333,"Easily my favorite game of all time. Been playing since day one and I have to say this is by far one of the best games on the market. Are there issues with the game, yes of course. But I think that every game has there fair share. With Elden Ring in particular I think seemless co-op should be an implamented feature for these games as well as better cross play. Balancing is a topic often mentioned but I feel with the amount of time I have spent here I think I can saftly say that it's fair. These games are hard but once you find out how to take on the challenge it gets easier and more fun. If you're stuggling with any point in the game I think there is always a salution that can be made, And if you want some pointers I'd be glad to help you, as this again is my favorite game, of which I have spent a disgusting amount of hours in."
3,1.0,In Stars And Time,core,True,25.416666666666668,"""I DIDN'T NEED TO REDO ALL OF THAT?????"" and ""♥♥♥♥♥♥♥♥ NOW I GOTTA DO THIS ALL AGAIN"" were common phrases I said. Still peak"
3,1.0,In Stars And Time,core,True,49.766666666666666,Peak game Don't spoil yourself Just play it
3,1.0,In Stars And Time,core,True,32.5,Holy peak. Very charming and awesome
3,1.0,In Stars And Time,core,True,23.466666666666665,I super duper promise this game is PEAK. Be careful though because this one time I read a title of a book and it gave me this massive headache...
3,1.0,In Stars And Time,core,True,19.716666666666665,"Actual peak, one of the few games that I could get really emotionally invested in. The gameplay is also nice. Honestly probably the best time loop storylines I've ever seen"
3,1.0,In Stars And Time,core,True,40.05,HOLY PEAK BELL GOES DING DING
3,1.0,In Stars And Time,core,True,33.95,PEAK!!!!! PEAK GAME ABOUT TIMELOOPS RAHHH
3,1.0,In Stars And Time,core,True,36.233333333333334,ITS SO PEAK I LOVE ISAT SO MUCH
4,1.0,OneShot,positioning,True,5.616666666666666,if a single person ever calls Niko a cat I will commit a war crime
4,1.0,OneShot,positioning,True,7.85,"Game genre: Puzzle, Indie & Computer interactive Gameplay: ★★★☆☆ Graphics/Art style: ★★★★★ Story/Ambience: ★★★★★ Difficulty to play: ★☆☆☆☆ Difficulty to master: ★☆☆☆☆ Replayability: ★★★☆☆ Overall: 9.5/10 Recommended: Yes, this game is beautiful and it's replayable too because of the different endings, also Niko is such as a great character Until we meet again"
4,1.0,OneShot,positioning,True,9.95,"Probably one of the best puzzle RPGmaker games there is. The art style is IMMACULATE and the story is perfect (you might cry in the end if you're emotional). The bond you make with Niko is something you won't experience in most of the games. For the whole game experience i recommend playing the game (since there are a lot of 4th wall breaks). Like most of the Indie games, the OST is PHENOMENAL. There's no need explaining it. It just fits the game perfectly. Story - 10/10 Art style - 11/10 Gameplay - 7/10 (I'd give it more but there's a lot of wandering. Puzzles are cool though) OVERALL SCORE - 9.5/10 (And remember, Niko is not a cat :D)"
4,1.0,OneShot,positioning,True,12.35,"it's got all a game should ever need: pancakes, a [strike]cat[/strike] riding a roomba, incredible fourth wall breaks, and all who play it in tears at the end Niko is best Niko"
4,1.0,OneShot,positioning,True,7.6,niko is my favorite car
4,1.0,OneShot,positioning,True,4.65,"I recommend the game to all people, the story and puzzles are very good. And I like the idea that you don't play as Niko."
4,1.0,OneShot,positioning,True,7.133333333333334,I wont forget you Niko o7
4,1.0,OneShot,positioning,True,7.6,"Gonna keep this short and vague. The less you know about this game, the better. Beautiful game, and it was not what I expected. The art and music is stellar, almost mystical in a way. The puzzles are simple but rewarding, especially the ones that require some outside help. Overall, it was a delight to explore this world alongside Niko. Also, if you’re trans or have otherwise changed your name, the game might deadname you. Don’t worry, you can change it later. Just buy this game. It’s worth every penny, and I don’t think you could get remotely the same experience by watching someone else play it."
5,1.0,Ikenfell,core,True,22.816666666666666,"Ikenfell is a sweet little RPG I do like the game; the music is good, the story is nice. The gameplay left a bit to be desired, though. I found later-game activity to be rather frustrating and I ended up turning on easy mode; the two main grievances I have are routinely getting screwed over by the enemy party having too many turns in a row, and some actions, such as placing traps, not counting as a turn at all unless you do it. The last few sections of the game were so frustrating to me that they ended up souring the game in general a bit. I can't hold it against it too much, though: I'm not great at RPGs, and I don't like them much. Unfortunately many of the really good indie games seem to be RPGs. I'm not over the moon about this game but it's pretty good and probably worth your time, especially if you like this sort of game."
5,1.0,Ikenfell,core,True,19.033333333333335,"Ikenfell is a story-rich, wholesome game with beautiful, grounding music and a world that feels warm and inclusive, especially in how it embraces LGBTQ representation. The characters and setting are so charming that it’s hard not to wish the game would go on longer. The instant victory option was a great touch, letting the story shine without combat frustration. I would happily play any sequel, prequel, or new story set in this universe."
5,1.0,Ikenfell,core,True,12.566666666666666,"Ikenfell is a straightforward RPG on the surface, but it surprises with a touching story, character growth that feels natural, and a solid battle system. It may not be a groundbreaking adventure, yet it delivers a warm, engaging experience that is easy to appreciate."
5,1.0,Ikenfell,core,True,23.483333333333334,"Undeniably a lovely game, really wish people played this more since I barely see any sort of fanbase surrounding Ikenfell at all"
5,1.0,Ikenfell,core,True,30.75,"Reading negative reviews makes me think I played a completely different game. I know player experience may vary but I think most of the negative reviews are either too harsh or the game is just not someone's cup of tea. As for me, finally playing Ikenfell was a great decision. The battles were never tiring (enemy attacks were so well telegraphed that most of the time it was possible to get them right even on the very first try), the story was enjoyable, the humor was good and the vocalized songs were a pleasant surprise. I loved all those tiny QoL features like highlighting items that can be used outside of battle or a party member that temporarily cannot be switched out. I wholeheartedly recommend this game."
5,1.0,Ikenfell,core,True,0.25,"Ikenfell is a turn-based tactical RPG that was officially released in 2020. The story centers around a group of students at a magical academy who, while exploring their school, encounter various monsters and bosses. Unfortunately, even after all these years, the game is still only available in English and Japanese, with no plans for a Chinese translation. Some have described it as an LGBTQ+ version of Hogwarts. 《Ikenfell》是一款回合制戰略角色扮演遊戲，於2020年正式發售。遊戲的故事中心圍繞一群在魔法學院裡的學生，他們在探索自己的學校過程中，面對各種怪物、Boss。比較可惜是過了這多年，現在還是只有英文和日文，沒有打算出中文版。 有人說這是LGBTQ+霍格華茲魔法學院。"
5,1.0,Ikenfell,core,True,133.03333333333333,"A very charming story-driven RPG. Whether you connect with the characters and the story will depend on each person I think. The combat is very well designed, and feels really good even in the random encounters. It rewards careful positioning, and while the timing gimmick can start to feel tiresome after a while, each spell has a different timing to master, which keeps the combat fresh. The art can be somewhat janky at times, but the music is noteworthy and has some bangers. Overall, Ikenfell was an excellent experience, which I recommand heartily."
5,1.0,Ikenfell,core,True,24.55,"I really liked Ikenfell. The story keeps moving in different directions, and the game's art style is very cute. The combat can be kinda slow sometimes, and both attacking and defending need timed button presses and some of those timings are very precise, but there are settings that can bypass this if you want. Some of the events in the game can be kinda heavy, which I wasn't expecting because of the cute style. But the game is fun! And I did like the story, even if it did go places I didn't anticipate. Also the music is really good, like REALLY good."
6,1.0,Finding Paradise,positioning,True,4.683333333333334,"Great follow-up to To the Moon and another reminder that I really love these playable novel type games. What makes this one so fun is the mix of mystery and banter. I was always curious about what was really going on, what we were about to learn, and where the story was heading next. That kept me hooked the whole way through. At the same time, Dr. Watts and Dr. Rosalene make everything entertaining scene by scene, and Watts especially was a huge part of the fun for me with all his sarcasm, jokes, and random references. The low-friction interaction helps too, because the game stays focused on what it does best. The music and atmosphere were excellent! Now I’m really looking forward to Impostor Factory. I feel so lucky getting to play these all at once given these games originally came out years apart!"
6,1.0,Finding Paradise,positioning,True,4.6,"This is the second game in a trilogy that starts with To The Moon and ends with Impostor Factory. In my opinion, they should absolutely be played in order, so go play the first one if you haven't before even looking at this one. There's a lot of setup for the third game in this one, yet it still manages to tell a complete and satisfying story. This game also tells a much grander narrative than its predecessor, with higher quality writing. Definitely recommend it if you enjoyed the first one."
6,1.0,Impostor Factory,positioning,True,5.866666666666666,"This is the second-to-last game in the [i]To the Moon[/i] series. As with the previous titles, you can expect gorgeous pixel art, a beautiful soundtrack, expressive animations, and a lot of reading. Fortunately, the writing is top-notch. It leans far more toward a walking simulator than a traditional video game. In fact, Impostor Factory features even less player interaction than its predecessors. There are no more puzzles here at all. Instead, it focuses almost entirely on delivering its narrative. It is difficult for me to say which of the three main games I have liked the most so far. However, I can definitely say that Impostor Factory was the most emotionally impactful for me. The plot remained gripping all the way to the end, and the post-credits scene leaves plenty of room for speculation. I am glad there is still one more game left for me to play in this series. I guess I am just a sucker for these short, narrative-driven pixel art games."
6,1.0,Impostor Factory,positioning,True,4.0,"While some critics have pointed out that the story did not live to its ""true potential"", I personally think that for what it is; a story about finding meaning in an artificial world, it delivers its intended message exceptionally well. Impostor Factory doesn't need to be a complex sci-fi epic to be brilliant. It shows us that a physical reality doesn't really matter all that much. If you are feeling genuine love, grief or joy, then those emotions are 100% real to you in that moment. It's honestly my favorite so far from the series."
6,1.0,Impostor Factory,positioning,True,10.733333333333333,"Impostor Factory is interesting in that it challenges the philosophy presented in the previous games and sets up the Beach Episode for success by starting to put the hypocritical actions and beliefs of characters front and center. Also, compared to the other games, it also seems to focus a lot more closely on the emotions of the characters without them having to explicitly state how they were feeling. Characters cry and don't need to state why exactly they cry. You just know. I could notice that Kan Gao was making a clear effort to improve his writing and storytelling within Impostor Factory and, even if it isn't perfect, it still tells a cohesive story that can be enjoyed on its own. I also feel the need to pay some respects to Jordan Baer as this was the last game of the series that he was directly involved in (funny that his last game was very focused on being caught between living a normal life or a life dedicated to lighting the way for others). I hope his family is doing alright."
6,1.0,Impostor Factory,positioning,True,3.7666666666666666,"Impostor Factory is significantly different to the first two To the Moon games, and it suffers for it. Unfortunately, I would consider this one to be the weakest of the series. To be clear, it is not a bad game, and it fits as an integral piece of the whole, but the level of captivation the other games manage in me is not quite achieved. I believe this is due to the change in protagonist, as Neil and Eva have next to no presence in the bulk of the story. They were what made the other games pop, with their funny, charming dialogue contrasting with the emotional weight of the others' stories, a sort of 'chiaroscuro' effect, if you will, that was incredible. As a part of the series, this is a must-play, but on its own, it has much to be desired. 6/10"
6,1.0,Impostor Factory,positioning,True,2.933333333333333,"If you enjoy other games from this developer, you will probably enjoy Impostor Factory. It has the same emotional heart-tugging, sense of jokiness, and ""real/not-real?"" memory happenings. It has the same flawed characters doing things, unspecified ""medical condition"", and people telling you there's a big secret that they're keeping but they can't tell you what the secret is. It's difficult for me to rate this game strictly ""recommended"" or ""not recommended"" but I'll flag it as recommended since it's better than the vast majority of games I've played. I give Impostor Factory a 7 out of 10."
6,1.0,Impostor Factory,positioning,True,5.2,"[b]Impostor Factory[/b] serves as the missing link that finally brings the SigCorp saga together. While initially presented as a standalone murder mystery, it slowly reveals itself as a deeply connected narrative that ties [i]To the Moon[/i], [i]Finding Paradise[/i], and the minisodes into a single, coherent whole. What begins as an intriguing game gradually transforms into one of Kan Gao's most confident and emotionally resonant stories. Narratively, Impostor Factory feels like a return to form. The main theme is just as approachable as [i]Finding Paradise[/i] while having the same finesse in storytelling as [i]To the Moon[/i], taking the best of both worlds. The central twist was genuinely unpredictable to me, yet completely logical in hindsight, which is a very difficult balance to strike. The game also manages to expand [spoiler]Neil[/spoiler] as a character: questions that lingered across previous entries are addressed, adding layers of depth that recontextualize his behavior throughout the series. Overall, Impostor Factory feels like the perfect conclusion to a theoretical trilogy. It respects the legacy of the previous games while standing on its own, delivering one of the strongest narrative experiences in the series. [h1]The Good[/h1] + Perfectly ties together [i]To the Moon[/i], [i]Finding Paradise[/i], and the minisodes + Adds significant depth to [spoiler]Neil[/spoiler] and answers long-standing questions about him + Feels like a natural and satisfying conclusion to the trilogy + Storytelling is top tier, easily the strongest aspect of the game + Soundtrack and ambience are once again flawless + Plot twist manages to be the central piece that ties everything together while still being surprising + Baited by Kan Gao by thinking this was just a ""murder mystery thriller featuring multiple casualties"", unrelated to the past games + Still using the greatest game engine of all time, RPG Maker, to its full potential + We can finally run!! [h1]The Bad[/h1] - None. Well played. (first game I review where I have zero complaints, quite an achievement!) [i]Is it wrong if all I really wanted to be is just another lavender?[/i] [h2]10 / 10 - IGN[/h2]"
7,1.0,To the Moon,positioning,True,14.95,"To The Moon ~ tbh i played the original just for easy perfect game (achievements) and that was years ago i even forgot the story but it was great thats what i remember and then it got remastered version so i just found myself play it again i just finished it and i can say its looks simple but for me it was really worth it story so emotional nice characters , nice music , etc... i guess i will buy all freebird games because of ""To The Moon"" <3"
7,1.0,To the Moon,positioning,True,8.333333333333334,the impact this lil game had on me within the span of playing will last a lifetime. thank you FreeBirdGames. 🕊️💖
7,1.0,To the Moon,positioning,True,4.15,Peak Freebird Games making peak games.
7,1.0,Finding Paradise,positioning,True,6.05,"another masterpiece from freebird games, also the ost was amazing"
7,1.0,Finding Paradise,positioning,True,5.95,"1. This game = Super Brillent Story telling + heartwarming. 2. This game takes less than 6 hours to complete. 3. Every movement of this game is worth your time playing it. 4. For me this game was easily 10/10. (Must Play game ) 5. 100% Recommended and all the other games from ""Freebird Games"" developer."
7,1.0,Finding Paradise,positioning,True,6.233333333333333,"I definitely recommend it! I mean, I liked the storytelling, the pixel art, the art style, the game design, and the soundtrack, and I got a bit emotional :D Nothing more to say! I already played the other Freebird games... I don’t really remember ""To the Moon"" since it’s been years since the last time I played it, but I liked that one too."
7,1.0,Finding Paradise,positioning,True,5.083333333333333,"Really great game, just like the other Freebird games a very good story told in an amazing way."
7,1.0,Finding Paradise,positioning,True,4.283333333333333,Tulpa was invented in 2017 by Freebird Games.
8,1.0,Meg's Monster,core,True,6.5,"BUY THIS GAME! If you've been waiting to feel that Too the moon experience over again look no further. Pros: - The Combat is fun and brings variety - Great art style - Top Tier story Cons: - Some parts of the story are a bit slower then others - You will cry, so if you are on a no cry break it'll be over - the side mission parts were neat but kinda felt like an artificial way to not make the game feel linear. I really hope this game wins award and gets the recognition it deserves because it truly was lovely. I give it 4/4 Council Monsters."
8,1.0,To the Moon,positioning,True,15.45,"Let me start by stating that I love pixel art, rich soundtracks, and narrative-driven titles. To the Moon checks all three boxes. I first played this game in 2018. While its beautiful soundtrack stayed with me over the years, most of the plot had faded from memory. During a recent multi-hour train ride, I was scrolling through my Steam Deck library and rediscovered this gem. I decided to give it another shot, playing through both the main game and the two free ""Sigmund Minisodes"" DLCs. There is so much to love here. It’s a deeply emotional story about life, love, family, and loss, following a dying man and his late wife, alongside two doctors who rarely agree on anything but always have each other's backs when it counts. The soundtrack, in particular, is stunning and carries the weight of the narrative effortlessly. Just don't expect traditional gameplay. The experience consists almost entirely of searching for objects, clicking through environments, and solving the occasional light puzzle. It leans far closer to an interactive visual novel or walking simulator than a standard video game. Because it's relatively short, it never overstays its welcome. For me, replaying it was an absolute pleasure. The optional minisodes also add a fantastic touch, fleshing out Sigmund Corp., exploring its employees, and leaving you with a few intriguing mysteries to chew on. If you enjoy story-driven experiences with great art and music, and don't mind minimal gameplay, you owe it to yourself to give To the Moon a try."
8,1.0,To the Moon,positioning,True,5.4,"[I]To the Moon[/i] is bitter sweet pixel-adventure game about how love and live and last wishes. Its not very long, the game elements are simple but it is nicely made and a very emotional story. Definitely something for people enjoying story driven and emotional touching of games."
8,1.0,To the Moon,positioning,True,6.15,"It's an emotional game with surprisingly good world-building... The plot and music are the main attractions that will stay with you even after you finish the game... ""Then we can always regroup on the moon, silly!"""
8,1.0,To the Moon,positioning,True,4.033333333333333,"To the Moon is a story-driven point-and-click adventure with charming pixelated visuals and short length. Despite its simplistic traits, the game managed to get me hooked thanks to its beautifully crafted narrative, paired with a memorable soundtrack that greatly enhanced my emotional investment in the story and its characters. I also enjoyed the extra minisodes; while they're not nearly as emotionally impactful or thematically rich as the main game, they further develop some characters and bridge the story to the later entries in the series. I'm definitely looking forward to playing the rest of the series and seeing where the story goes next."
8,1.0,To the Moon,positioning,True,8.75,"(5/5★) To the Moon is a gorgeous story game that fully captured my attention. The characters were funny, interesting, and unique. The interactions even between side characters as well as the main two made me interested to learn more about them, why they react to certain situations the way they do, and it made me wonder what was in store in the story. Needless to say, not long after I played this game, I promptly purchased every other game in the story and have decided to play them while voicing the characters with friends as well as my darling partner. I hope we continue to see more form these creators and these characters."
8,1.0,To the Moon,positioning,True,3.3833333333333333,"To the Moon is a great interactive game with an engaging story. It will leave you thinking about the fragility of life, and remind you to be grateful for everything you do have in your life. The art style is fitting for the atmosphere, and the premise is believable enough that you feel this could happen in our lifetimes. It’s not often I sit at the end of a game and say “wow”. This game did it for me. Give this game a try. It takes 3.5-5 hours to complete and you will unlock the single achievement once you complete the game. Go in blind, and enjoy the experience."
8,1.0,To the Moon,positioning,True,6.283333333333333,"To the Moon sits in a very distinct category as far as games go. It is focused on story and emotion. The game mechanics are not important; you are not being punished for doing anything wrong during a puzzle, so leave your competitive side at the door when you press play. The game takes some ideas from Eternal Sunshine of the Spotless Mind, but it still feels original. This comparison should give away the main concept of the game. If you loved the movie, I am sure you will also love this game. The music, composed by Kan Gao, also the creator of the game, is amazing. It fits the game perfectly; it never feels boring, even if you stay in the same scene for minutes. The songs have a calming, homey feel that never becomes annoying despite their repetition. The art matches the story; it always surprises me how pixel art can show a character's emotions so well. The colours remind me of autumn, and everything feels very atmospheric. It's a beautiful game to look at. I want to underline that, as with all different mediums of art, games can also have an emotional impact, and To the Moon will work your tear ducts to the maximum. Have some tissues ready, just in case."
9,1.0,To the Moon,positioning,True,3.9166666666666665,"Great story, great music, great art, great game. Can't wait to start playing Finding Paradise."
9,1.0,Finding Paradise,positioning,True,7.366666666666666,Finding Paradise just hits me even harder than the previous one To The Moon.......The story is really well written and well executed.
9,1.0,Finding Paradise,positioning,True,4.8,"Finding Paradise was a good game but Act III kinda ""ruined"" it with all the [spoiler]action scenes and multiple fights against Faye.[/spoiler] I personally think they were unnecessary and didn't fit the game. The music and conclusion were great once again. Overall it was a good indie game, but not better than To The Moon in my opinion."
9,1.0,Finding Paradise,positioning,True,12.716666666666667,"I'm not sure why exactly I'm always hesitant to play through Finding Paradise when I go through the whole series. It could be that it's the longest entry and kind of suffers from dragging a bit in a few places compared to the extremely tight pacing of To The Moon. It could also be that I don't connect as much with Colin as I do with Johnny (of course this could change with time.) It could even be that the funny banter between Neil and Eva somewhat breaks the pacing more in this entry compared to To The Moon. Even if it is a weaker entry, Finding Paradise will still find a way to make you cry and question your own existence and relationships. It might even give you a whole new way to look at your own reality. Who knows? It's the perfect opposite side of the coin to To The Moon in more ways than one."
9,1.0,Finding Paradise,positioning,True,4.333333333333333,"It is rare that a sequel matches the quality of its predecessor and even rarer that it exceeds it. I would say that Finding Paradise is the greatest installment of the To the Moon series, with all the qualities of the first game, along with masterful handling of suspense and mystery by the writer. The theme as well is very nicely expressed, though my only criticism of the game is that it gets quite on the nose and obvious with just that toward the end; nevertheless, this is a masterpiece of video game storytelling. 9.5/10"
9,1.0,Finding Paradise,positioning,True,6.233333333333333,"I had recently replayed To the Moon and found my love of the series rekindled. I definitely have watched someone play Finding Paradise before but I couldn't really remember how it ended. Some of the scenes in this game sparked a bit of nostalgia in me and I really enjoyed playing through the story. Do have to say that I prefer the memento puzzles in the first game though, just a small gripe of mine."
9,1.0,Finding Paradise,positioning,True,7.033333333333333,"After getting my heart broken by To The Moon, I thought I was ready for its sequel, Finding Paradise. I was not. My heart is still broken all over again. Personally, I love To The Moon more because I think it have much impactful revelation in its story, but Finding Paradise still shines in its own way. [h3]STANDALONE SEQUEL[/h3] By the way, Finding paradise is a standalone sequel game for To The Moon. You dont need to play To The Moon first to understand Finding Paradise. However, I still advise you to play To The Moon first for much better experience. [h3]STORY[/h3] Finding Paradise carries a much darker theme compared to its prequel. While the storyline can be a bit predictable, the overall experience is still touching and well-written. Still managed to make me sobbing with the ending. [h3]GAMEPLAY[/h3] The gameplay is similar to its prequel. You need to interact with certain objects to establish memory links that allow you to go back in time. There are mini puzzles you need to solve every time you want to travel back in time. I appreciate the gamedev for trying to switch up the puzzles to make them different from the prequel, but personally, I prefer the old puzzles more. Spoiler: [spoiler]There is a boss fight in this game.[/spoiler] [h3]MAIN THEME[/h3] It’s hard to say much about this game without spoiling anything, but the main themes revolve around regret and acceptance. One thing I really like about this game, it kinda reveals how Sigmund Corp can be a double-edged sword. (Sigmund Corp is the company where the main characters work.) [h3]CONCLUSION[/h3] Please play this game if you want heartbreaking experience."
9,1.0,Finding Paradise,positioning,True,5.966666666666667,"[b]Finding Paradise[/b] continues SigCorp's story-driven formula by expanding on the world and characters introduced in [i]To the Moon[/i]. It once again places players in the role of Eva and Neil, navigating memories in order to fulfill a dying wish, with the focus once again set on narrative delivery rather than gameplay complexity. The structure will feel immediately familiar to anyone who has played the previous entry. The game's strongest element remains its writing. Dialogue is sharp, character-driven, and often emotionally grounded, with Eva and Neil continuing to carry much of the experience through their dynamic and interactions. The supporting cast is also well realized, and the game does a good job of fleshing out its characters through small, intimate moments. The music and atmosphere once again play a crucial role in setting the emotional tone. Overall, Finding Paradise is a high-quality narrative experience that maintains the emotional and technical standards set by [i]To the Moon[/i], even if it does not quite reach the same highs. While the story feels more predictable, the game is still a strong recommendation for fans of character-driven storytelling. [h1]The Good[/h1] + Always great to see more of Eva and Neil + Characters, dialogue, atmosphere and music are all top tier (Kan Gao is just flexing at this point lol) + RPG Maker games will always have a dear place in my heart + Navigation feels smoother, with fewer environmental elements blocking movement [h1]The Neutral[/h1] * I couldn't personally relate to the story as much - that said, the quality is still very high and I was moved at the end [h1]The Bad[/h1] - Main plot twist felt too obvious from the start [spoiler](that Feya only existed in his head)[/spoiler] - A run key is still missing - Lack of volume control options [i]All our memories are nothing but the fiction we tell ourselves[/i] [h2]9 / 10 - IGN[/h2]"
10,1.0,Baldur's Gate 3,benchmark,True,73.4,"amazing game, the best souls-like I ever played"
10,1.0,Baldur's Gate 3,benchmark,True,136.46666666666667,This game nourishes my soul in way I wouldn't thought is possible.
10,1.0,ELDEN RING,benchmark,False,352.55,This ♥♥♥♥♥♥♥♥ company is a far cry from the one who made Dark Souls 3.
10,1.0,ELDEN RING,benchmark,True,400.6666666666667,You either like it or have played it too much and forget why you like it in the first place. Not to say it doesn't have issues but this is easily one of the best souls-likes in history.
10,1.0,ELDEN RING,benchmark,True,67.01666666666667,this was the first fromsoft game i ever completed and it made me go back and play the souls series now im hooked on this style of game and struggle to find something new to play i have maybe 5000 hous across 3 platforms and i just keep playing 10/10 game for sure in my opinion.
10,1.0,ELDEN RING,benchmark,True,7.3,"So nice I bought it twice. After finishing the base game and DLC on PlayStation I decided it was time to move to some better hardware. Don't let the 7 hours playtime fool you, I've sunk at least 1,000 hours into this game. What can I say about this game that hasn't already been said a million times? This game is an undeniable masterpiece. The culmination of expert narrative construction, environmental storytelling and lore, awe inspiring vistas, mind blowing architecture, unparalleled gameplay, perfect sound design, epic score, staggering enemy variety including some of the coolest bosses in any FromSoft game to date with some of the most fascinating backstories and relationships. Not to mention an unbelievable amount of weapons, spells and armour to choose from to customise your Tarnished to your liking. The Soulsborne series has always been about overcoming adversity, and I don't think that's more present than in this game. It is genuinely overwhelming the sense of wonder and triumph this game provides, even on multiple playthroughs. I only wish I was legitimately at the 7 hour play time mark, I would love to go back and experience this all from the very beginning again, and again, and again... ad infinitum... Thank you Miyazaki and team, truly."
10,1.0,ELDEN RING,benchmark,True,155.55,"Steep learning curve at first if you haven't played a Souls game but once you get the hang of things it's a great game. Only one gripe I have about it is the way it handles capping your frames at 60fps. At times, I have to go in and change my refresh rate before loading another game or I'm capped at 60fps based on the monitors refresh rate (G-Sync enabled). A small price to pay for a decent game."
10,1.0,ELDEN RING,benchmark,True,61.96666666666667,"This is pure ART - the peak of gaming and RPG, the begining and the end. If you never played it - dont buy it - play Dark Souls then II, III and then this master piece. Dont be like me playing both games simuntaneously. Playing it hurts but wining gives you much more. Gaming experience would never be the same for me. Combat is top notch, story is great, only thing - crafting is just - meh..."
11,1.0,Meg's Monster,core,True,4.566666666666666,"beautiful pixel art, diabetes touching story, couldn’t put it down 👌👌👌"
11,1.0,Meg's Monster,core,True,3.9,"Beautiful heartwarming story, great pixel graphics and BGM, reminds me those simple gaming time."
11,1.0,In Stars And Time,core,True,74.28333333333333,"Great game, great story, good pixel art, i did fill a few frames of pixel art felt a bit off but a majority of it was very good."
11,1.0,In Stars And Time,core,True,91.21666666666667,"At the fist this game was not that fun for me until the act 2 and sometimes it was gettin' on ma nerves but JIZZ - now look at my play time . Literally I played this game 3 TIMES. seriously this is one of the best pixel art game with Contains all the emotions of Character well ""I Don't wanna say more because for spoil"
11,1.0,Small Saga,core,True,14.816666666666666,"Amazing pixel art, outstanding soundtrack, and a captivating story makes this turn-based rpg simply a joy to play. The game really gives strong vibes of many of the cRPGs of the 80s and early 90s. I think anyone that enjoys turn-based RPGs, pixel art, and the nostalgia of retro games will enjoy this game. I honestly hope they make a sequel one day to continue the adventures of Verm and his friends."
11,1.0,Small Saga,core,True,7.15,"Great Storytelling, simple gameplay, great pixelart. Overall, a great chill rpg to play on a weekend."
11,1.0,Small Saga,core,True,12.566666666666666,"Great RPG, the pixel art is some of the nicest I've seen. The story was well written, felt a little fast at some points but overall was great. For being a rather small game it has enough content to warrant a second play through, I would recommend this one."
11,1.0,Small Saga,core,True,7.6,"A charming and beautiful little story. Very in the spirit of RPGs of the late 90s and early 2000s, with truly epic pixel art scenes at times."
12,1.0,In Stars And Time,core,True,32.38333333333333,"I spent 4 straight days playing this game, averaging about 6.5 hours of playtime per day. I barely played anything else, and I am so glad I spent this time with this game. The characters are so well fleshed out, and the story is so emotionally driven."
12,1.0,Small Saga,core,True,7.116666666666666,"6-7 hour experience with all side quests done. Pretty charming experience, though the ending is a bit sudden. Mad respect for the rage ability having different lines for each enemy. The attention to detail is crazy good."
12,1.0,Small Saga,core,False,8.283333333333333,"8-9 hours to beat the game, which is okay but not great. The combat was also very, very easy, with me dying once throughout the 8-9 hours. The story was maybe a 6/10, and is quite heavy on the woke messaging."
12,1.0,Small Saga,core,True,7.45,"just beat it a bit ago, came out to I Think closer to 6 hours than 7. a ton of fun, a lot of heart, worth every penny"
12,1.0,Small Saga,core,True,12.116666666666667,wish this game where harder so I could play it for another 12 hours.
12,1.0,Ikenfell,core,True,3.8,I played for 3.8 hours and I really love this game. You really have to battle a lot and level up to beat the bosses. It is just enough of a challenge to not get you frustrated and the story is quite awesome.
12,1.0,Ikenfell,core,True,26.716666666666665,Best 28 hours spent. Great story telling and side quest. Each character has a purpose both in story and combat. Characters has person dev throughout the game. 9/10 would recommend.
12,1.0,Ikenfell,core,True,4.266666666666667,"I know it says I only played this for 4 hours, but I played and beat this on switch (over 20 hour play time) and it was a fun time. Some of the later bosses and fights can get a little more drawn out, but overall it was a fun game."
13,1.0,In Stars And Time,core,True,29.35,"Incredibly interesting take on the ""time loop"" trope, great writing featuring many heartfelt moments between memorable characters and countless funny exchanges that had me giggling and chuckling, a simple but fun turn-based combat system based on rock-paper-scissors, lovely art both for sprites and CGs, and hands-down the best depiction of time loop nihilism that I have seen, where you as the player get handed tools to speed things up which mimic the way that the main character slowly spirals into eventually seeing all the other people in the loop as characters in a play and not actual people the complete opposite to ludonarrative dissonance, this game is a great example of ludonarrative harmony play it as blind as possible 10/10"
13,1.0,In Stars And Time,core,True,42.55,"Ive personally loved evrey aspect of this game i love the mechanism of looping , how evreything turned out only critisism i would have is its a bit stupid to get infomation sometimes"
13,1.0,In Stars And Time,core,False,14.8,"[h1]In Stars In Time (or Your Guidebook To Creating Insipid Internet-Brained Mediocrity!)[/h1] In Stars And Time by insertdisc5 and published by Armor Game Studios in November 2023 is a game of utter friction, some deliberate, some clearly much less so. The game follows Siffrin, a one-eyed rogue stuck in a time loop, and his party of four other companions: Mirabelle, Bonnie, Odile and Isabeau. Together you’re trying to save the country of Vaugarde from the malaise of the mysterious “[spoiler]King[/spoiler]”, whose mysterious time corruption magic is freezing everyone in the country in place, literally stopping them in time. You (as Siffrin) need to use your wits to bring the [spoiler]King[/spoiler]’s reign of terror to an end and rescue Vaugarde and your friends, no matter how many loops it takes! This game is insipid and the overwhelmingly positive reviews boggle my mind and here is why ---------------------------------------------------------------------- [h3]The highly restrictive word count of Steam's review system didn't allow me to express my full thoughts, so here's the full review on [url=https://infinitebacklog.net/users/indietail/reviews/in-stars-and-time]Infinite Backlog[/url] or on [url=https://medium.com/@indietails/in-stars-in-time-and-you-fe9fc16a3b97?sharedUserId=indietails]Medium[/url] (this version has pictures, extra criticism and jokes) [/h3]"
13,1.0,In Stars And Time,core,True,44.45,"Really crabbin' good but also real crabbin' long. I loved the writing, and the all of the party members were really memorable. Siffrin's gradual descent into madness was probably one of the most well-written explorations of time loops I've seen, and it had me telling myself to play just ONE MORE LOOP to find the differences, the things I couldn't interact with before. I do think that Act 3 and 4 dragged on in length, but at the same time I'm not sure I would have felt the same catharsis in Act 5 and 6 if it was shorter. Unfortunately my biggest gripe with this game is the way you get the true epilogue. Not using a useless, forgettable item multiple times should not be locking me out of the conclusion of arguably the second the most important character in the game, what the hell. Overall very well worth it -- if you have the patience for it."
13,1.0,In Stars And Time,core,True,31.033333333333335,"I wish I could experience again isat I LOVED IT SO MUCH RRRAAH. I mean, like sif but instead of looping everything but myself, looping just myself so I forget yk yk"
13,1.0,In Stars And Time,core,True,24.0,"I think this game was amazing. The art is great, the story compelling (i couldn't stop playing it until i was finished even though I was in the middle of uni exams), the music got stuck in my head(although it tends to repeat...), but the thing that made me LOVE this game were the characters. Every dialogue felt real, the main cast all felt like fleshed out people who existed outside of the cutscenes, with their own problems and little worlds. They even all have different religions which I was compelled by. Siffirin's breakdown was so immersive and raw, partly because we both shared the frustration of having to go through the whole game over and over and over again (the battles felt tedious quickly but I just pushed through it, just as siffirin had to). The dynamics between the main cast were heartwarming and cozy and fleshed out the characters even more. It's one of the sweetest found families I've seen :] I think this game is underrated and you should play it!"
13,1.0,In Stars And Time,core,True,19.383333333333333,"Easily one of the best takes on a time loop in a game. The writing does a perfect job of building a sense of hopelessness and existential dread the more times you reset. The protagonist's descent into insanity is expertly told, and at times uncomfortably accurate. The main cast took a bit to grow on me but I loved them all by the end. The setting is really cool and I wish it was explored more. The combat itself is a neat concept but becomes trivial during the back half of the game (probably intentional that doesn't mean it didn't drag the pacing down for me). Overall an excellent game and deserves a place among the great indie rpgs."
13,1.0,In Stars And Time,core,True,43.416666666666664,"the universe leads, and i am so so tired of following it. there is so much more to do, i dont want to do it alone anymore, [b]i need someone, anyone, to help me.[/b] where do i even start? theres something so sweet and comforting about the conversations you get to have in this game. [spoiler]mirabelle's concerns about romance, odile's thoughts about her home and the childhood she missed out on, bonnie's fears and confusion about being cared for, isa's need to change and his lovely view of his old self.[/spoiler] i understood what they all meant and it was both a punch in the face and a warm hug. so many of these dialogues felt like real conversations ive had, and should have. siffrin is so tragic and so very special to me, i relate to his wish. i understand his loneliness, i understand his issues with his memory, i get it. [b]me too. me too. me too[/b] i heard about this from a silly post that related it to some other game's view on the universe and its a 10/10, definitely added to the list of things i wish i could replay blind because of how good the experience was. this game surpassed my expectations in every way, the gameplay loop (hah) is very fun and forgiving, the subtle changes on the dialogues, items and portraits are so so good and smart. the depiction of what someone stuck in a timeloop is feeling and thinking was really really interesting. i loved every part of this. i hope the universe keeps being kind, even if it doesnt feel like it sometimes protect queer art forever!!!! keep making beautiful beautiful things!!!!"
14,1.0,Finding Paradise,positioning,True,2.683333333333333,I'm Sean Prime and I approve of this game!
14,1.0,Baldur's Gate 3,benchmark,True,111.76666666666667,The ultimate way to experience dungeons and dragons by yourself
14,1.0,Baldur's Gate 3,benchmark,True,42.233333333333334,For any DND fan this game is great.
14,1.0,Baldur's Gate 3,benchmark,True,117.76666666666667,"This review is a little bit too late, but anyways. This was fun, and after this game I discovered DND, which also turned to be fun!"
14,1.0,Baldur's Gate 3,benchmark,True,223.01666666666668,"As someone who plays D&D almost every week, this game is the perfect D&D video game experience. I like to think tactically about my actions in D&D, and how i can reduce the enemies action pool, and this game is great for that. If you love combat in D&D, I think you'll love this game too"
14,1.0,Baldur's Gate 3,benchmark,True,420.21666666666664,"DnD, but you can play it solo and don't have to wait for that one guy to say ""sorry my 5th grandma fell down the stairs I can't make it"" and have to scrap the session"
14,1.0,Baldur's Gate 3,benchmark,True,87.35,DNFd but would still recommend this game!
14,1.0,Baldur's Gate 3,benchmark,True,23.566666666666666,"Fans of D&D and RPG games, this is a great game for you"
15,1.0,Meg's Monster,core,True,2.0,♥♥♥♥ THE STORY. IT MADE ME FEEL
15,1.0,Meg's Monster,core,True,2.6166666666666667,"Yoo monster is actually so good my friend brought me monster cause i’m 13 and ♥♥♥♥ got me high as hell like i was laughing and doing stupid stuff all over the place and my English teacher asked me why are my eyes are so red, like ♥♥♥♥♥ i’m high leave me alone 💀💀💀"
15,1.0,In Stars And Time,core,True,33.36666666666667,I hate the smell of burnt sugar
15,1.0,In Stars And Time,core,True,19.716666666666665,IM ♥♥♥♥♥♥♥ PISSED IM ♥♥♥♥♥♥♥ PISSED IM ♥♥♥♥♥♥♥ PISSED IM ♥♥♥♥♥♥♥ PISSED IM ♥♥♥♥♥♥♥ PISSED I LOST FOUR! HOURS WHAT THE HELL HAPPED :C
15,1.0,In Stars And Time,core,True,20.833333333333332,dude ♥♥♥♥♥♥♥♥♥ this game is POWERFUL
15,1.0,In Stars And Time,core,True,23.9,It's a slow burn but ♥♥♥♥ does it burn good once it gets going
15,1.0,In Stars And Time,core,True,29.133333333333333,this game is so ♥♥♥♥♥♥♥ good i cried also i want isabeau so ♥♥♥♥♥♥♥ bad please marry me oh my god please i need him more than air and water please let me put a ring on your finger please
15,1.0,In Stars And Time,core,True,22.716666666666665,I ♥♥♥♥♥♥ love this story
16,1.0,Meg's Monster,core,False,12.2,"a fairly boring VN with a light JRPG veneer, but interesting enough to complete. was going to complain more, but then realized it was developed for children, and now I feel like some sort of overgrown idiot. I want to impregnate Nancy"
16,1.0,Meg's Monster,core,True,0.65,Nice little game totally in style of Odencat's (the developer) other games. Linear adventure in the guise of a jrpg.
16,1.0,Meg's Monster,core,True,8.683333333333334,Couldn't hold back the tears at the end. JRPGs that feel so heartfelt and emotionally honest and rare these days. A must play.
16,1.0,Meg's Monster,core,True,5.083333333333333,"Wonderful game with an emotional story. Short and sweet enough that it did not overstay its welcome. Simple and easy JRPG but you definitely buy this for the Story, Character Development and Music (Vocals by Laura Shigihara) but not for its gameplay where there is very little of."
16,1.0,Meg's Monster,core,True,6.65,A short jrpg really did help get my emotions out
16,1.0,In Stars And Time,core,True,24.966666666666665,"I thought this was gonna be a silly little JRPG-style game. Now that I've finished it, easily on my top 5 games of all time."
16,1.0,In Stars And Time,core,False,0.6666666666666666,"Disclaimer: I don't think this is outright a bad game, but it just isn't for me What I thought I was getting: A JRPG with time loop mechanics and a good story What I got: A visual novel with a tiny JRPG stapled to it with extremely juvenile writing. The type of people who will enjoy this game: Fans of Undertale I made it almost an hour in and had to tap out when I realized I was falling asleep during the combat tutorial due to the CONSTANT interruptions because the game is more concerned with being quirky and HiLaRiOuS than being first and foremost: a game."
16,1.0,Small Saga,core,True,11.6,"Great lil JRPG. Visuals, music, battle system, and the characters really shine. The writing can be hit or miss and probably my biggest complaint is that the game is incredibly easy once you grasp a few simple but effective rinse-and-repeat strategies. Despite that though the game has a lot of heart and I found it compelling. The game was recently updated (June 2026) and they added some content too, here's hoping maybe a sequel is in the works!"
17,1.0,Meg's Monster,core,True,5.116666666666666,Very cute game. I loved the story-line and how much it develops the characters. Really well-made game. 10/10 would recommend
17,1.0,In Stars And Time,core,True,24.483333333333334,some dialogs in this game really cut deep... it's a 10/10 for me
17,1.0,In Stars And Time,core,True,18.566666666666666,"Wow. Story is amazing!! Gameplay is okay, i guess. 9/10!"
17,1.0,In Stars And Time,core,True,36.25,"10/10 Amazing. I don't want to say too much because this is story best experienced blind, but the characters are great, I didn't expect to like them so much. And the story itself hits close to home for me. I really should have played this sooner."
17,1.0,In Stars And Time,core,True,16.45,"Beautiful RPG, 10/10 experience that I won't be forgetting. Really loved the characters and story, and the way it was setup and executed made it really stand out."
17,1.0,In Stars And Time,core,True,33.833333333333336,"9/10. Whatever you do, don't look up anything about the game and play it knowing as little as possible about it. It just makes the experience 10 times better. The reason it's not a 10/10 for me is because I have encountered 2 achievements that have not triggered, even though I have met the requirements for them. I will update the review if I do manage to get them."
17,1.0,In Stars And Time,core,True,34.416666666666664,"pretty good game 9/10. It's not for everyone but I think it's amazing. Oh and Insert disk 5 did the art for a flavor foley song very awesome, very cool. Some of the dialogue could be a bit better in my opinion but ♥♥♥♥♥♥♥♥ is the story written incredibly well"
17,1.0,Small Saga,core,True,7.85,"Absolute master piece 10/10, the story telling is amazing and the combat system hits the spot."
18,1.0,Meg's Monster,core,True,5.016666666666667,Very cute and endearing story overall. It was short and sweet. Well worth the buy!
18,1.0,Meg's Monster,core,True,8.266666666666667,"Highly recommend, great story, told well."
18,1.0,Meg's Monster,core,True,4.95,Really liked this short story!
18,1.0,Meg's Monster,core,True,7.683333333333334,Beautifully written story from start to finish. Cannot recommend enough!
18,1.0,Ikenfell,core,True,79.31666666666666,I've played this through a couple times now. A genuinely lovely story that spoke to me a lot.
18,1.0,Ikenfell,core,True,32.083333333333336,Loved the story and everything.
18,1.0,Long Gone Days,core,True,4.433333333333334,Amazing art and compelling story with very poignant themes.
18,1.0,OneShot,positioning,True,5.316666666666666,short but one of the best stories oat : also the lore was great. i recommend
19,1.0,In Stars And Time,core,True,32.38333333333333,"Perfect ending, I have no words, just brilliant."
19,1.0,In Stars And Time,core,True,55.95,A real indie gem and an emotional rollercoaster. Super impressed with all the little details and foreshadowing... this thing has layers!!! The true ending left me utterly devastated.
19,1.0,Small Saga,core,False,6.866666666666666,"Game starts strong but then goes off on an internet fueled tangent; which I'd be more tolerant of if the story still followed through with the opening premise, but it doesn't. [spoiler]You kill no humans in this game. What a disappointment.[/spoiler]"
19,1.0,Ikenfell,core,True,15.616666666666667,"Final Update : Worse then I could have imagined. No pay off for the end. Final boss is a ""out of no where"" but also not really and it's a big let down. They gloss over any actual impact the end could have had for a non-offensive ending. If everyone in this world is gay, how do they keep the population? Come on guys, you want inclusion but you didn't actually have inclusion. That aside, the game-play is good and the only thing that carries the game. Seeing Ze and Zir is just so out of place. My theory was not correct but would have been a much better and dramatic ending, you know actual writing! Why is the last boss easier then the 2nd to last boss? The ""lost sister"" has no pay off and she doesn't deserve the happy ending she got because there was only a few scenes showing her that were there to make you think something else. I did call/predict the one twist that came true at the very very end after the credits. (Like I said predictable but also not predictable but in a very bad way) Oh and the end credits song... wow what a pile of ♥♥♥♥♥. Why did only a few of the characters get lyrics in their ""theme song""... I could go on for paragraphs but I'll stop, it's not worth my time. I never give scores but for this I have to. Story 1/10 Game-play 9/10. Update 2 : Yet it still manages to be worse. I thought it was very predictable before and it just keeps NOT surprising me because I can tell what's going to happen. Also just about every other character is just so badly written and cookie cutter forced to be ""non-conforming"" it's laughable. I mean if you want to do inclusion at least TRY and be good about it. The game-play is the ONLY reason I'm still playing. Update : Oh god the writing got worse! At least the combat is fun. Mixed so far. Most of the characters are annoying and VERY cookie cutter stereotypes. Also why is it that everyone in the game has to be LGBT? Look, I'm an ally and all but come on, not everyone is ""gender fluid"". You want inclusion, I get that, that's great. However that also means you need some other types in there too. You go all in like that and it just feels forced. Also why are kids/very young teens constantly saying someone else is cute or hot? Needless to say the writing is pretty rough. Gameplay is ok so far. Some annoying enemies."
19,1.0,Ikenfell,core,True,9.933333333333334,"Very fun game, challenging in parts which felt good, good story and characters, a lil irritated at the epilogue as I would have prefer to have some decision over the ending in regards to who and if anyone I ended up staying with (gilda > pretrissia) but ye good writing."
19,1.0,Long Gone Days,core,True,13.933333333333334,"First played this ages ago and I'm so happy it's been completed, great ending, I love Lynn"
19,1.0,OneShot,positioning,True,8.35,"I wasn't really feeling it even after finishing it....But then Solstice happened and yeah I'd firmly say it's a solid indie game. It has absorbing atmosphere , the story is tied to being really 4th wall breaking and it has some cool actual PC gimmicks you have to follow to continue with the game. Vibe was also really nice with soundtrack that complimented the whole world the entire time. That being said perhaps I've seen and read enough but I did not feel the emotional scenes all that much. Regardless of me not feeling the emotional scenes all that much , the ending of Solstice was pretty good. I liked it. 7/10"
19,1.0,OneShot,positioning,True,4.333333333333333,"It was very wholesome, though there was some parts that scared me, in the end it all makes sense"
20,1.0,In Stars And Time,core,True,42.5,probably the best game that i have played in atleast a year
20,1.0,In Stars And Time,core,True,15.4,One of the greatest games I've ever played
20,1.0,In Stars And Time,core,True,21.216666666666665,"One of the best games ive ever played, stars"
20,1.0,In Stars And Time,core,True,23.183333333333334,this is the best game ive ever played
20,1.0,In Stars And Time,core,True,22.066666666666666,"One of the best games I've ever played, ""nya""~"
20,1.0,OneShot,positioning,True,19.083333333333332,this is one of the best games ive ever played
20,1.0,OneShot,positioning,True,5.233333333333333,one of the best games i've ever played
20,1.0,OneShot,positioning,True,6.666666666666667,One of the best games I've ever played
21,1.0,Meg's Monster,core,True,6.533333333333333,you will cry. it's too good
21,1.0,Meg's Monster,core,True,8.1,"This game is a gem. It's more akin to a VN with some RPG elements, but the story is why I played it. The premise caught my eye, the music heightened the emotions and the story broke the dam behind which my tears lie. I will now and alwats hold this game close to my heart, and I hope you give it a shot too."
21,1.0,Meg's Monster,core,True,5.0,"Every moment in this game felt crafted with care. I formed an emotional attachment to each of the characters, and the story even got me to tear up at a few points. The story and music are top notch."
21,1.0,Meg's Monster,core,True,7.033333333333333,very nice game recommend for a rainny day or if you need a good cry
21,1.0,Meg's Monster,core,True,4.666666666666667,Made me cry several times. Highly recommend.
21,1.0,Meg's Monster,core,True,1.0333333333333334,"Watched Mizumiya Su played this game (The latter part of the 2nd arc) and I cried, like, ugly cried. Even though I didn't really know what is the story is all about. Watched her VOD again from the beginning of the 1st arc, I cried ugly, again. Beautiful game. At first I bought the game to support the devs but I decided to fire it up, I'm not brave enough, for now."
21,1.0,Meg's Monster,core,True,5.783333333333333,Cryin in the club rn
21,1.0,Meg's Monster,core,True,4.35,"I'm not crying, YOU'RE CRYING!"
22,1.0,Meg's Monster,core,True,3.966666666666667,"10/10 this game is funny, yet sad at the same time that it almost made me tear up, go play it! you can finish it in a day if you just play it casually"
22,1.0,In Stars And Time,core,True,38.3,this game picked me up and threw me across the room a million times. 10/10
22,1.0,In Stars And Time,core,True,30.683333333333334,"This game destroyed me. I will never recover from this. 10/10, best game ever."
22,1.0,In Stars And Time,core,True,42.56666666666667,This game has ruined me and I will never recover 10/10
22,1.0,In Stars And Time,core,True,126.36666666666666,I cant explain how much I love this game 10/10
22,1.0,In Stars And Time,core,True,44.43333333333333,"eh it was like a 2/10, bump it up to 4/10 for yaoi happy pride guys"
22,1.0,In Stars And Time,core,True,37.15,had the best panic attacks of my life while playing this game recommended 10/10
22,1.0,In Stars And Time,core,True,9.733333333333333,"Played through maybe 2/5ths of this game when I got it around a year ago, recently got it on Switch and MAN did it remind me why I was so devastated that I was too busy to continue playing it at the time. Awesome game, 10/10 I absolutely recommend, I has almost certainly altered my brain chemistry for how I want to tell stories"
23,1.0,Meg's Monster,core,True,11.75,"This is the best game I've played in years. The story is top-tier, a tearjerker if you will. The action this game built into the narrative is amazing. There are an insane number of twists and turns (some you see coming, others you don't). There are very few games I feel deeply, hell let alone write a review about, but this one touched me. Go play this, you won't be disappointed."
23,1.0,Meg's Monster,core,True,7.516666666666667,"I never do reviews I rarely do but I had to for this one: I just wanted to say, that I adored this game more than I thought i would. The characters are all very loveable and easy to get attached to! If you crave monster and human games kind of like the undertale series then this game is for sure it. I highly recommend it, and you'll cry a lot too, this game will pull your heartstrings."
23,1.0,In Stars And Time,core,True,38.71666666666667,"This game has done irreversible damage to my psyche to the degree it has literally reshaped my identity. This game is not difficult, the fights are simple enough, even an RPG hater should like this in my opinion. Ironically giving a review is difficult because so much of the game is spoiler-heavy."
23,1.0,In Stars And Time,core,True,25.05,"Apparently I still haven't reviewed this game. Alright. It's good. Like, really good. Play it. Please, I beg of you, just play it."
23,1.0,In Stars And Time,core,True,10.083333333333334,"Never wrote a game review before, but this game was too good to not get a recommendation."
23,1.0,In Stars And Time,core,True,31.8,"I'm quite bad at writing reviews but it's a pretty good game, I loved playing it! It's great on low-end PCs and any game controller!"
23,1.0,In Stars And Time,core,True,31.566666666666666,"I've never written a review for anything before, but I had to for this. This is single handedly, the best written game I've ever played. The art, the style, the music, everything about this game if incredible. I'll never forget this game, and neither will you, should you make the correct choice and play it."
23,1.0,In Stars And Time,core,True,17.016666666666666,"The game is repetitive and I hated it at first but I decided to wait a little longer before posting a review. First off I calmed down afterwards, second, the worst of the gameplay is in act 3 and it only gets better from there, and third watching the main character's sanity degrade as mine did was just so amazing. Also the art is perfect and the music is great too."
24,1.0,Small Saga,core,True,30.083333333333332,Cute and fun RPG with an interesting take on the modern world through the eyes of a rodent/animal civilzation. Now even with some harder fights via added arena battles
24,1.0,Small Saga,core,True,7.616666666666666,gay squirrels are very cool
24,1.0,Small Saga,core,True,8.916666666666666,"Fun lil game bout rodents fighting us humans, whom of which they consider to be gods"
24,1.0,Small Saga,core,True,10.85,gay rodent game + berserk references its gas
24,1.0,Small Saga,core,True,7.9,i love you woke rodent game
24,1.0,Small Saga,core,True,7.533333333333333,bisexual rat sim very good
24,1.0,Small Saga,core,True,9.783333333333333,Gay rodents against fascism. SCOTLAND FOREVER!!!!!
24,1.0,Small Saga,core,True,12.516666666666667,So many gay little rodents. I loved every minute of this story
25,1.0,Meg's Monster,core,False,5.95,"I just don't see what the hype is about. The actual gameplay is ~ 10-20 minutes. The rest is just a linear, pretty mediocre story. It becomes so incredibly tedious by the end of it, that I just started clicking without reading any of it, just to get it over with. There are many better RPG like indie stories out there that are much more worthwhile than this."
25,1.0,Meg's Monster,core,True,6.4,"This game is simply amazing, I've 100%'d it in a single afternoon in 6 hours and a half, the story is amazing, the characters are amazing, the pixel art is so good, the story is also so well paced, combat is easy but still really fun. This really feels like a ""Odencat"" game, they do amazing games, if you liked any other games from them and you liked them, then you should really give this one a try. If you want to play this as your first and you end up liking it, I recommend you to check the rest of the games! I just love the Odencat world they are making, I loved all the ""afterlife"" story that it is told in bear's restaurant and fishing paradiso, and I've love the story that it is told in snowman story. This game tells something different from the same world. I can't wait for future games with more stories about this world they have been cooking up! And I can know for sure that I'll love future games as much as the ones that I've already played. I love Odencat company and their creations as a whole!"
25,1.0,Meg's Monster,core,True,4.95,"Initially, the game didn't hook me in, but I kept playing and I'm glad I did, because it was worth the whole play-through. The mechanics are simple and familiar, and the story is well-crafted and engaging, providing a worthwhile narrative journey. It ultimately delivers a satisfying and pleasant experience."
25,1.0,Meg's Monster,core,True,4.083333333333333,It's competently made. I don't think it's for me though. It was just a nostalgia fest. Keeps cutting back to scenes that just happened a few minutes prior. Not much actual game play. Very narrative heavy.
25,1.0,Meg's Monster,core,True,10.85,"It's pretty decent. I would have liked to see more of the underworld in order to get a feel for the setting. But I think it sets out to tell the story it wants to. Fair warning the game is pretty light on gameplay and most of the battles are pretty easy, I think I died once out of apathy but outside of that it was straightforward."
25,1.0,In Stars And Time,core,True,24.083333333333332,"The story, dialogues, lore, and art are phenomenal. What holds this game back is a bare bones combat system and some mind-boggling design decisions. Many a time the game needs you to interact with a specific object or talk to a specific person in order to progress, sometimes offering vague hints, resulting in endless looping through the game until you find the thing. Doesn't matter if you've interacted with it in the past. While it ties into the themes of the story, it doesn't make it any less tedious."
25,1.0,In Stars And Time,core,True,30.35,"The dialogue in this game is so well-written that it almost overshadows its incredible worldbuilding and characters. Not only that, it uses the medium of video games excellently in order to tell its story, more than any game I have played before. I cannot recommend it enough!"
25,1.0,In Stars And Time,core,True,22.65,"While it has a cool concept and was interesting to try out, it just wasn't my cup of tea, could definitely see why people would enjoy it, it has fun characters and the ideas work pretty well in practice, may pick up at a different time for a more accurate review Edit: played it for a lot longer, game can end up feeling repetitive, but the story is really interesting and some of the scenes are really hard to watch, and not in a bad way"
26,1.0,In Stars And Time,core,True,3.8666666666666667,Omori but everyone is transgender.
26,1.0,In Stars And Time,core,True,24.8,"I love queer people I really liked the art direction and main story of the game, along with the visual of what happens when someone is forced to repeat seeing the same script of people over and over and over again My biggest gripe with the game is ironically the repetition of everything but it makes sense - Siffrin is getting so frustrated looping the same rooms over and over again, so of course you are too. Quite literally as immersive as it can get. Lovely art style, characters, interesting literal rock-paper-scissors combat, had a great time!"
26,1.0,In Stars And Time,core,True,51.93333333333333,this game was my gay and trans awakening
26,1.0,In Stars And Time,core,True,40.68333333333333,What if Evangelion were a JRPG and openly queer instead of closeted
26,1.0,In Stars And Time,core,True,31.933333333333334,if only our queer eyepatch boy were less insecure and depressed we could've saved a whole lotta time in this dank ass dungeon. very cute cast of characters tho
26,1.0,In Stars And Time,core,True,41.13333333333333,"game designed specifically for gay depressed tumblr users. if you fit this description, play this game, and then see a therapist"
26,1.0,In Stars And Time,core,True,20.816666666666666,play this game if you like gay RPG's
26,1.0,In Stars And Time,core,True,35.03333333333333,"I was going to do my usual thing of leaving dumb meme reviews, but like genuinely. This game is incredible and does something I see games rarely do especially with RPGs in terms of quality. Start strong, and get better as time goes on. I genuinely haven't even finished it and I find my sessions lasting long. It's quite wonderful. Go in knowing nothing except it will get dark and be ready for that. But also, the LGBT representation is incredible. ... oh and, big ball head."
27,1.0,Meg's Monster,core,True,3.8833333333333333,"Thanks to my friend for gifting this for my birthday! Solid game with lots of little details, excellent music, and some really sweet story. Definitely worth playing."
27,1.0,Meg's Monster,core,True,8.7,"I LOVED this game. A beautiful little character-driven RPG full of twists and turns that you will NOT see coming. You'll see some of them, but it'll also surprise you; I promise! I fell in love with all of the characters and their constantly evolving relationships with one another. Highly, HIGHLY recommended. Oh, just fantastic character designs and spritework, and a beautiful soundtrack, to boot!"
27,1.0,In Stars And Time,core,True,40.4,This is game has become my favourite game of all time! It's just an impeccable game with a moving story and incredibly well written characters. I could not recommend this game enough!
27,1.0,In Stars And Time,core,True,5.75,"Love the characters, Love the gameplay, and love the story highly recommend this game."
27,1.0,In Stars And Time,core,True,21.4,"Awesome game, I really loved the concept and playstyle. The story progression and ending were super compelling as well! Can't recommend enough"
27,1.0,In Stars And Time,core,True,38.46666666666667,"Absolutely amazing. The writing, the characters, the art, the gameplay. I really like all of it. The story stuck with me more than most games i played, glad i got to experience it."
27,1.0,In Stars And Time,core,True,32.18333333333333,"Absolutely incredible game, with an amazing concept really well exploited. The excellent writing made me go through pretty much every emotion ever (and brought me to tears more than once !!) and made the characters so charming and full of life very quickly. It's one of my favorite games ever now."
27,1.0,In Stars And Time,core,True,23.683333333333334,I LOVE this game! The story is so good and the characters are almost immediately appealing. Their dialogue an friendship is so well done! The looping gameplay was kept interesting despite the repetitive nature of it. I kinda wanna have another go at it just so that i can find the other memories and achievements.
28,1.0,Meg's Monster,core,True,5.166666666666667,Good game. Not much gameplay but nice story.
28,1.0,Meg's Monster,core,True,6.466666666666667,Simply a beautiful game with a lovely story.
28,1.0,Meg's Monster,core,True,7.966666666666667,"Watame and Korone made me play this game, it was an awesome and emotional story! Loved it."
28,1.0,In Stars And Time,core,True,20.283333333333335,An incredible story attached to an amazing RPG.
28,1.0,In Stars And Time,core,True,22.1,"Interesting plot, and gameplay that supports the story."
28,1.0,In Stars And Time,core,True,38.68333333333333,omg best game/story ever if you havent played this WHAT ARE YOU DOINGGGG
28,1.0,In Stars And Time,core,True,25.4,Great story and great RPG.
28,1.0,Small Saga,core,True,12.166666666666666,one of myfav games of all time great story
29,1.0,Meg's Monster,core,True,4.016666666666667,Great short little rpg that really hits you in the feels. I think this is one I will find myself thinking about frequently.
29,1.0,In Stars And Time,core,True,18.1,ARO REP? IN AN RPGMAKER GAME? NOW THATS THE COOLEST THING I'VE EVER SEEN!!!!!!!!!!!!!!!!!!!!
29,1.0,In Stars And Time,core,True,35.0,"Genuinely the best RPG i've EVER played, I highly recommend it to those who are a fan of this genre!!"
29,1.0,In Stars And Time,core,True,19.3,"Fantastic lil RPG, one of my favorite games of all time now."
29,1.0,In Stars And Time,core,True,38.53333333333333,one of the greatest rpg maker games
29,1.0,In Stars And Time,core,True,31.6,One of the best RPGs I've played! Highly reccomend!
29,1.0,Small Saga,core,True,4.016666666666667,"wonderfully written,old school isometric rpg. characters and storytelling is top notch needed something a little different and this hits the mark really well."
29,1.0,Small Saga,core,True,0.08333333333333333,An RPG that reminds me a lot of the Borrowers. Also maybe a little bit of Honey I shrunk the Kids. Pretty decent and now with the addition of Achievements it's all the better!
30,1.0,Meg's Monster,core,True,9.366666666666667,"Pretty cool game. Adorable characters, heartwarming story. The gameplay is entirely narrative-driven. Combat is not very challenging, but keeps itself fresh and entertaining. Very much recommended."
30,1.0,Meg's Monster,core,True,5.383333333333334,"Friend got this for me as a joke due to me getting them a game with their name in it, ended up absolutely enjoying the experience. The game is rather simple, combat is not excessively complicated. But that is not where this game shines. The game shines more in the layering of their storytelling with battle mechanics. The game is tagged as linear, and yes... it is VERY linear in terms of progression on what you are doing. If you're interested in the story, it is worth the pick up."
30,1.0,Meg's Monster,core,True,7.083333333333333,"Tentative recommendation. I like the story they're trying to tell more than how it's actually told. It's a nice sentiment, really, but it needs more polish and consideration. The story aside, the combat system lacks any meaningful depth and and the game is entirely linear despite occasionally appearing otherwise. As such, systems like the world map don't really serve any purpose."
30,1.0,Meg's Monster,core,True,4.2,"Very cute and wholesome game. Made me tear up a couple of times while playing. It has a beautiful and meaningful story with plenty of relatable or touching moments. The combat is very simple and was easy for me to figure out. It took me about 4 hours to play through the game and side quests. Worth a purchase, especially if it is on sale. :)"
30,1.0,Meg's Monster,core,True,0.7166666666666667,"A fun narrative-driven game, I'm enjoying it so far. The combat is more scripted than I expected, resembling one-time puzzles as opposed to actual fights in any other RPG, but at least so far they work very well to further the story itself, which is great."
30,1.0,Meg's Monster,core,True,4.283333333333333,"Beautiful story, beautiful game. I wish there was a more combat and it felt like it definitely could've benefited from being longer, but the overall experience? Absolutely beautiful."
30,1.0,Meg's Monster,core,True,7.55,"An exceptionally cute and sickly sweet game worth the experience tenfold~ If you're coming into this looking for more in-depth combat or gameplay that are as strong as the story itself, you might be a bit disappointed, but the story and characters alike are where the biggest heart of the of the game is from. Treat it more like diving into a visual novel or interactive movie, and you're in for a wonderfully charming story"
30,1.0,Meg's Monster,core,True,7.116666666666666,"A short and sweet experience. Although the battles are fairly easy, the story... Oh my, my heart was being played like a fiddle."
31,1.0,Meg's Monster,core,True,4.75,[b] 5 Point review [/b] 5 pros and 5 cons. Thumbs up or down is just my personal like or dislike of the game. Pro [list] [*] A genuinely emotional story that will hit many in the feels. [*] Fun combat that is more puzzle/story then typical turn based combat. [*] Simply great pixel art perfect for smaller screens and the steam deck. [*] A short adventure that doesnt over stay its welcome without dlc coming in at about 5 hours give or take an hour. [*] Achievements are nearly all story based but upon beating the game chapter select lets you go back if skipped a side content. [/list] Con [list] [*] While the combat feels very undertaleish it never goes far enough with it. [*] The story uses a odd plot device to give a connecting point rather then doing a good and bad ending based on actions or choices. [*] While it has a lot of varied gameplay this is a heavy dialogue story which will not be for everyone. [*] While the music goes from good to decent in range there simply isn't enough to give the bigger story fights enough to highlight them. [*] The price point is a tad high for what it takes to 100% the game but it has been in bundles before making it easier to recommend. [/list]
31,1.0,Meg's Monster,core,True,3.566666666666667,"Overall I enjoyed the experience I had playing this game, though it was different than I expected it to be. I think anyone going into this should expect it be more like a visual novel than anything else. I feel like it's got something it's trying to be but doesn't really hit the mark. The art style and music aren't quite cozy and the dialogue goes from nearing cringe territory to quite hard hitting. The end gets very long as it repeats the scenes over and over again with slight variations and I didn't totally feel like it had been earned yet. I've seen other reviews complaining that the story is very linear, but I don't see that as a negative. Not every story needs explorations and million different endings and a billion things to do. If you want to play those games, then avoid this one and go play those. The combat only gets interesting in the end-game. It feels like it was added on and not intended for this game. I did find the mechanics a bit interesting but for the most part it's pretty simple to sort out a strategy that works most of the time. When they started throwing new things at me in the end-game it only took two or three tried to get the right combo/luck."
31,1.0,Meg's Monster,core,False,7.933333333333334,"A heartfelt story that visually might be very reminiscent of another game that features monster and human tensions, but it stands out with a nice focus on a set main cast that I couldn't help but just adore. Pretty good Pixel art, nice colour palettes that set the mood. With a mix of overworld sprites and more detailed combat sprites, the latter while not being the most animated compared to the former, I welcomed them to break the story from time to time. Combat. Every fight being unique, going the route of every fight is a boss rather than a random enemy. Most if not all of the fights have a unique THING going on to try and not be a repetitive turn based game, this is more expanded on in later fights Beautiful soundtrack, hitting the right notes in the correct places, though I felt it's a little limited and not too memorable, but that's purely personal. The combat feels a little tagged on, while there is variety in the enemies you typically only fight once, game overs tend to fall down to extremely bad luck since you are on a linear path with no real options besides your established mechanics. How the player avoids a game over, I'd say it's at least unique, so a bonus for that. Despite having a world map, the game is purely linear (you are pretty much locked into your linear route too) With no real reason to explore any place further outside of areas being no more than 2-3 rooms large at most points. Side quests don't really add much bulk to the game play or plot, with one side quest being awkwardly placed tone wise and the other being multiple side quests that seem almost shoe-horned in to bulk up the plot and twist (or someone just REALLY liked a certain character idk lol) While I think the ending is certainly a nice one, some elements of the plot and characters could've been explored more, the setting of the world REALLY should've been explored more, certain plot points I have either missed or the game didn't bother to tell me. (If it's left up to interpretation then that's totally fine) I feel the game could've just been MORE that what it already is if it was given more time to work on rather than a nice little shortened story to get done in a few hours. Despite what I feel, I do think it was a cute little game, However I would REALLY recommend one buys it SUPER discounted or just watch someone else play it, you will both share the same experience. I just don't think the price is worth a 5-7 hour experience. I'd like to recommend it but it's just lacking in content and replayability."
31,1.0,Meg's Monster,core,True,6.333333333333333,"A heartwarming story, I cried. Twice. It'll feel good. Keep in mind two things if you come to play this game. First is that this is more of a visual novel than an RPG. I wouldn't call the combat system shallow, in that it's not a button masher and you will have to think. but don't expect deep combat. Approach each fight like a puzzle. The second thing is the story gets... I wouldn't say convoluted. But it does get a little dense, the same way a peanut butter is packed with calories; you might not realize how filling it is if you're not paying attention. The last 3rd of the story gets pretty bizarre to follow, and may require to suspend some disbelief. You'll have to take the game's word that sometimes there's a little magic that just goes unexplained in the world."
31,1.0,In Stars And Time,core,True,64.56666666666666,"Playing this game was an experience I will never forget! :D The art and music draws you in, but the comradery between Isabeau, Odile, Mirabelle, Bonnie, and Siffrin as well as the twists and turns along the way keep you locked in. I had so much fun just reading the dialogue between characters. So much humor and charm behind nearly every interaction, even with the people in the town. Their friendship is an anchor in a world of chaos, and it's so wholesome despite the pressure they faced. I also liked how the battle system was based on rock. paper, scissors, even if it did make combat less complex as a turn-based game. My only gripe with the battle system was how tedious it became to battle over the course of the game. I eventually found an item that allowed me to circumvent some of the tediousness which was nice. My main complaint with the game is that there are certain parts that feel unnecessarily frustrating and difficult to complete. I would say Act 4 gave me the most trouble and I actually had to go through a walkthrough twice in order to finally pass it. The story, characters, art, and music make it worth it but it does feel a little too much at certain points even if I understand it relates to a core part of the story. I highly recommend this game! This is one of those games that can change your life by playing. I will never forget my buddies Siffrin, Odile, Isabeau, Mirabelle, and Bonnie ; u; <3"
31,1.0,In Stars And Time,core,True,18.5,"If there one characteristic I'm certain on, In Stars And Time's writing takes out many dialogue flourishes and facial expressions to make the characters WORK, especially across many, many, many, loops. Those interactions changing across the loops is how I see this story suits itself to a game. On the flipside, I not so sure I felt like gameplay should really take this long, owning to how combat is ""required"" with a certain fast traveling resource that feels somehow separate from the story, and yet is part of the story. I suppose that resource is just-- not gelling with the story in a game technical sense. I suppose, the story doesn't have much interactions with that resource outside of the resource being used to force the player to battle enemies? Except, enemies aren't *the* problem, rather it is the environment that acts as the challenge posed by the story. Enemies are just there, with very little interactions compared to the environment. With that said, I enjoyed In Stars And Times for bringing out these lovable dorks of main party, and an excellent showcase of dialogue tricks... Oh, I suppose I should say the game does a lot with very little in regards to maps & music. Classic pitch shifting, hahaha!"
31,1.0,Small Saga,core,True,11.116666666666667,"This is a really good game and I'd recommend giving it a chance! The story is good, even if it is somewhat predictable. The characters were mostly likeable. The combat is turn-based with a simple yet fun action cost economy. You can somewhat customize your party with their own individual skill tree that you can change on the fly, and for free, to fit the situation you are in or just prefer. There are no random encounters in the traditional sense, all fights are set which, to me, gives off a DnD-esque feel. My only real criticism would be that I wanted the game to be longer, more side areas to explore, as the game felt short. Don't get me wrong, the game doesn't feel rushed but I just wanted more."
31,1.0,Small Saga,core,True,10.083333333333334,"Very solid and fun RPG. Characters are lovable with cute designs and great writing with fun moments for all of the main party members and their various acquaintances. The game also does not hide its inspirations at all which can be pretty funny (such as the buff that the main character can apply to themselves after the prologue lol) It is a bit on the shorter side for an RPG, but it also doesn't waste your time with any grinding or tedious sidequests. Every fight you get into is relevant to the main story at hand, and you usually only have a handful of fights before you get to the next big Boss Fight. And the Bosses are universally really fun, usually sporting their own unique gimmicks to set each of those fights apart from each other. The side quests that do exist are few, but again, they don't waste your time and are very fun individual quests. The levelup system is also pretty simple too, but it gives you a good few ways to lean each of the characters in different directions. So I do feel like there's a good bit of agency. And I also love how the item system works, where once you get a consumable that can heal you or cure a status effect or something, you can just equip it to a party member, and then that person can always use that item once per fight, so you don't have to worry about running out of them or anything like that. My one complaint about the game is that I felt like by the end I got a bit too powerful for the game to handle. If you do all of the sidequests to unlock everyone's ultimate abilities, you can kinda become absurdly unstoppable and as a result the final boss was a little underwhelming since I was able to just blow right through it while barely taking any damage to my party. Other than that, like I said the game is fairly short, and I certainly wouldn't have complained if there were maybe 1 or 2 more seasons worth of content with a couple more story arcs to go through, but when my biggest complaint with a game is that I want more of it, that's usually a good sign. Overall very much worth the price of admission, and in many ways I think is also a good intro RPG to the genre if you're not as familiar with its conventions. But even as a long time fan of RPGs I still loved what it had to offer."
